Module,Path,baseline,node22,node20,node18,bun,deno,workerd,wranglerUnenv
,,,22.14.0,4.5.1,1.2.0,2.2.8,d3cd504
*globals*,*self*,supported,supported,supported,supported,supported,supported
*globals*,AbortController,supported,supported,supported,supported,supported,supported
*globals*,AbortSignal,supported,supported,supported,supported,supported,supported
*globals*,AggregateError,supported,supported,supported,supported,supported,supported
*globals*,Array,supported,supported,supported,supported,supported,supported
*globals*,ArrayBuffer,supported,supported,supported,supported,supported,supported
*globals*,Atomics.*self*,supported,supported,supported,supported,supported,supported
*globals*,Atomics.add,supported,supported,supported,supported,supported,supported
*globals*,Atomics.and,supported,supported,supported,supported,supported,supported
*globals*,Atomics.compareExchange,supported,supported,supported,supported,supported,supported
*globals*,Atomics.exchange,supported,supported,supported,supported,supported,supported
*globals*,Atomics.isLockFree,supported,supported,supported,supported,supported,supported
*globals*,Atomics.load,supported,supported,supported,supported,supported,supported
*globals*,Atomics.notify,supported,supported,supported,supported,supported,supported
*globals*,Atomics.or,supported,supported,supported,supported,supported,supported
*globals*,Atomics.store,supported,supported,supported,supported,supported,supported
*globals*,Atomics.sub,supported,supported,supported,supported,supported,supported
*globals*,Atomics.wait,supported,supported,supported,supported,supported,supported
*globals*,Atomics.waitAsync,supported,supported,supported,supported,supported,supported
*globals*,Atomics.xor,supported,supported,supported,supported,supported,supported
*globals*,BigInt,supported,supported,supported,supported,supported,supported
*globals*,BigInt64Array,supported,supported,supported,supported,supported,supported
*globals*,BigUint64Array,supported,supported,supported,supported,supported,supported
*globals*,Blob,supported,supported,supported,supported,supported,supported
*globals*,Boolean,supported,supported,supported,supported,supported,supported
*globals*,BroadcastChannel,supported,supported,unsupported,supported,unsupported,unsupported
*globals*,Buffer,supported,supported,supported,supported,unsupported,unsupported
*globals*,ByteLengthQueuingStrategy,supported,supported,supported,supported,supported,supported
*globals*,CompressionStream,supported,supported,supported,unsupported,supported,supported
*globals*,CountQueuingStrategy,supported,supported,supported,supported,supported,supported
*globals*,Crypto,supported,supported,supported,supported,supported,unsupported
*globals*,CryptoKey,supported,supported,supported,supported,supported,unsupported
*globals*,CustomEvent,supported,supported,supported,supported,supported,supported
*globals*,DOMException,supported,supported,supported,supported,supported,supported
*globals*,DataView,supported,supported,supported,supported,supported,supported
*globals*,Date,supported,supported,supported,supported,supported,supported
*globals*,DecompressionStream,supported,supported,supported,unsupported,supported,supported
*globals*,Error,supported,supported,supported,supported,supported,supported
*globals*,EvalError,supported,supported,supported,supported,supported,supported
*globals*,Event,supported,supported,supported,supported,supported,supported
*globals*,EventTarget,supported,supported,supported,supported,supported,supported
*globals*,File,supported,supported,supported,supported,supported,supported
*globals*,FinalizationRegistry,supported,supported,unsupported,supported,supported,supported
*globals*,Float32Array,supported,supported,supported,supported,supported,supported
*globals*,Float64Array,supported,supported,supported,supported,supported,supported
*globals*,FormData,supported,supported,supported,supported,supported,supported
*globals*,Function,supported,supported,supported,supported,supported,supported
*globals*,Headers,supported,supported,supported,supported,supported,supported
*globals*,Infinity,supported,supported,supported,supported,supported,supported
*globals*,Int16Array,supported,supported,supported,supported,supported,supported
*globals*,Int32Array,supported,supported,supported,supported,supported,supported
*globals*,Int8Array,supported,supported,supported,supported,supported,supported
*globals*,Intl.*self*,supported,supported,supported,supported,supported,supported
*globals*,Intl.Collator,supported,supported,supported,supported,supported,supported
*globals*,Intl.DateTimeFormat,supported,supported,supported,supported,supported,supported
*globals*,Intl.DisplayNames,supported,supported,supported,supported,supported,supported
*globals*,Intl.ListFormat,supported,supported,supported,supported,supported,supported
*globals*,Intl.Locale,supported,supported,supported,supported,supported,supported
*globals*,Intl.NumberFormat,supported,supported,supported,supported,supported,supported
*globals*,Intl.PluralRules,supported,supported,supported,supported,supported,supported
*globals*,Intl.RelativeTimeFormat,supported,supported,supported,supported,supported,supported
*globals*,Intl.Segmenter,supported,supported,supported,supported,supported,supported
*globals*,Intl.getCanonicalLocales,supported,supported,supported,supported,supported,supported
*globals*,Intl.supportedValuesOf,supported,supported,supported,supported,supported,supported
*globals*,Iterator,supported,supported,supported,supported,supported,supported
*globals*,JSON.*self*,supported,supported,supported,supported,supported,supported
*globals*,JSON.isRawJSON,supported,supported,supported,supported,supported,supported
*globals*,JSON.parse,supported,supported,supported,supported,supported,supported
*globals*,JSON.rawJSON,supported,supported,supported,supported,supported,supported
*globals*,JSON.stringify,supported,supported,supported,supported,supported,supported
*globals*,Map,supported,supported,supported,supported,supported,supported
*globals*,Math.*self*,supported,supported,supported,supported,supported,supported
*globals*,Math.E,supported,supported,supported,supported,supported,supported
*globals*,Math.LN10,supported,supported,supported,supported,supported,supported
*globals*,Math.LN2,supported,supported,supported,supported,supported,supported
*globals*,Math.LOG10E,supported,supported,supported,supported,supported,supported
*globals*,Math.LOG2E,supported,supported,supported,supported,supported,supported
*globals*,Math.PI,supported,supported,supported,supported,supported,supported
*globals*,Math.SQRT1_2,supported,supported,supported,supported,supported,supported
*globals*,Math.SQRT2,supported,supported,supported,supported,supported,supported
*globals*,Math.abs,supported,supported,supported,supported,supported,supported
*globals*,Math.acos,supported,supported,supported,supported,supported,supported
*globals*,Math.acosh,supported,supported,supported,supported,supported,supported
*globals*,Math.asin,supported,supported,supported,supported,supported,supported
*globals*,Math.asinh,supported,supported,supported,supported,supported,supported
*globals*,Math.atan,supported,supported,supported,supported,supported,supported
*globals*,Math.atan2,supported,supported,supported,supported,supported,supported
*globals*,Math.atanh,supported,supported,supported,supported,supported,supported
*globals*,Math.cbrt,supported,supported,supported,supported,supported,supported
*globals*,Math.ceil,supported,supported,supported,supported,supported,supported
*globals*,Math.clz32,supported,supported,supported,supported,supported,supported
*globals*,Math.cos,supported,supported,supported,supported,supported,supported
*globals*,Math.cosh,supported,supported,supported,supported,supported,supported
*globals*,Math.exp,supported,supported,supported,supported,supported,supported
*globals*,Math.expm1,supported,supported,supported,supported,supported,supported
*globals*,Math.floor,supported,supported,supported,supported,supported,supported
*globals*,Math.fround,supported,supported,supported,supported,supported,supported
*globals*,Math.hypot,supported,supported,supported,supported,supported,supported
*globals*,Math.imul,supported,supported,supported,supported,supported,supported
*globals*,Math.log,supported,supported,supported,supported,supported,supported
*globals*,Math.log10,supported,supported,supported,supported,supported,supported
*globals*,Math.log1p,supported,supported,supported,supported,supported,supported
*globals*,Math.log2,supported,supported,supported,supported,supported,supported
*globals*,Math.max,supported,supported,supported,supported,supported,supported
*globals*,Math.min,supported,supported,supported,supported,supported,supported
*globals*,Math.pow,supported,supported,supported,supported,supported,supported
*globals*,Math.random,supported,supported,supported,supported,supported,supported
*globals*,Math.round,supported,supported,supported,supported,supported,supported
*globals*,Math.sign,supported,supported,supported,supported,supported,supported
*globals*,Math.sin,supported,supported,supported,supported,supported,supported
*globals*,Math.sinh,supported,supported,supported,supported,supported,supported
*globals*,Math.sqrt,supported,supported,supported,supported,supported,supported
*globals*,Math.tan,supported,supported,supported,supported,supported,supported
*globals*,Math.tanh,supported,supported,supported,supported,supported,supported
*globals*,Math.trunc,supported,supported,supported,supported,supported,supported
*globals*,MessageChannel,supported,supported,unsupported,supported,supported,supported
*globals*,MessageEvent,supported,supported,supported,supported,supported,supported
*globals*,MessagePort,supported,supported,unsupported,supported,supported,supported
*globals*,NaN,supported,supported,supported,supported,supported,supported
*globals*,Navigator,supported,supported,supported,unsupported,supported,unsupported
*globals*,Number,supported,supported,supported,supported,supported,supported
*globals*,Object,supported,supported,supported,supported,supported,supported
*globals*,Performance,supported,supported,supported,supported,supported,supported
*globals*,PerformanceEntry,supported,supported,supported,supported,supported,supported
*globals*,PerformanceMark,supported,supported,supported,supported,supported,supported
*globals*,PerformanceMeasure,supported,supported,supported,supported,supported,supported
*globals*,PerformanceObserver,supported,supported,supported,supported,unsupported,unsupported
*globals*,PerformanceObserverEntryList,supported,supported,supported,supported,unsupported,unsupported
*globals*,PerformanceResourceTiming,supported,supported,supported,supported,unsupported,unsupported
*globals*,Promise,supported,supported,supported,supported,supported,supported
*globals*,Proxy,supported,supported,supported,supported,supported,supported
*globals*,RangeError,supported,supported,supported,supported,supported,supported
*globals*,ReadableByteStreamController,supported,supported,supported,supported,supported,supported
*globals*,ReadableStream,supported,supported,supported,supported,supported,supported
*globals*,ReadableStreamBYOBReader,supported,supported,supported,supported,supported,supported
*globals*,ReadableStreamBYOBRequest,supported,supported,supported,supported,supported,supported
*globals*,ReadableStreamDefaultController,supported,supported,supported,supported,supported,supported
*globals*,ReadableStreamDefaultReader,supported,supported,supported,supported,supported,supported
*globals*,ReferenceError,supported,supported,supported,supported,supported,supported
*globals*,Reflect.*self*,supported,supported,supported,supported,supported,supported
*globals*,Reflect.apply,supported,supported,supported,supported,supported,supported
*globals*,Reflect.construct,supported,supported,supported,supported,supported,supported
*globals*,Reflect.defineProperty,supported,supported,supported,supported,supported,supported
*globals*,Reflect.deleteProperty,supported,supported,supported,supported,supported,supported
*globals*,Reflect.get,supported,supported,supported,supported,supported,supported
*globals*,Reflect.getOwnPropertyDescriptor,supported,supported,supported,supported,supported,supported
*globals*,Reflect.getPrototypeOf,supported,supported,supported,supported,supported,supported
*globals*,Reflect.has,supported,supported,supported,supported,supported,supported
*globals*,Reflect.isExtensible,supported,supported,supported,supported,supported,supported
*globals*,Reflect.ownKeys,supported,supported,supported,supported,supported,supported
*globals*,Reflect.preventExtensions,supported,supported,supported,supported,supported,supported
*globals*,Reflect.set,supported,supported,supported,supported,supported,supported
*globals*,Reflect.setPrototypeOf,supported,supported,supported,supported,supported,supported
*globals*,RegExp,supported,supported,supported,supported,supported,supported
*globals*,Request,supported,supported,supported,supported,supported,supported
*globals*,Response,supported,supported,supported,supported,supported,supported
*globals*,Set,supported,supported,supported,supported,supported,supported
*globals*,SharedArrayBuffer,supported,supported,supported,supported,supported,supported
*globals*,String,supported,supported,supported,supported,supported,supported
*globals*,SubtleCrypto,supported,supported,supported,supported,supported,unsupported
*globals*,Symbol,supported,supported,supported,supported,supported,supported
*globals*,SyntaxError,supported,supported,supported,supported,supported,supported
*globals*,TextDecoder,supported,supported,supported,supported,supported,supported
*globals*,TextDecoderStream,supported,supported,supported,supported,supported,supported
*globals*,TextEncoder,supported,supported,supported,supported,supported,supported
*globals*,TextEncoderStream,supported,supported,supported,supported,supported,supported
*globals*,TransformStream,supported,supported,supported,supported,supported,supported
*globals*,TransformStreamDefaultController,supported,supported,supported,supported,supported,supported
*globals*,TypeError,supported,supported,supported,supported,supported,supported
*globals*,URIError,supported,supported,supported,supported,supported,supported
*globals*,URL,supported,supported,supported,supported,supported,supported
*globals*,URLSearchParams,supported,supported,supported,supported,supported,unsupported
*globals*,Uint16Array,supported,supported,supported,supported,supported,supported
*globals*,Uint32Array,supported,supported,supported,supported,supported,supported
*globals*,Uint8Array,supported,supported,supported,supported,supported,supported
*globals*,Uint8ClampedArray,supported,supported,supported,supported,supported,supported
*globals*,WeakMap,supported,supported,supported,supported,supported,supported
*globals*,WeakRef,supported,supported,unsupported,supported,supported,supported
*globals*,WeakSet,supported,supported,supported,supported,supported,supported
*globals*,WebAssembly.*self*,supported,supported,supported,supported,supported,supported
*globals*,WebAssembly.CompileError,supported,supported,supported,supported,supported,supported
*globals*,WebAssembly.Exception,supported,supported,supported,supported,supported,supported
*globals*,WebAssembly.Global,supported,supported,supported,supported,supported,supported
*globals*,WebAssembly.Instance,supported,supported,supported,supported,supported,supported
*globals*,WebAssembly.JSTag.*self*,supported,supported,supported,unsupported,supported,supported
*globals*,WebAssembly.LinkError,supported,supported,supported,supported,supported,supported
*globals*,WebAssembly.Memory,supported,supported,supported,supported,supported,supported
*globals*,WebAssembly.Module,supported,supported,supported,supported,supported,supported
*globals*,WebAssembly.RuntimeError,supported,supported,supported,supported,supported,supported
*globals*,WebAssembly.Table,supported,supported,supported,supported,supported,supported
*globals*,WebAssembly.Tag,supported,supported,supported,supported,supported,supported
*globals*,WebAssembly.compile,supported,supported,supported,supported,supported,supported
*globals*,WebAssembly.compileStreaming,supported,supported,unsupported,unsupported,supported,supported
*globals*,WebAssembly.instantiate,supported,supported,supported,supported,supported,supported
*globals*,WebAssembly.instantiateStreaming,supported,supported,unsupported,unsupported,supported,supported
*globals*,WebAssembly.validate,supported,supported,supported,supported,supported,supported
*globals*,WebSocket,supported,supported,supported,supported,supported,unsupported
*globals*,WritableStream,supported,supported,supported,supported,supported,supported
*globals*,WritableStreamDefaultController,supported,supported,supported,supported,supported,supported
*globals*,WritableStreamDefaultWriter,supported,supported,supported,supported,supported,supported
*globals*,atob,supported,supported,supported,supported,supported,supported
*globals*,btoa,supported,supported,supported,supported,supported,supported
*globals*,clearImmediate,supported,supported,supported,supported,unsupported,unsupported
*globals*,clearInterval,supported,supported,supported,supported,supported,supported
*globals*,clearTimeout,supported,supported,supported,supported,supported,supported
*globals*,console.*self*,supported,supported,supported,supported,supported,supported
*globals*,console.Console,supported,supported,supported,supported,supported,unsupported
*globals*,console._ignoreErrors,supported,supported,supported,unsupported,unsupported,unsupported
*globals*,console._stderr.*self*,supported,supported,supported,supported,supported,unsupported
*globals*,console._stderr._bytesDispatched,supported,supported,unsupported,unsupported,unsupported,unsupported
*globals*,console._stderr._closeAfterHandlingError,supported,supported,unsupported,unsupported,unsupported,unsupported
*globals*,console._stderr._connecting,supported,supported,unsupported,unsupported,unsupported,unsupported
*globals*,console._stderr._destroy,supported,supported,supported,supported,supported,unsupported
*globals*,console._stderr._events,supported,supported,supported,supported,supported,unsupported
*globals*,console._stderr._eventsCount,supported,supported,supported,supported,supported,unsupported
*globals*,console._stderr._final,supported,supported,unsupported,unsupported,unsupported,unsupported
*globals*,console._stderr._getpeername,supported,supported,unsupported,unsupported,unsupported,unsupported
*globals*,console._stderr._getsockname,supported,supported,unsupported,unsupported,unsupported,unsupported
*globals*,console._stderr._hadError,supported,supported,unsupported,unsupported,unsupported,unsupported
*globals*,console._stderr._handle,supported,supported,unsupported,unsupported,unsupported,unsupported
*globals*,console._stderr._host,supported,supported,unsupported,unsupported,unsupported,unsupported
*globals*,console._stderr._isStdio,supported,supported,unsupported,supported,supported,unsupported
*globals*,console._stderr._maxListeners,supported,supported,supported,supported,supported,unsupported
*globals*,console._stderr._onTimeout,supported,supported,unsupported,unsupported,unsupported,unsupported
*globals*,console._stderr._parent,supported,supported,unsupported,unsupported,unsupported,unsupported
*globals*,console._stderr._pendingData,supported,supported,unsupported,unsupported,unsupported,unsupported
*globals*,console._stderr._pendingEncoding,supported,supported,unsupported,unsupported,unsupported,unsupported
*globals*,console._stderr._read,supported,supported,unsupported,unsupported,unsupported,unsupported
*globals*,console._stderr._readableState,supported,supported,unsupported,unsupported,unsupported,unsupported
*globals*,console._stderr._reset,supported,supported,unsupported,unsupported,unsupported,unsupported
*globals*,console._stderr._server,supported,supported,unsupported,unsupported,unsupported,unsupported
*globals*,console._stderr._sockname,supported,supported,unsupported,unsupported,unsupported,unsupported
*globals*,console._stderr._type,supported,supported,unsupported,supported,unsupported,unsupported
*globals*,console._stderr._undestroy,supported,supported,supported,supported,supported,unsupported
*globals*,console._stderr._unrefTimer,supported,supported,unsupported,unsupported,unsupported,unsupported
*globals*,console._stderr._writableState,supported,supported,supported,supported,supported,unsupported
*globals*,console._stderr._write,supported,supported,supported,supported,supported,unsupported
*globals*,console._stderr._writeGeneric,supported,supported,unsupported,unsupported,unsupported,unsupported
*globals*,console._stderr._writev,supported,supported,mismatch,mismatch,mismatch,unsupported
*globals*,console._stderr.addListener,supported,supported,supported,supported,supported,unsupported
*globals*,console._stderr.address,supported,supported,unsupported,unsupported,unsupported,unsupported
*globals*,console._stderr.allowHalfOpen,supported,supported,unsupported,unsupported,unsupported,unsupported
*globals*,console._stderr.asIndexedPairs,supported,unsupported,unsupported,unsupported,unsupported,unsupported
*globals*,console._stderr.bufferSize,supported,supported,unsupported,unsupported,unsupported,unsupported
*globals*,console._stderr.bytesRead,supported,supported,unsupported,unsupported,unsupported,unsupported
*globals*,console._stderr.bytesWritten,supported,supported,unsupported,supported,unsupported,unsupported
*globals*,console._stderr.closed,supported,supported,supported,supported,supported,unsupported
*globals*,console._stderr.compose,supported,supported,unsupported,unsupported,unsupported,unsupported
*globals*,console._stderr.connect,supported,supported,unsupported,unsupported,unsupported,unsupported
*globals*,console._stderr.connecting,supported,supported,unsupported,unsupported,unsupported,unsupported
*globals*,console._stderr.cork,supported,supported,supported,supported,supported,unsupported
*globals*,console._stderr.destroy,supported,supported,supported,supported,supported,unsupported
*globals*,console._stderr.destroySoon,supported,supported,unsupported,supported,supported,unsupported
*globals*,console._stderr.destroyed,supported,supported,supported,supported,supported,unsupported
*globals*,console._stderr.drop,supported,supported,unsupported,unsupported,unsupported,unsupported
*globals*,console._stderr.emit,supported,supported,supported,supported,supported,unsupported
*globals*,console._stderr.end,supported,supported,supported,supported,supported,unsupported
*globals*,console._stderr.errored,supported,supported,supported,supported,supported,unsupported
*globals*,console._stderr.eventNames,supported,supported,supported,supported,supported,unsupported
*globals*,console._stderr.every,supported,supported,unsupported,unsupported,unsupported,unsupported
*globals*,console._stderr.fd,supported,supported,unsupported,supported,supported,unsupported
*globals*,console._stderr.filter,supported,supported,unsupported,unsupported,unsupported,unsupported
*globals*,console._stderr.find,supported,supported,unsupported,unsupported,unsupported,unsupported
*globals*,console._stderr.flatMap,supported,supported,unsupported,unsupported,unsupported,unsupported
*globals*,console._stderr.forEach,supported,supported,unsupported,unsupported,unsupported,unsupported
*globals*,console._stderr.getMaxListeners,supported,supported,supported,supported,supported,unsupported
*globals*,console._stderr.isPaused,supported,supported,unsupported,unsupported,unsupported,unsupported
*globals*,console._stderr.iterator,supported,supported,unsupported,unsupported,unsupported,unsupported
*globals*,console._stderr.listenerCount,supported,supported,supported,supported,supported,unsupported
*globals*,console._stderr.listeners,supported,supported,supported,supported,supported,unsupported
*globals*,console._stderr.localAddress,supported,supported,unsupported,unsupported,unsupported,unsupported
*globals*,console._stderr.localFamily,supported,supported,unsupported,unsupported,unsupported,unsupported
*globals*,console._stderr.localPort,supported,supported,unsupported,unsupported,unsupported,unsupported
*globals*,console._stderr.map,supported,supported,unsupported,unsupported,unsupported,unsupported
*globals*,console._stderr.off,supported,supported,supported,supported,supported,unsupported
*globals*,console._stderr.on,supported,supported,supported,supported,supported,unsupported
*globals*,console._stderr.once,supported,supported,supported,supported,supported,unsupported
*globals*,console._stderr.pause,supported,supported,unsupported,unsupported,unsupported,unsupported
*globals*,console._stderr.pending,supported,supported,unsupported,supported,unsupported,unsupported
*globals*,console._stderr.pipe,supported,supported,supported,supported,supported,unsupported
*globals*,console._stderr.prependListener,supported,supported,supported,supported,supported,unsupported
*globals*,console._stderr.prependOnceListener,supported,supported,supported,supported,supported,unsupported
*globals*,console._stderr.push,supported,supported,unsupported,unsupported,unsupported,unsupported
*globals*,console._stderr.rawListeners,supported,supported,supported,supported,supported,unsupported
*globals*,console._stderr.read,supported,supported,unsupported,unsupported,unsupported,unsupported
*globals*,console._stderr.readable,supported,supported,unsupported,supported,unsupported,unsupported
*globals*,console._stderr.readableAborted,supported,supported,unsupported,unsupported,unsupported,unsupported
*globals*,console._stderr.readableBuffer,supported,supported,unsupported,unsupported,unsupported,unsupported
*globals*,console._stderr.readableDidRead,supported,supported,unsupported,unsupported,unsupported,unsupported
*globals*,console._stderr.readableEncoding,supported,supported,unsupported,unsupported,unsupported,unsupported
*globals*,console._stderr.readableEnded,supported,supported,unsupported,unsupported,unsupported,unsupported
*globals*,console._stderr.readableFlowing,supported,supported,unsupported,unsupported,unsupported,unsupported
*globals*,console._stderr.readableHighWaterMark,supported,supported,unsupported,unsupported,unsupported,unsupported
*globals*,console._stderr.readableLength,supported,supported,unsupported,unsupported,unsupported,unsupported
*globals*,console._stderr.readableObjectMode,supported,supported,unsupported,unsupported,unsupported,unsupported
*globals*,console._stderr.readyState,supported,supported,unsupported,unsupported,unsupported,unsupported
*globals*,console._stderr.reduce,supported,supported,unsupported,unsupported,unsupported,unsupported
*globals*,console._stderr.ref,supported,supported,unsupported,unsupported,unsupported,unsupported
*globals*,console._stderr.remoteAddress,supported,supported,unsupported,unsupported,unsupported,unsupported
*globals*,console._stderr.remoteFamily,supported,supported,unsupported,unsupported,unsupported,unsupported
*globals*,console._stderr.remotePort,supported,supported,unsupported,unsupported,unsupported,unsupported
*globals*,console._stderr.removeAllListeners,supported,supported,supported,supported,supported,unsupported
*globals*,console._stderr.removeListener,supported,supported,supported,supported,supported,unsupported
*globals*,console._stderr.resetAndDestroy,supported,supported,unsupported,unsupported,unsupported,unsupported
*globals*,console._stderr.resume,supported,supported,unsupported,unsupported,unsupported,unsupported
*globals*,console._stderr.server,supported,supported,unsupported,unsupported,unsupported,unsupported
*globals*,console._stderr.setDefaultEncoding,supported,supported,supported,supported,supported,unsupported
*globals*,console._stderr.setEncoding,supported,supported,unsupported,unsupported,unsupported,unsupported
*globals*,console._stderr.setKeepAlive,supported,supported,unsupported,unsupported,unsupported,unsupported
*globals*,console._stderr.setMaxListeners,supported,supported,supported,supported,supported,unsupported
*globals*,console._stderr.setNoDelay,supported,supported,unsupported,unsupported,unsupported,unsupported
*globals*,console._stderr.setTimeout,supported,supported,unsupported,unsupported,unsupported,unsupported
*globals*,console._stderr.some,supported,supported,unsupported,unsupported,unsupported,unsupported
*globals*,console._stderr.take,supported,supported,unsupported,unsupported,unsupported,unsupported
*globals*,console._stderr.toArray,supported,supported,unsupported,unsupported,unsupported,unsupported
*globals*,console._stderr.uncork,supported,supported,supported,supported,supported,unsupported
*globals*,console._stderr.unpipe,supported,supported,unsupported,unsupported,unsupported,unsupported
*globals*,console._stderr.unref,supported,supported,unsupported,unsupported,unsupported,unsupported
*globals*,console._stderr.unshift,supported,supported,unsupported,unsupported,unsupported,unsupported
*globals*,console._stderr.wrap,supported,supported,unsupported,unsupported,unsupported,unsupported
*globals*,console._stderr.writable,supported,supported,supported,supported,supported,unsupported
*globals*,console._stderr.writableBuffer,supported,supported,supported,supported,supported,unsupported
*globals*,console._stderr.writableCorked,supported,supported,supported,supported,supported,unsupported
*globals*,console._stderr.writableEnded,supported,supported,supported,supported,supported,unsupported
*globals*,console._stderr.writableFinished,supported,supported,supported,supported,supported,unsupported
*globals*,console._stderr.writableHighWaterMark,supported,supported,supported,supported,supported,unsupported
*globals*,console._stderr.writableLength,supported,supported,supported,supported,supported,unsupported
*globals*,console._stderr.writableNeedDrain,supported,supported,supported,supported,supported,unsupported
*globals*,console._stderr.writableObjectMode,supported,supported,supported,supported,supported,unsupported
*globals*,console._stderr.write,supported,supported,supported,supported,supported,unsupported
*globals*,console._stderrErrorHandler,supported,supported,stub,unsupported,unsupported,unsupported
*globals*,console._stdout.*self*,supported,supported,supported,supported,supported,unsupported
*globals*,console._stdout._bytesDispatched,supported,supported,unsupported,unsupported,unsupported,unsupported
*globals*,console._stdout._closeAfterHandlingError,supported,supported,unsupported,unsupported,unsupported,unsupported
*globals*,console._stdout._connecting,supported,supported,unsupported,unsupported,unsupported,unsupported
*globals*,console._stdout._destroy,supported,supported,supported,supported,supported,unsupported
*globals*,console._stdout._events,supported,supported,supported,supported,supported,unsupported
*globals*,console._stdout._eventsCount,supported,supported,supported,supported,supported,unsupported
*globals*,console._stdout._final,supported,supported,unsupported,unsupported,unsupported,unsupported
*globals*,console._stdout._getpeername,supported,supported,unsupported,unsupported,unsupported,unsupported
*globals*,console._stdout._getsockname,supported,supported,unsupported,unsupported,unsupported,unsupported
*globals*,console._stdout._hadError,supported,supported,unsupported,unsupported,unsupported,unsupported
*globals*,console._stdout._handle,supported,supported,unsupported,unsupported,unsupported,unsupported
*globals*,console._stdout._host,supported,supported,unsupported,unsupported,unsupported,unsupported
*globals*,console._stdout._isStdio,supported,supported,unsupported,supported,supported,unsupported
*globals*,console._stdout._maxListeners,supported,supported,supported,supported,supported,unsupported
*globals*,console._stdout._onTimeout,supported,supported,unsupported,unsupported,unsupported,unsupported
*globals*,console._stdout._parent,supported,supported,unsupported,unsupported,unsupported,unsupported
*globals*,console._stdout._pendingData,supported,supported,unsupported,unsupported,unsupported,unsupported
*globals*,console._stdout._pendingEncoding,supported,supported,unsupported,unsupported,unsupported,unsupported
*globals*,console._stdout._read,supported,supported,unsupported,unsupported,unsupported,unsupported
*globals*,console._stdout._readableState,supported,supported,unsupported,unsupported,unsupported,unsupported
*globals*,console._stdout._reset,supported,supported,unsupported,unsupported,unsupported,unsupported
*globals*,console._stdout._server,supported,supported,unsupported,unsupported,unsupported,unsupported
*globals*,console._stdout._sockname,supported,supported,unsupported,unsupported,unsupported,unsupported
*globals*,console._stdout._type,supported,supported,unsupported,supported,unsupported,unsupported
*globals*,console._stdout._undestroy,supported,supported,supported,supported,supported,unsupported
*globals*,console._stdout._unrefTimer,supported,supported,unsupported,unsupported,unsupported,unsupported
*globals*,console._stdout._writableState,supported,supported,supported,supported,supported,unsupported
*globals*,console._stdout._write,supported,supported,supported,supported,supported,unsupported
*globals*,console._stdout._writeGeneric,supported,supported,unsupported,unsupported,unsupported,unsupported
*globals*,console._stdout._writev,supported,supported,mismatch,mismatch,mismatch,unsupported
*globals*,console._stdout.addListener,supported,supported,supported,supported,supported,unsupported
*globals*,console._stdout.address,supported,supported,unsupported,unsupported,unsupported,unsupported
*globals*,console._stdout.allowHalfOpen,supported,supported,unsupported,unsupported,unsupported,unsupported
*globals*,console._stdout.asIndexedPairs,supported,unsupported,unsupported,unsupported,unsupported,unsupported
*globals*,console._stdout.bufferSize,supported,supported,unsupported,unsupported,unsupported,unsupported
*globals*,console._stdout.bytesRead,supported,supported,unsupported,unsupported,unsupported,unsupported
*globals*,console._stdout.bytesWritten,supported,supported,unsupported,supported,unsupported,unsupported
*globals*,console._stdout.closed,supported,supported,supported,supported,supported,unsupported
*globals*,console._stdout.compose,supported,supported,unsupported,unsupported,unsupported,unsupported
*globals*,console._stdout.connect,supported,supported,unsupported,unsupported,unsupported,unsupported
*globals*,console._stdout.connecting,supported,supported,unsupported,unsupported,unsupported,unsupported
*globals*,console._stdout.cork,supported,supported,supported,supported,supported,unsupported
*globals*,console._stdout.destroy,supported,supported,supported,supported,supported,unsupported
*globals*,console._stdout.destroySoon,supported,supported,unsupported,supported,supported,unsupported
*globals*,console._stdout.destroyed,supported,supported,supported,supported,supported,unsupported
*globals*,console._stdout.domain,supported,supported,unsupported,unsupported,unsupported,unsupported
*globals*,console._stdout.drop,supported,supported,unsupported,unsupported,unsupported,unsupported
*globals*,console._stdout.emit,supported,supported,supported,supported,supported,unsupported
*globals*,console._stdout.end,supported,supported,supported,supported,supported,unsupported
*globals*,console._stdout.errored,supported,supported,supported,supported,supported,unsupported
*globals*,console._stdout.eventNames,supported,supported,supported,supported,supported,unsupported
*globals*,console._stdout.every,supported,supported,unsupported,unsupported,unsupported,unsupported
*globals*,console._stdout.fd,supported,supported,unsupported,supported,supported,unsupported
*globals*,console._stdout.filter,supported,supported,unsupported,unsupported,unsupported,unsupported
*globals*,console._stdout.find,supported,supported,unsupported,unsupported,unsupported,unsupported
*globals*,console._stdout.flatMap,supported,supported,unsupported,unsupported,unsupported,unsupported
*globals*,console._stdout.forEach,supported,supported,unsupported,unsupported,unsupported,unsupported
*globals*,console._stdout.getMaxListeners,supported,supported,supported,supported,supported,unsupported
*globals*,console._stdout.isPaused,supported,supported,unsupported,unsupported,unsupported,unsupported
*globals*,console._stdout.iterator,supported,supported,unsupported,unsupported,unsupported,unsupported
*globals*,console._stdout.listenerCount,supported,supported,supported,supported,supported,unsupported
*globals*,console._stdout.listeners,supported,supported,supported,supported,supported,unsupported
*globals*,console._stdout.localAddress,supported,supported,unsupported,unsupported,unsupported,unsupported
*globals*,console._stdout.localFamily,supported,supported,unsupported,unsupported,unsupported,unsupported
*globals*,console._stdout.localPort,supported,supported,unsupported,unsupported,unsupported,unsupported
*globals*,console._stdout.map,supported,supported,unsupported,unsupported,unsupported,unsupported
*globals*,console._stdout.off,supported,supported,supported,supported,supported,unsupported
*globals*,console._stdout.on,supported,supported,supported,supported,supported,unsupported
*globals*,console._stdout.once,supported,supported,supported,supported,supported,unsupported
*globals*,console._stdout.pause,supported,supported,unsupported,unsupported,unsupported,unsupported
*globals*,console._stdout.pending,supported,supported,unsupported,supported,unsupported,unsupported
*globals*,console._stdout.pipe,supported,supported,supported,supported,supported,unsupported
*globals*,console._stdout.prependListener,supported,supported,supported,supported,supported,unsupported
*globals*,console._stdout.prependOnceListener,supported,supported,supported,supported,supported,unsupported
*globals*,console._stdout.push,supported,supported,unsupported,unsupported,unsupported,unsupported
*globals*,console._stdout.rawListeners,supported,supported,supported,supported,supported,unsupported
*globals*,console._stdout.read,supported,supported,unsupported,unsupported,unsupported,unsupported
*globals*,console._stdout.readable,supported,supported,unsupported,supported,unsupported,unsupported
*globals*,console._stdout.readableAborted,supported,supported,unsupported,unsupported,unsupported,unsupported
*globals*,console._stdout.readableBuffer,supported,supported,unsupported,unsupported,unsupported,unsupported
*globals*,console._stdout.readableDidRead,supported,supported,unsupported,unsupported,unsupported,unsupported
*globals*,console._stdout.readableEncoding,supported,supported,unsupported,unsupported,unsupported,unsupported
*globals*,console._stdout.readableEnded,supported,supported,unsupported,unsupported,unsupported,unsupported
*globals*,console._stdout.readableFlowing,supported,supported,unsupported,unsupported,unsupported,unsupported
*globals*,console._stdout.readableHighWaterMark,supported,supported,unsupported,unsupported,unsupported,unsupported
*globals*,console._stdout.readableLength,supported,supported,unsupported,unsupported,unsupported,unsupported
*globals*,console._stdout.readableObjectMode,supported,supported,unsupported,unsupported,unsupported,unsupported
*globals*,console._stdout.readyState,supported,supported,unsupported,unsupported,unsupported,unsupported
*globals*,console._stdout.reduce,supported,supported,unsupported,unsupported,unsupported,unsupported
*globals*,console._stdout.ref,supported,supported,unsupported,unsupported,unsupported,unsupported
*globals*,console._stdout.remoteAddress,supported,supported,unsupported,unsupported,unsupported,unsupported
*globals*,console._stdout.remoteFamily,supported,supported,unsupported,unsupported,unsupported,unsupported
*globals*,console._stdout.remotePort,supported,supported,unsupported,unsupported,unsupported,unsupported
*globals*,console._stdout.removeAllListeners,supported,supported,supported,supported,supported,unsupported
*globals*,console._stdout.removeListener,supported,supported,supported,supported,supported,unsupported
*globals*,console._stdout.resetAndDestroy,supported,supported,unsupported,unsupported,unsupported,unsupported
*globals*,console._stdout.resume,supported,supported,unsupported,unsupported,unsupported,unsupported
*globals*,console._stdout.server,supported,supported,unsupported,unsupported,unsupported,unsupported
*globals*,console._stdout.setDefaultEncoding,supported,supported,supported,supported,supported,unsupported
*globals*,console._stdout.setEncoding,supported,supported,unsupported,unsupported,unsupported,unsupported
*globals*,console._stdout.setKeepAlive,supported,supported,unsupported,unsupported,unsupported,unsupported
*globals*,console._stdout.setMaxListeners,supported,supported,supported,supported,supported,unsupported
*globals*,console._stdout.setNoDelay,supported,supported,unsupported,unsupported,unsupported,unsupported
*globals*,console._stdout.setTimeout,supported,supported,unsupported,unsupported,unsupported,unsupported
*globals*,console._stdout.some,supported,supported,unsupported,unsupported,unsupported,unsupported
*globals*,console._stdout.take,supported,supported,unsupported,unsupported,unsupported,unsupported
*globals*,console._stdout.toArray,supported,supported,unsupported,unsupported,unsupported,unsupported
*globals*,console._stdout.uncork,supported,supported,supported,supported,supported,unsupported
*globals*,console._stdout.unpipe,supported,supported,unsupported,unsupported,unsupported,unsupported
*globals*,console._stdout.unref,supported,supported,unsupported,unsupported,unsupported,unsupported
*globals*,console._stdout.unshift,supported,supported,unsupported,unsupported,unsupported,unsupported
*globals*,console._stdout.wrap,supported,supported,unsupported,unsupported,unsupported,unsupported
*globals*,console._stdout.writable,supported,supported,supported,supported,supported,unsupported
*globals*,console._stdout.writableBuffer,supported,supported,supported,supported,supported,unsupported
*globals*,console._stdout.writableCorked,supported,supported,supported,supported,supported,unsupported
*globals*,console._stdout.writableEnded,supported,supported,supported,supported,supported,unsupported
*globals*,console._stdout.writableFinished,supported,supported,supported,supported,supported,unsupported
*globals*,console._stdout.writableHighWaterMark,supported,supported,supported,supported,supported,unsupported
*globals*,console._stdout.writableLength,supported,supported,supported,supported,supported,unsupported
*globals*,console._stdout.writableNeedDrain,supported,supported,supported,supported,supported,unsupported
*globals*,console._stdout.writableObjectMode,supported,supported,supported,supported,supported,unsupported
*globals*,console._stdout.write,supported,supported,supported,supported,supported,unsupported
*globals*,console._stdoutErrorHandler,supported,supported,stub,unsupported,unsupported,unsupported
*globals*,console._times.*self*,supported,supported,supported,unsupported,unsupported,unsupported
*globals*,console._times.clear,supported,supported,supported,unsupported,unsupported,unsupported
*globals*,console._times.delete,supported,supported,supported,unsupported,unsupported,unsupported
*globals*,console._times.entries,supported,supported,supported,unsupported,unsupported,unsupported
*globals*,console._times.forEach,supported,supported,supported,unsupported,unsupported,unsupported
*globals*,console._times.get,supported,supported,supported,unsupported,unsupported,unsupported
*globals*,console._times.has,supported,supported,supported,unsupported,unsupported,unsupported
*globals*,console._times.keys,supported,supported,supported,unsupported,unsupported,unsupported
*globals*,console._times.set,supported,supported,supported,unsupported,unsupported,unsupported
*globals*,console._times.size,supported,supported,supported,unsupported,unsupported,unsupported
*globals*,console._times.values,supported,supported,supported,unsupported,unsupported,unsupported
*globals*,console.assert,supported,supported,supported,supported,supported,supported
*globals*,console.clear,supported,supported,supported,supported,supported,supported
*globals*,console.context,supported,supported,supported,unsupported,unsupported,unsupported
*globals*,console.count,supported,supported,supported,supported,supported,supported
*globals*,console.countReset,supported,supported,supported,supported,supported,supported
*globals*,console.createTask,supported,supported,supported,unsupported,supported,unsupported
*globals*,console.debug,supported,supported,supported,supported,supported,supported
*globals*,console.dir,supported,supported,supported,supported,supported,supported
*globals*,console.dirxml,supported,supported,supported,supported,supported,supported
*globals*,console.error,supported,supported,supported,supported,supported,supported
*globals*,console.group,supported,supported,supported,supported,supported,supported
*globals*,console.groupCollapsed,supported,supported,supported,supported,supported,supported
*globals*,console.groupEnd,supported,supported,supported,supported,supported,supported
*globals*,console.info,supported,supported,supported,supported,supported,supported
*globals*,console.log,supported,supported,supported,supported,supported,supported
*globals*,console.profile,supported,supported,supported,supported,supported,supported
*globals*,console.profileEnd,supported,supported,supported,supported,supported,supported
*globals*,console.table,supported,supported,supported,supported,supported,supported
*globals*,console.time,supported,supported,supported,supported,supported,supported
*globals*,console.timeEnd,supported,supported,supported,supported,supported,supported
*globals*,console.timeLog,supported,supported,supported,supported,supported,supported
*globals*,console.timeStamp,supported,supported,supported,supported,supported,supported
*globals*,console.trace,supported,supported,supported,supported,supported,supported
*globals*,console.warn,supported,supported,supported,supported,supported,supported
*globals*,crypto.*self*,supported,supported,supported,supported,supported,unsupported
*globals*,crypto.getRandomValues,supported,supported,supported,supported,supported,unsupported
*globals*,crypto.randomUUID,supported,supported,supported,supported,supported,unsupported
*globals*,crypto.subtle.*self*,supported,supported,supported,supported,supported,unsupported
*globals*,crypto.subtle.decrypt,supported,supported,supported,supported,supported,unsupported
*globals*,crypto.subtle.deriveBits,supported,supported,supported,supported,supported,unsupported
*globals*,crypto.subtle.deriveKey,supported,supported,supported,supported,supported,unsupported
*globals*,crypto.subtle.digest,supported,supported,supported,supported,supported,unsupported
*globals*,crypto.subtle.encrypt,supported,supported,supported,supported,supported,unsupported
*globals*,crypto.subtle.exportKey,supported,supported,supported,supported,supported,unsupported
*globals*,crypto.subtle.generateKey,supported,supported,supported,supported,supported,unsupported
*globals*,crypto.subtle.importKey,supported,supported,supported,supported,supported,unsupported
*globals*,crypto.subtle.sign,supported,supported,supported,supported,supported,unsupported
*globals*,crypto.subtle.unwrapKey,supported,supported,supported,supported,supported,unsupported
*globals*,crypto.subtle.verify,supported,supported,supported,supported,supported,unsupported
*globals*,crypto.subtle.wrapKey,supported,supported,supported,supported,supported,unsupported
*globals*,decodeURI,supported,supported,supported,supported,supported,supported
*globals*,decodeURIComponent,supported,supported,supported,supported,supported,supported
*globals*,encodeURI,supported,supported,supported,supported,supported,supported
*globals*,encodeURIComponent,supported,supported,supported,supported,supported,supported
*globals*,escape,supported,supported,supported,supported,supported,supported
*globals*,eval,supported,supported,supported,supported,supported,supported
*globals*,fetch,supported,supported,supported,supported,supported,supported
*globals*,global.*self*,supported,supported,supported,supported,unsupported,unsupported
*globals*,global.AbortController,supported,supported,supported,supported,unsupported,unsupported
*globals*,global.AbortSignal,supported,supported,supported,supported,unsupported,unsupported
*globals*,global.AggregateError,supported,supported,supported,supported,unsupported,unsupported
*globals*,global.Array,supported,supported,supported,supported,unsupported,unsupported
*globals*,global.ArrayBuffer,supported,supported,supported,supported,unsupported,unsupported
*globals*,global.Atomics.*self*,supported,supported,supported,supported,unsupported,unsupported
*globals*,global.Atomics.add,supported,supported,supported,supported,unsupported,unsupported
*globals*,global.Atomics.and,supported,supported,supported,supported,unsupported,unsupported
*globals*,global.Atomics.compareExchange,supported,supported,supported,supported,unsupported,unsupported
*globals*,global.Atomics.exchange,supported,supported,supported,supported,unsupported,unsupported
*globals*,global.Atomics.isLockFree,supported,supported,supported,supported,unsupported,unsupported
*globals*,global.Atomics.load,supported,supported,supported,supported,unsupported,unsupported
*globals*,global.Atomics.notify,supported,supported,supported,supported,unsupported,unsupported
*globals*,global.Atomics.or,supported,supported,supported,supported,unsupported,unsupported
*globals*,global.Atomics.store,supported,supported,supported,supported,unsupported,unsupported
*globals*,global.Atomics.sub,supported,supported,supported,supported,unsupported,unsupported
*globals*,global.Atomics.wait,supported,supported,supported,supported,unsupported,unsupported
*globals*,global.Atomics.waitAsync,supported,supported,supported,supported,unsupported,unsupported
*globals*,global.Atomics.xor,supported,supported,supported,supported,unsupported,unsupported
*globals*,global.BigInt,supported,supported,supported,supported,unsupported,unsupported
*globals*,global.BigInt64Array,supported,supported,supported,supported,unsupported,unsupported
*globals*,global.BigUint64Array,supported,supported,supported,supported,unsupported,unsupported
*globals*,global.Blob,supported,supported,supported,supported,unsupported,unsupported
*globals*,global.Boolean,supported,supported,supported,supported,unsupported,unsupported
*globals*,global.BroadcastChannel,supported,supported,unsupported,supported,unsupported,unsupported
*globals*,global.Buffer,supported,supported,supported,supported,unsupported,unsupported
*globals*,global.ByteLengthQueuingStrategy,supported,supported,supported,supported,unsupported,unsupported
*globals*,global.CompressionStream,supported,supported,supported,unsupported,unsupported,unsupported
*globals*,global.CountQueuingStrategy,supported,supported,supported,supported,unsupported,unsupported
*globals*,global.Crypto,supported,supported,supported,supported,unsupported,unsupported
*globals*,global.CryptoKey,supported,supported,supported,supported,unsupported,unsupported
*globals*,global.CustomEvent,supported,supported,supported,supported,unsupported,unsupported
*globals*,global.DOMException,supported,supported,supported,supported,unsupported,unsupported
*globals*,global.DataView,supported,supported,supported,supported,unsupported,unsupported
*globals*,global.Date,supported,supported,supported,supported,unsupported,unsupported
*globals*,global.DecompressionStream,supported,supported,supported,unsupported,unsupported,unsupported
*globals*,global.Error,supported,supported,supported,supported,unsupported,unsupported
*globals*,global.EvalError,supported,supported,supported,supported,unsupported,unsupported
*globals*,global.Event,supported,supported,supported,supported,unsupported,unsupported
*globals*,global.EventTarget,supported,supported,supported,supported,unsupported,unsupported
*globals*,global.File,supported,supported,supported,supported,unsupported,unsupported
*globals*,global.FinalizationRegistry,supported,supported,unsupported,supported,unsupported,unsupported
*globals*,global.Float32Array,supported,supported,supported,supported,unsupported,unsupported
*globals*,global.Float64Array,supported,supported,supported,supported,unsupported,unsupported
*globals*,global.FormData,supported,supported,supported,supported,unsupported,unsupported
*globals*,global.Function,supported,supported,supported,supported,unsupported,unsupported
*globals*,global.Headers,supported,supported,supported,supported,unsupported,unsupported
*globals*,global.Infinity,supported,supported,supported,supported,unsupported,unsupported
*globals*,global.Int16Array,supported,supported,supported,supported,unsupported,unsupported
*globals*,global.Int32Array,supported,supported,supported,supported,unsupported,unsupported
*globals*,global.Int8Array,supported,supported,supported,supported,unsupported,unsupported
*globals*,global.Intl.*self*,supported,supported,supported,supported,unsupported,unsupported
*globals*,global.Intl.Collator,supported,supported,supported,supported,unsupported,unsupported
*globals*,global.Intl.DateTimeFormat,supported,supported,supported,supported,unsupported,unsupported
*globals*,global.Intl.DisplayNames,supported,supported,supported,supported,unsupported,unsupported
*globals*,global.Intl.ListFormat,supported,supported,supported,supported,unsupported,unsupported
*globals*,global.Intl.Locale,supported,supported,supported,supported,unsupported,unsupported
*globals*,global.Intl.NumberFormat,supported,supported,supported,supported,unsupported,unsupported
*globals*,global.Intl.PluralRules,supported,supported,supported,supported,unsupported,unsupported
*globals*,global.Intl.RelativeTimeFormat,supported,supported,supported,supported,unsupported,unsupported
*globals*,global.Intl.Segmenter,supported,supported,supported,supported,unsupported,unsupported
*globals*,global.Intl.getCanonicalLocales,supported,supported,supported,supported,unsupported,unsupported
*globals*,global.Intl.supportedValuesOf,supported,supported,supported,supported,unsupported,unsupported
*globals*,global.Iterator,supported,supported,supported,supported,unsupported,unsupported
*globals*,global.JSON.*self*,supported,supported,supported,supported,unsupported,unsupported
*globals*,global.JSON.isRawJSON,supported,supported,supported,supported,unsupported,unsupported
*globals*,global.JSON.parse,supported,supported,supported,supported,unsupported,unsupported
*globals*,global.JSON.rawJSON,supported,supported,supported,supported,unsupported,unsupported
*globals*,global.JSON.stringify,supported,supported,supported,supported,unsupported,unsupported
*globals*,global.Map,supported,supported,supported,supported,unsupported,unsupported
*globals*,global.Math.*self*,supported,supported,supported,supported,unsupported,unsupported
*globals*,global.Math.E,supported,supported,supported,supported,unsupported,unsupported
*globals*,global.Math.LN10,supported,supported,supported,supported,unsupported,unsupported
*globals*,global.Math.LN2,supported,supported,supported,supported,unsupported,unsupported
*globals*,global.Math.LOG10E,supported,supported,supported,supported,unsupported,unsupported
*globals*,global.Math.LOG2E,supported,supported,supported,supported,unsupported,unsupported
*globals*,global.Math.PI,supported,supported,supported,supported,unsupported,unsupported
*globals*,global.Math.SQRT1_2,supported,supported,supported,supported,unsupported,unsupported
*globals*,global.Math.SQRT2,supported,supported,supported,supported,unsupported,unsupported
*globals*,global.Math.abs,supported,supported,supported,supported,unsupported,unsupported
*globals*,global.Math.acos,supported,supported,supported,supported,unsupported,unsupported
*globals*,global.Math.acosh,supported,supported,supported,supported,unsupported,unsupported
*globals*,global.Math.asin,supported,supported,supported,supported,unsupported,unsupported
*globals*,global.Math.asinh,supported,supported,supported,supported,unsupported,unsupported
*globals*,global.Math.atan,supported,supported,supported,supported,unsupported,unsupported
*globals*,global.Math.atan2,supported,supported,supported,supported,unsupported,unsupported
*globals*,global.Math.atanh,supported,supported,supported,supported,unsupported,unsupported
*globals*,global.Math.cbrt,supported,supported,supported,supported,unsupported,unsupported
*globals*,global.Math.ceil,supported,supported,supported,supported,unsupported,unsupported
*globals*,global.Math.clz32,supported,supported,supported,supported,unsupported,unsupported
*globals*,global.Math.cos,supported,supported,supported,supported,unsupported,unsupported
*globals*,global.Math.cosh,supported,supported,supported,supported,unsupported,unsupported
*globals*,global.Math.exp,supported,supported,supported,supported,unsupported,unsupported
*globals*,global.Math.expm1,supported,supported,supported,supported,unsupported,unsupported
*globals*,global.Math.floor,supported,supported,supported,supported,unsupported,unsupported
*globals*,global.Math.fround,supported,supported,supported,supported,unsupported,unsupported
*globals*,global.Math.hypot,supported,supported,supported,supported,unsupported,unsupported
*globals*,global.Math.imul,supported,supported,supported,supported,unsupported,unsupported
*globals*,global.Math.log,supported,supported,supported,supported,unsupported,unsupported
*globals*,global.Math.log10,supported,supported,supported,supported,unsupported,unsupported
*globals*,global.Math.log1p,supported,supported,supported,supported,unsupported,unsupported
*globals*,global.Math.log2,supported,supported,supported,supported,unsupported,unsupported
*globals*,global.Math.max,supported,supported,supported,supported,unsupported,unsupported
*globals*,global.Math.min,supported,supported,supported,supported,unsupported,unsupported
*globals*,global.Math.pow,supported,supported,supported,supported,unsupported,unsupported
*globals*,global.Math.random,supported,supported,supported,supported,unsupported,unsupported
*globals*,global.Math.round,supported,supported,supported,supported,unsupported,unsupported
*globals*,global.Math.sign,supported,supported,supported,supported,unsupported,unsupported
*globals*,global.Math.sin,supported,supported,supported,supported,unsupported,unsupported
*globals*,global.Math.sinh,supported,supported,supported,supported,unsupported,unsupported
*globals*,global.Math.sqrt,supported,supported,supported,supported,unsupported,unsupported
*globals*,global.Math.tan,supported,supported,supported,supported,unsupported,unsupported
*globals*,global.Math.tanh,supported,supported,supported,supported,unsupported,unsupported
*globals*,global.Math.trunc,supported,supported,supported,supported,unsupported,unsupported
*globals*,global.MessageChannel,supported,supported,unsupported,supported,unsupported,unsupported
*globals*,global.MessageEvent,supported,supported,supported,supported,unsupported,unsupported
*globals*,global.MessagePort,supported,supported,unsupported,supported,unsupported,unsupported
*globals*,global.NaN,supported,supported,supported,supported,unsupported,unsupported
*globals*,global.Navigator,supported,supported,supported,unsupported,unsupported,unsupported
*globals*,global.Number,supported,supported,supported,supported,unsupported,unsupported
*globals*,global.Object,supported,supported,supported,supported,unsupported,unsupported
*globals*,global.Performance,supported,supported,supported,supported,unsupported,unsupported
*globals*,global.PerformanceEntry,supported,supported,supported,supported,unsupported,unsupported
*globals*,global.PerformanceMark,supported,supported,supported,supported,unsupported,unsupported
*globals*,global.PerformanceMeasure,supported,supported,supported,supported,unsupported,unsupported
*globals*,global.PerformanceObserver,supported,supported,supported,supported,unsupported,unsupported
*globals*,global.PerformanceObserverEntryList,supported,supported,supported,supported,unsupported,unsupported
*globals*,global.PerformanceResourceTiming,supported,supported,supported,supported,unsupported,unsupported
*globals*,global.Promise,supported,supported,supported,supported,unsupported,unsupported
*globals*,global.Proxy,supported,supported,supported,supported,unsupported,unsupported
*globals*,global.RangeError,supported,supported,supported,supported,unsupported,unsupported
*globals*,global.ReadableByteStreamController,supported,supported,supported,supported,unsupported,unsupported
*globals*,global.ReadableStream,supported,supported,supported,supported,unsupported,unsupported
*globals*,global.ReadableStreamBYOBReader,supported,supported,supported,supported,unsupported,unsupported
*globals*,global.ReadableStreamBYOBRequest,supported,supported,supported,supported,unsupported,unsupported
*globals*,global.ReadableStreamDefaultController,supported,supported,supported,supported,unsupported,unsupported
*globals*,global.ReadableStreamDefaultReader,supported,supported,supported,supported,unsupported,unsupported
*globals*,global.ReferenceError,supported,supported,supported,supported,unsupported,unsupported
*globals*,global.Reflect.*self*,supported,supported,supported,supported,unsupported,unsupported
*globals*,global.Reflect.apply,supported,supported,supported,supported,unsupported,unsupported
*globals*,global.Reflect.construct,supported,supported,supported,supported,unsupported,unsupported
*globals*,global.Reflect.defineProperty,supported,supported,supported,supported,unsupported,unsupported
*globals*,global.Reflect.deleteProperty,supported,supported,supported,supported,unsupported,unsupported
*globals*,global.Reflect.get,supported,supported,supported,supported,unsupported,unsupported
*globals*,global.Reflect.getOwnPropertyDescriptor,supported,supported,supported,supported,unsupported,unsupported
*globals*,global.Reflect.getPrototypeOf,supported,supported,supported,supported,unsupported,unsupported
*globals*,global.Reflect.has,supported,supported,supported,supported,unsupported,unsupported
*globals*,global.Reflect.isExtensible,supported,supported,supported,supported,unsupported,unsupported
*globals*,global.Reflect.ownKeys,supported,supported,supported,supported,unsupported,unsupported
*globals*,global.Reflect.preventExtensions,supported,supported,supported,supported,unsupported,unsupported
*globals*,global.Reflect.set,supported,supported,supported,supported,unsupported,unsupported
*globals*,global.Reflect.setPrototypeOf,supported,supported,supported,supported,unsupported,unsupported
*globals*,global.RegExp,supported,supported,supported,supported,unsupported,unsupported
*globals*,global.Request,supported,supported,supported,supported,unsupported,unsupported
*globals*,global.Response,supported,supported,supported,supported,unsupported,unsupported
*globals*,global.Set,supported,supported,supported,supported,unsupported,unsupported
*globals*,global.SharedArrayBuffer,supported,supported,supported,supported,unsupported,unsupported
*globals*,global.String,supported,supported,supported,supported,unsupported,unsupported
*globals*,global.SubtleCrypto,supported,supported,supported,supported,unsupported,unsupported
*globals*,global.Symbol,supported,supported,supported,supported,unsupported,unsupported
*globals*,global.SyntaxError,supported,supported,supported,supported,unsupported,unsupported
*globals*,global.TextDecoder,supported,supported,supported,supported,unsupported,unsupported
*globals*,global.TextDecoderStream,supported,supported,supported,supported,unsupported,unsupported
*globals*,global.TextEncoder,supported,supported,supported,supported,unsupported,unsupported
*globals*,global.TextEncoderStream,supported,supported,supported,supported,unsupported,unsupported
*globals*,global.TransformStream,supported,supported,supported,supported,unsupported,unsupported
*globals*,global.TransformStreamDefaultController,supported,supported,supported,supported,unsupported,unsupported
*globals*,global.TypeError,supported,supported,supported,supported,unsupported,unsupported
*globals*,global.URIError,supported,supported,supported,supported,unsupported,unsupported
*globals*,global.URL,supported,supported,supported,supported,unsupported,unsupported
*globals*,global.URLSearchParams,supported,supported,supported,supported,unsupported,unsupported
*globals*,global.Uint16Array,supported,supported,supported,supported,unsupported,unsupported
*globals*,global.Uint32Array,supported,supported,supported,supported,unsupported,unsupported
*globals*,global.Uint8Array,supported,supported,supported,supported,unsupported,unsupported
*globals*,global.Uint8ClampedArray,supported,supported,supported,supported,unsupported,unsupported
*globals*,global.WeakMap,supported,supported,supported,supported,unsupported,unsupported
*globals*,global.WeakRef,supported,supported,unsupported,supported,unsupported,unsupported
*globals*,global.WeakSet,supported,supported,supported,supported,unsupported,unsupported
*globals*,global.WebAssembly.*self*,supported,supported,supported,supported,unsupported,unsupported
*globals*,global.WebAssembly.CompileError,supported,supported,supported,supported,unsupported,unsupported
*globals*,global.WebAssembly.Exception,supported,supported,supported,supported,unsupported,unsupported
*globals*,global.WebAssembly.Global,supported,supported,supported,supported,unsupported,unsupported
*globals*,global.WebAssembly.Instance,supported,supported,supported,supported,unsupported,unsupported
*globals*,global.WebAssembly.JSTag,supported,supported,supported,unsupported,unsupported,unsupported
*globals*,global.WebAssembly.LinkError,supported,supported,supported,supported,unsupported,unsupported
*globals*,global.WebAssembly.Memory,supported,supported,supported,supported,unsupported,unsupported
*globals*,global.WebAssembly.Module,supported,supported,supported,supported,unsupported,unsupported
*globals*,global.WebAssembly.RuntimeError,supported,supported,supported,supported,unsupported,unsupported
*globals*,global.WebAssembly.Table,supported,supported,supported,supported,unsupported,unsupported
*globals*,global.WebAssembly.Tag,supported,supported,supported,supported,unsupported,unsupported
*globals*,global.WebAssembly.compile,supported,supported,supported,supported,unsupported,unsupported
*globals*,global.WebAssembly.compileStreaming,supported,supported,unsupported,unsupported,unsupported,unsupported
*globals*,global.WebAssembly.instantiate,supported,supported,supported,supported,unsupported,unsupported
*globals*,global.WebAssembly.instantiateStreaming,supported,supported,unsupported,unsupported,unsupported,unsupported
*globals*,global.WebAssembly.validate,supported,supported,supported,supported,unsupported,unsupported
*globals*,global.WebSocket,supported,supported,supported,supported,unsupported,unsupported
*globals*,global.WritableStream,supported,supported,supported,supported,unsupported,unsupported
*globals*,global.WritableStreamDefaultController,supported,supported,supported,supported,unsupported,unsupported
*globals*,global.WritableStreamDefaultWriter,supported,supported,supported,supported,unsupported,unsupported
*globals*,global.atob,supported,supported,supported,supported,unsupported,unsupported
*globals*,global.btoa,supported,supported,supported,supported,unsupported,unsupported
*globals*,global.clearImmediate,supported,supported,supported,supported,unsupported,unsupported
*globals*,global.clearInterval,supported,supported,supported,supported,unsupported,unsupported
*globals*,global.clearTimeout,supported,supported,supported,supported,unsupported,unsupported
*globals*,global.console.*self*,supported,supported,supported,supported,unsupported,unsupported
*globals*,global.console.Console,supported,supported,supported,supported,unsupported,unsupported
*globals*,global.console._ignoreErrors,supported,supported,supported,unsupported,unsupported,unsupported
*globals*,global.console._stderr,supported,supported,supported,supported,unsupported,unsupported
*globals*,global.console._stderrErrorHandler,supported,supported,stub,unsupported,unsupported,unsupported
*globals*,global.console._stdout,supported,supported,supported,supported,unsupported,unsupported
*globals*,global.console._stdoutErrorHandler,supported,supported,stub,unsupported,unsupported,unsupported
*globals*,global.console._times,supported,supported,supported,unsupported,unsupported,unsupported
*globals*,global.console.assert,supported,supported,supported,supported,unsupported,unsupported
*globals*,global.console.clear,supported,supported,supported,supported,unsupported,unsupported
*globals*,global.console.context,supported,supported,supported,unsupported,unsupported,unsupported
*globals*,global.console.count,supported,supported,supported,supported,unsupported,unsupported
*globals*,global.console.countReset,supported,supported,supported,supported,unsupported,unsupported
*globals*,global.console.createTask,supported,supported,supported,unsupported,unsupported,unsupported
*globals*,global.console.debug,supported,supported,supported,supported,unsupported,unsupported
*globals*,global.console.dir,supported,supported,supported,supported,unsupported,unsupported
*globals*,global.console.dirxml,supported,supported,supported,supported,unsupported,unsupported
*globals*,global.console.error,supported,supported,supported,supported,unsupported,unsupported
*globals*,global.console.group,supported,supported,supported,supported,unsupported,unsupported
*globals*,global.console.groupCollapsed,supported,supported,supported,supported,unsupported,unsupported
*globals*,global.console.groupEnd,supported,supported,supported,supported,unsupported,unsupported
*globals*,global.console.info,supported,supported,supported,supported,unsupported,unsupported
*globals*,global.console.log,supported,supported,supported,supported,unsupported,unsupported
*globals*,global.console.profile,supported,supported,supported,supported,unsupported,unsupported
*globals*,global.console.profileEnd,supported,supported,supported,supported,unsupported,unsupported
*globals*,global.console.table,supported,supported,supported,supported,unsupported,unsupported
*globals*,global.console.time,supported,supported,supported,supported,unsupported,unsupported
*globals*,global.console.timeEnd,supported,supported,supported,supported,unsupported,unsupported
*globals*,global.console.timeLog,supported,supported,supported,supported,unsupported,unsupported
*globals*,global.console.timeStamp,supported,supported,supported,supported,unsupported,unsupported
*globals*,global.console.trace,supported,supported,supported,supported,unsupported,unsupported
*globals*,global.console.warn,supported,supported,supported,supported,unsupported,unsupported
*globals*,global.crypto.*self*,supported,supported,supported,supported,unsupported,unsupported
*globals*,global.crypto.getRandomValues,supported,supported,supported,supported,unsupported,unsupported
*globals*,global.crypto.randomUUID,supported,supported,supported,supported,unsupported,unsupported
*globals*,global.crypto.subtle,supported,supported,supported,supported,unsupported,unsupported
*globals*,global.decodeURI,supported,supported,supported,supported,unsupported,unsupported
*globals*,global.decodeURIComponent,supported,supported,supported,supported,unsupported,unsupported
*globals*,global.encodeURI,supported,supported,supported,supported,unsupported,unsupported
*globals*,global.encodeURIComponent,supported,supported,supported,supported,unsupported,unsupported
*globals*,global.escape,supported,supported,supported,supported,unsupported,unsupported
*globals*,global.eval,supported,supported,supported,supported,unsupported,unsupported
*globals*,global.fetch,supported,supported,supported,supported,unsupported,unsupported
*globals*,global.global.*self*,supported,supported,supported,supported,unsupported,unsupported
*globals*,global.global.AbortController,supported,supported,supported,supported,unsupported,unsupported
*globals*,global.global.AbortSignal,supported,supported,supported,supported,unsupported,unsupported
*globals*,global.global.AggregateError,supported,supported,supported,supported,unsupported,unsupported
*globals*,global.global.Array,supported,supported,supported,supported,unsupported,unsupported
*globals*,global.global.ArrayBuffer,supported,supported,supported,supported,unsupported,unsupported
*globals*,global.global.Atomics,supported,supported,supported,supported,unsupported,unsupported
*globals*,global.global.BigInt,supported,supported,supported,supported,unsupported,unsupported
*globals*,global.global.BigInt64Array,supported,supported,supported,supported,unsupported,unsupported
*globals*,global.global.BigUint64Array,supported,supported,supported,supported,unsupported,unsupported
*globals*,global.global.Blob,supported,supported,supported,supported,unsupported,unsupported
*globals*,global.global.Boolean,supported,supported,supported,supported,unsupported,unsupported
*globals*,global.global.BroadcastChannel,supported,supported,unsupported,supported,unsupported,unsupported
*globals*,global.global.Buffer,supported,supported,supported,supported,unsupported,unsupported
*globals*,global.global.ByteLengthQueuingStrategy,supported,supported,supported,supported,unsupported,unsupported
*globals*,global.global.CompressionStream,supported,supported,supported,unsupported,unsupported,unsupported
*globals*,global.global.CountQueuingStrategy,supported,supported,supported,supported,unsupported,unsupported
*globals*,global.global.Crypto,supported,supported,supported,supported,unsupported,unsupported
*globals*,global.global.CryptoKey,supported,supported,supported,supported,unsupported,unsupported
*globals*,global.global.CustomEvent,supported,supported,supported,supported,unsupported,unsupported
*globals*,global.global.DOMException,supported,supported,supported,supported,unsupported,unsupported
*globals*,global.global.DataView,supported,supported,supported,supported,unsupported,unsupported
*globals*,global.global.Date,supported,supported,supported,supported,unsupported,unsupported
*globals*,global.global.DecompressionStream,supported,supported,supported,unsupported,unsupported,unsupported
*globals*,global.global.Error,supported,supported,supported,supported,unsupported,unsupported
*globals*,global.global.EvalError,supported,supported,supported,supported,unsupported,unsupported
*globals*,global.global.Event,supported,supported,supported,supported,unsupported,unsupported
*globals*,global.global.EventTarget,supported,supported,supported,supported,unsupported,unsupported
*globals*,global.global.File,supported,supported,supported,supported,unsupported,unsupported
*globals*,global.global.FinalizationRegistry,supported,supported,unsupported,supported,unsupported,unsupported
*globals*,global.global.Float32Array,supported,supported,supported,supported,unsupported,unsupported
*globals*,global.global.Float64Array,supported,supported,supported,supported,unsupported,unsupported
*globals*,global.global.FormData,supported,supported,supported,supported,unsupported,unsupported
*globals*,global.global.Function,supported,supported,supported,supported,unsupported,unsupported
*globals*,global.global.Headers,supported,supported,supported,supported,unsupported,unsupported
*globals*,global.global.Infinity,supported,supported,supported,supported,unsupported,unsupported
*globals*,global.global.Int16Array,supported,supported,supported,supported,unsupported,unsupported
*globals*,global.global.Int32Array,supported,supported,supported,supported,unsupported,unsupported
*globals*,global.global.Int8Array,supported,supported,supported,supported,unsupported,unsupported
*globals*,global.global.Intl,supported,supported,supported,supported,unsupported,unsupported
*globals*,global.global.Iterator,supported,supported,supported,supported,unsupported,unsupported
*globals*,global.global.JSON,supported,supported,supported,supported,unsupported,unsupported
*globals*,global.global.Map,supported,supported,supported,supported,unsupported,unsupported
*globals*,global.global.Math,supported,supported,supported,supported,unsupported,unsupported
*globals*,global.global.MessageChannel,supported,supported,unsupported,supported,unsupported,unsupported
*globals*,global.global.MessageEvent,supported,supported,supported,supported,unsupported,unsupported
*globals*,global.global.MessagePort,supported,supported,unsupported,supported,unsupported,unsupported
*globals*,global.global.NaN,supported,supported,supported,supported,unsupported,unsupported
*globals*,global.global.Navigator,supported,supported,supported,unsupported,unsupported,unsupported
*globals*,global.global.Number,supported,supported,supported,supported,unsupported,unsupported
*globals*,global.global.Object,supported,supported,supported,supported,unsupported,unsupported
*globals*,global.global.Performance,supported,supported,supported,supported,unsupported,unsupported
*globals*,global.global.PerformanceEntry,supported,supported,supported,supported,unsupported,unsupported
*globals*,global.global.PerformanceMark,supported,supported,supported,supported,unsupported,unsupported
*globals*,global.global.PerformanceMeasure,supported,supported,supported,supported,unsupported,unsupported
*globals*,global.global.PerformanceObserver,supported,supported,supported,supported,unsupported,unsupported
*globals*,global.global.PerformanceObserverEntryList,supported,supported,supported,supported,unsupported,unsupported
*globals*,global.global.PerformanceResourceTiming,supported,supported,supported,supported,unsupported,unsupported
*globals*,global.global.Promise,supported,supported,supported,supported,unsupported,unsupported
*globals*,global.global.Proxy,supported,supported,supported,supported,unsupported,unsupported
*globals*,global.global.RangeError,supported,supported,supported,supported,unsupported,unsupported
*globals*,global.global.ReadableByteStreamController,supported,supported,supported,supported,unsupported,unsupported
*globals*,global.global.ReadableStream,supported,supported,supported,supported,unsupported,unsupported
*globals*,global.global.ReadableStreamBYOBReader,supported,supported,supported,supported,unsupported,unsupported
*globals*,global.global.ReadableStreamBYOBRequest,supported,supported,supported,supported,unsupported,unsupported
*globals*,global.global.ReadableStreamDefaultController,supported,supported,supported,supported,unsupported,unsupported
*globals*,global.global.ReadableStreamDefaultReader,supported,supported,supported,supported,unsupported,unsupported
*globals*,global.global.ReferenceError,supported,supported,supported,supported,unsupported,unsupported
*globals*,global.global.Reflect,supported,supported,supported,supported,unsupported,unsupported
*globals*,global.global.RegExp,supported,supported,supported,supported,unsupported,unsupported
*globals*,global.global.Request,supported,supported,supported,supported,unsupported,unsupported
*globals*,global.global.Response,supported,supported,supported,supported,unsupported,unsupported
*globals*,global.global.Set,supported,supported,supported,supported,unsupported,unsupported
*globals*,global.global.SharedArrayBuffer,supported,supported,supported,supported,unsupported,unsupported
*globals*,global.global.String,supported,supported,supported,supported,unsupported,unsupported
*globals*,global.global.SubtleCrypto,supported,supported,supported,supported,unsupported,unsupported
*globals*,global.global.Symbol,supported,supported,supported,supported,unsupported,unsupported
*globals*,global.global.SyntaxError,supported,supported,supported,supported,unsupported,unsupported
*globals*,global.global.TextDecoder,supported,supported,supported,supported,unsupported,unsupported
*globals*,global.global.TextDecoderStream,supported,supported,supported,supported,unsupported,unsupported
*globals*,global.global.TextEncoder,supported,supported,supported,supported,unsupported,unsupported
*globals*,global.global.TextEncoderStream,supported,supported,supported,supported,unsupported,unsupported
*globals*,global.global.TransformStream,supported,supported,supported,supported,unsupported,unsupported
*globals*,global.global.TransformStreamDefaultController,supported,supported,supported,supported,unsupported,unsupported
*globals*,global.global.TypeError,supported,supported,supported,supported,unsupported,unsupported
*globals*,global.global.URIError,supported,supported,supported,supported,unsupported,unsupported
*globals*,global.global.URL,supported,supported,supported,supported,unsupported,unsupported
*globals*,global.global.URLSearchParams,supported,supported,supported,supported,unsupported,unsupported
*globals*,global.global.Uint16Array,supported,supported,supported,supported,unsupported,unsupported
*globals*,global.global.Uint32Array,supported,supported,supported,supported,unsupported,unsupported
*globals*,global.global.Uint8Array,supported,supported,supported,supported,unsupported,unsupported
*globals*,global.global.Uint8ClampedArray,supported,supported,supported,supported,unsupported,unsupported
*globals*,global.global.WeakMap,supported,supported,supported,supported,unsupported,unsupported
*globals*,global.global.WeakRef,supported,supported,unsupported,supported,unsupported,unsupported
*globals*,global.global.WeakSet,supported,supported,supported,supported,unsupported,unsupported
*globals*,global.global.WebAssembly,supported,supported,supported,supported,unsupported,unsupported
*globals*,global.global.WebSocket,supported,supported,supported,supported,unsupported,unsupported
*globals*,global.global.WritableStream,supported,supported,supported,supported,unsupported,unsupported
*globals*,global.global.WritableStreamDefaultController,supported,supported,supported,supported,unsupported,unsupported
*globals*,global.global.WritableStreamDefaultWriter,supported,supported,supported,supported,unsupported,unsupported
*globals*,global.global.atob,supported,supported,supported,supported,unsupported,unsupported
*globals*,global.global.btoa,supported,supported,supported,supported,unsupported,unsupported
*globals*,global.global.clearImmediate,supported,supported,supported,supported,unsupported,unsupported
*globals*,global.global.clearInterval,supported,supported,supported,supported,unsupported,unsupported
*globals*,global.global.clearTimeout,supported,supported,supported,supported,unsupported,unsupported
*globals*,global.global.console,supported,supported,supported,supported,unsupported,unsupported
*globals*,global.global.crypto,supported,supported,supported,supported,unsupported,unsupported
*globals*,global.global.decodeURI,supported,supported,supported,supported,unsupported,unsupported
*globals*,global.global.decodeURIComponent,supported,supported,supported,supported,unsupported,unsupported
*globals*,global.global.encodeURI,supported,supported,supported,supported,unsupported,unsupported
*globals*,global.global.encodeURIComponent,supported,supported,supported,supported,unsupported,unsupported
*globals*,global.global.escape,supported,supported,supported,supported,unsupported,unsupported
*globals*,global.global.eval,supported,supported,supported,supported,unsupported,unsupported
*globals*,global.global.fetch,supported,supported,supported,supported,unsupported,unsupported
*globals*,global.global.global,supported,supported,supported,supported,unsupported,unsupported
*globals*,global.global.globalThis,supported,supported,supported,supported,unsupported,unsupported
*globals*,global.global.isFinite,supported,supported,supported,supported,unsupported,unsupported
*globals*,global.global.isNaN,supported,supported,supported,supported,unsupported,unsupported
*globals*,global.global.navigator,supported,supported,supported,supported,unsupported,unsupported
*globals*,global.global.parseFloat,supported,supported,supported,supported,unsupported,unsupported
*globals*,global.global.parseInt,supported,supported,supported,supported,unsupported,unsupported
*globals*,global.global.performance,supported,supported,stub,supported,unsupported,unsupported
*globals*,global.global.process,supported,supported,supported,supported,unsupported,unsupported
*globals*,global.global.queueMicrotask,supported,supported,supported,supported,unsupported,unsupported
*globals*,global.global.setImmediate,supported,supported,supported,supported,unsupported,unsupported
*globals*,global.global.setInterval,supported,supported,supported,supported,unsupported,unsupported
*globals*,global.global.setTimeout,supported,supported,supported,supported,unsupported,unsupported
*globals*,global.global.structuredClone,supported,supported,supported,supported,unsupported,unsupported
*globals*,global.global.undefined,supported,supported,supported,supported,unsupported,unsupported
*globals*,global.global.unescape,supported,supported,supported,supported,unsupported,unsupported
*globals*,global.globalThis.*self*,supported,supported,supported,supported,unsupported,unsupported
*globals*,global.globalThis.AbortController,supported,supported,supported,supported,unsupported,unsupported
*globals*,global.globalThis.AbortSignal,supported,supported,supported,supported,unsupported,unsupported
*globals*,global.globalThis.AggregateError,supported,supported,supported,supported,unsupported,unsupported
*globals*,global.globalThis.Array,supported,supported,supported,supported,unsupported,unsupported
*globals*,global.globalThis.ArrayBuffer,supported,supported,supported,supported,unsupported,unsupported
*globals*,global.globalThis.Atomics,supported,supported,supported,supported,unsupported,unsupported
*globals*,global.globalThis.BigInt,supported,supported,supported,supported,unsupported,unsupported
*globals*,global.globalThis.BigInt64Array,supported,supported,supported,supported,unsupported,unsupported
*globals*,global.globalThis.BigUint64Array,supported,supported,supported,supported,unsupported,unsupported
*globals*,global.globalThis.Blob,supported,supported,supported,supported,unsupported,unsupported
*globals*,global.globalThis.Boolean,supported,supported,supported,supported,unsupported,unsupported
*globals*,global.globalThis.BroadcastChannel,supported,supported,unsupported,supported,unsupported,unsupported
*globals*,global.globalThis.Buffer,supported,supported,supported,supported,unsupported,unsupported
*globals*,global.globalThis.ByteLengthQueuingStrategy,supported,supported,supported,supported,unsupported,unsupported
*globals*,global.globalThis.CompressionStream,supported,supported,supported,unsupported,unsupported,unsupported
*globals*,global.globalThis.CountQueuingStrategy,supported,supported,supported,supported,unsupported,unsupported
*globals*,global.globalThis.Crypto,supported,supported,supported,supported,unsupported,unsupported
*globals*,global.globalThis.CryptoKey,supported,supported,supported,supported,unsupported,unsupported
*globals*,global.globalThis.CustomEvent,supported,supported,supported,supported,unsupported,unsupported
*globals*,global.globalThis.DOMException,supported,supported,supported,supported,unsupported,unsupported
*globals*,global.globalThis.DataView,supported,supported,supported,supported,unsupported,unsupported
*globals*,global.globalThis.Date,supported,supported,supported,supported,unsupported,unsupported
*globals*,global.globalThis.DecompressionStream,supported,supported,supported,unsupported,unsupported,unsupported
*globals*,global.globalThis.Error,supported,supported,supported,supported,unsupported,unsupported
*globals*,global.globalThis.EvalError,supported,supported,supported,supported,unsupported,unsupported
*globals*,global.globalThis.Event,supported,supported,supported,supported,unsupported,unsupported
*globals*,global.globalThis.EventTarget,supported,supported,supported,supported,unsupported,unsupported
*globals*,global.globalThis.File,supported,supported,supported,supported,unsupported,unsupported
*globals*,global.globalThis.FinalizationRegistry,supported,supported,unsupported,supported,unsupported,unsupported
*globals*,global.globalThis.Float32Array,supported,supported,supported,supported,unsupported,unsupported
*globals*,global.globalThis.Float64Array,supported,supported,supported,supported,unsupported,unsupported
*globals*,global.globalThis.FormData,supported,supported,supported,supported,unsupported,unsupported
*globals*,global.globalThis.Function,supported,supported,supported,supported,unsupported,unsupported
*globals*,global.globalThis.Headers,supported,supported,supported,supported,unsupported,unsupported
*globals*,global.globalThis.Infinity,supported,supported,supported,supported,unsupported,unsupported
*globals*,global.globalThis.Int16Array,supported,supported,supported,supported,unsupported,unsupported
*globals*,global.globalThis.Int32Array,supported,supported,supported,supported,unsupported,unsupported
*globals*,global.globalThis.Int8Array,supported,supported,supported,supported,unsupported,unsupported
*globals*,global.globalThis.Intl,supported,supported,supported,supported,unsupported,unsupported
*globals*,global.globalThis.Iterator,supported,supported,supported,supported,unsupported,unsupported
*globals*,global.globalThis.JSON,supported,supported,supported,supported,unsupported,unsupported
*globals*,global.globalThis.Map,supported,supported,supported,supported,unsupported,unsupported
*globals*,global.globalThis.Math,supported,supported,supported,supported,unsupported,unsupported
*globals*,global.globalThis.MessageChannel,supported,supported,unsupported,supported,unsupported,unsupported
*globals*,global.globalThis.MessageEvent,supported,supported,supported,supported,unsupported,unsupported
*globals*,global.globalThis.MessagePort,supported,supported,unsupported,supported,unsupported,unsupported
*globals*,global.globalThis.NaN,supported,supported,supported,supported,unsupported,unsupported
*globals*,global.globalThis.Navigator,supported,supported,supported,unsupported,unsupported,unsupported
*globals*,global.globalThis.Number,supported,supported,supported,supported,unsupported,unsupported
*globals*,global.globalThis.Object,supported,supported,supported,supported,unsupported,unsupported
*globals*,global.globalThis.Performance,supported,supported,supported,supported,unsupported,unsupported
*globals*,global.globalThis.PerformanceEntry,supported,supported,supported,supported,unsupported,unsupported
*globals*,global.globalThis.PerformanceMark,supported,supported,supported,supported,unsupported,unsupported
*globals*,global.globalThis.PerformanceMeasure,supported,supported,supported,supported,unsupported,unsupported
*globals*,global.globalThis.PerformanceObserver,supported,supported,supported,supported,unsupported,unsupported
*globals*,global.globalThis.PerformanceObserverEntryList,supported,supported,supported,supported,unsupported,unsupported
*globals*,global.globalThis.PerformanceResourceTiming,supported,supported,supported,supported,unsupported,unsupported
*globals*,global.globalThis.Promise,supported,supported,supported,supported,unsupported,unsupported
*globals*,global.globalThis.Proxy,supported,supported,supported,supported,unsupported,unsupported
*globals*,global.globalThis.RangeError,supported,supported,supported,supported,unsupported,unsupported
*globals*,global.globalThis.ReadableByteStreamController,supported,supported,supported,supported,unsupported,unsupported
*globals*,global.globalThis.ReadableStream,supported,supported,supported,supported,unsupported,unsupported
*globals*,global.globalThis.ReadableStreamBYOBReader,supported,supported,supported,supported,unsupported,unsupported
*globals*,global.globalThis.ReadableStreamBYOBRequest,supported,supported,supported,supported,unsupported,unsupported
*globals*,global.globalThis.ReadableStreamDefaultController,supported,supported,supported,supported,unsupported,unsupported
*globals*,global.globalThis.ReadableStreamDefaultReader,supported,supported,supported,supported,unsupported,unsupported
*globals*,global.globalThis.ReferenceError,supported,supported,supported,supported,unsupported,unsupported
*globals*,global.globalThis.Reflect,supported,supported,supported,supported,unsupported,unsupported
*globals*,global.globalThis.RegExp,supported,supported,supported,supported,unsupported,unsupported
*globals*,global.globalThis.Request,supported,supported,supported,supported,unsupported,unsupported
*globals*,global.globalThis.Response,supported,supported,supported,supported,unsupported,unsupported
*globals*,global.globalThis.Set,supported,supported,supported,supported,unsupported,unsupported
*globals*,global.globalThis.SharedArrayBuffer,supported,supported,supported,supported,unsupported,unsupported
*globals*,global.globalThis.String,supported,supported,supported,supported,unsupported,unsupported
*globals*,global.globalThis.SubtleCrypto,supported,supported,supported,supported,unsupported,unsupported
*globals*,global.globalThis.Symbol,supported,supported,supported,supported,unsupported,unsupported
*globals*,global.globalThis.SyntaxError,supported,supported,supported,supported,unsupported,unsupported
*globals*,global.globalThis.TextDecoder,supported,supported,supported,supported,unsupported,unsupported
*globals*,global.globalThis.TextDecoderStream,supported,supported,supported,supported,unsupported,unsupported
*globals*,global.globalThis.TextEncoder,supported,supported,supported,supported,unsupported,unsupported
*globals*,global.globalThis.TextEncoderStream,supported,supported,supported,supported,unsupported,unsupported
*globals*,global.globalThis.TransformStream,supported,supported,supported,supported,unsupported,unsupported
*globals*,global.globalThis.TransformStreamDefaultController,supported,supported,supported,supported,unsupported,unsupported
*globals*,global.globalThis.TypeError,supported,supported,supported,supported,unsupported,unsupported
*globals*,global.globalThis.URIError,supported,supported,supported,supported,unsupported,unsupported
*globals*,global.globalThis.URL,supported,supported,supported,supported,unsupported,unsupported
*globals*,global.globalThis.URLSearchParams,supported,supported,supported,supported,unsupported,unsupported
*globals*,global.globalThis.Uint16Array,supported,supported,supported,supported,unsupported,unsupported
*globals*,global.globalThis.Uint32Array,supported,supported,supported,supported,unsupported,unsupported
*globals*,global.globalThis.Uint8Array,supported,supported,supported,supported,unsupported,unsupported
*globals*,global.globalThis.Uint8ClampedArray,supported,supported,supported,supported,unsupported,unsupported
*globals*,global.globalThis.WeakMap,supported,supported,supported,supported,unsupported,unsupported
*globals*,global.globalThis.WeakRef,supported,supported,unsupported,supported,unsupported,unsupported
*globals*,global.globalThis.WeakSet,supported,supported,supported,supported,unsupported,unsupported
*globals*,global.globalThis.WebAssembly,supported,supported,supported,supported,unsupported,unsupported
*globals*,global.globalThis.WebSocket,supported,supported,supported,supported,unsupported,unsupported
*globals*,global.globalThis.WritableStream,supported,supported,supported,supported,unsupported,unsupported
*globals*,global.globalThis.WritableStreamDefaultController,supported,supported,supported,supported,unsupported,unsupported
*globals*,global.globalThis.WritableStreamDefaultWriter,supported,supported,supported,supported,unsupported,unsupported
*globals*,global.globalThis.atob,supported,supported,supported,supported,unsupported,unsupported
*globals*,global.globalThis.btoa,supported,supported,supported,supported,unsupported,unsupported
*globals*,global.globalThis.clearImmediate,supported,supported,supported,supported,unsupported,unsupported
*globals*,global.globalThis.clearInterval,supported,supported,supported,supported,unsupported,unsupported
*globals*,global.globalThis.clearTimeout,supported,supported,supported,supported,unsupported,unsupported
*globals*,global.globalThis.console,supported,supported,supported,supported,unsupported,unsupported
*globals*,global.globalThis.crypto,supported,supported,supported,supported,unsupported,unsupported
*globals*,global.globalThis.decodeURI,supported,supported,supported,supported,unsupported,unsupported
*globals*,global.globalThis.decodeURIComponent,supported,supported,supported,supported,unsupported,unsupported
*globals*,global.globalThis.encodeURI,supported,supported,supported,supported,unsupported,unsupported
*globals*,global.globalThis.encodeURIComponent,supported,supported,supported,supported,unsupported,unsupported
*globals*,global.globalThis.escape,supported,supported,supported,supported,unsupported,unsupported
*globals*,global.globalThis.eval,supported,supported,supported,supported,unsupported,unsupported
*globals*,global.globalThis.fetch,supported,supported,supported,supported,unsupported,unsupported
*globals*,global.globalThis.global,supported,supported,supported,supported,unsupported,unsupported
*globals*,global.globalThis.globalThis,supported,supported,supported,supported,unsupported,unsupported
*globals*,global.globalThis.isFinite,supported,supported,supported,supported,unsupported,unsupported
*globals*,global.globalThis.isNaN,supported,supported,supported,supported,unsupported,unsupported
*globals*,global.globalThis.navigator,supported,supported,supported,supported,unsupported,unsupported
*globals*,global.globalThis.parseFloat,supported,supported,supported,supported,unsupported,unsupported
*globals*,global.globalThis.parseInt,supported,supported,supported,supported,unsupported,unsupported
*globals*,global.globalThis.performance,supported,supported,stub,supported,unsupported,unsupported
*globals*,global.globalThis.process,supported,supported,supported,supported,unsupported,unsupported
*globals*,global.globalThis.queueMicrotask,supported,supported,supported,supported,unsupported,unsupported
*globals*,global.globalThis.setImmediate,supported,supported,supported,supported,unsupported,unsupported
*globals*,global.globalThis.setInterval,supported,supported,supported,supported,unsupported,unsupported
*globals*,global.globalThis.setTimeout,supported,supported,supported,supported,unsupported,unsupported
*globals*,global.globalThis.structuredClone,supported,supported,supported,supported,unsupported,unsupported
*globals*,global.globalThis.undefined,supported,supported,supported,supported,unsupported,unsupported
*globals*,global.globalThis.unescape,supported,supported,supported,supported,unsupported,unsupported
*globals*,global.isFinite,supported,supported,supported,supported,unsupported,unsupported
*globals*,global.isNaN,supported,supported,supported,supported,unsupported,unsupported
*globals*,global.navigator.*self*,supported,supported,supported,supported,unsupported,unsupported
*globals*,global.navigator.hardwareConcurrency,supported,supported,unsupported,supported,unsupported,unsupported
*globals*,global.navigator.language,supported,supported,unsupported,unsupported,unsupported,unsupported
*globals*,global.navigator.languages,supported,supported,unsupported,unsupported,unsupported,unsupported
*globals*,global.navigator.platform,supported,supported,unsupported,supported,unsupported,unsupported
*globals*,global.navigator.userAgent,supported,supported,supported,supported,unsupported,unsupported
*globals*,global.parseFloat,supported,supported,supported,supported,unsupported,unsupported
*globals*,global.parseInt,supported,supported,supported,supported,unsupported,unsupported
*globals*,global.performance.*self*,supported,supported,supported,supported,unsupported,unsupported
*globals*,global.performance.addEventListener,supported,supported,supported,supported,unsupported,unsupported
*globals*,global.performance.clearMarks,supported,supported,supported,supported,unsupported,unsupported
*globals*,global.performance.clearMeasures,supported,supported,supported,supported,unsupported,unsupported
*globals*,global.performance.clearResourceTimings,supported,supported,supported,supported,unsupported,unsupported
*globals*,global.performance.dispatchEvent,supported,supported,supported,supported,unsupported,unsupported
*globals*,global.performance.eventLoopUtilization,supported,supported,supported,unsupported,unsupported,unsupported
*globals*,global.performance.getEntries,supported,supported,supported,supported,unsupported,unsupported
*globals*,global.performance.getEntriesByName,supported,supported,supported,supported,unsupported,unsupported
*globals*,global.performance.getEntriesByType,supported,supported,supported,supported,unsupported,unsupported
*globals*,global.performance.mark,supported,supported,supported,supported,unsupported,unsupported
*globals*,global.performance.markResourceTiming,supported,supported,supported,supported,unsupported,unsupported
*globals*,global.performance.measure,supported,supported,supported,supported,unsupported,unsupported
*globals*,global.performance.nodeTiming,supported,supported,supported,unsupported,unsupported,unsupported
*globals*,global.performance.now,supported,supported,supported,supported,unsupported,unsupported
*globals*,global.performance.onresourcetimingbufferfull,supported,supported,supported,supported,unsupported,unsupported
*globals*,global.performance.removeEventListener,supported,supported,supported,supported,unsupported,unsupported
*globals*,global.performance.setResourceTimingBufferSize,supported,supported,supported,supported,unsupported,unsupported
*globals*,global.performance.timeOrigin,supported,supported,supported,supported,unsupported,unsupported
*globals*,global.performance.timerify,supported,supported,supported,unsupported,unsupported,unsupported
*globals*,global.performance.toJSON,supported,supported,supported,supported,unsupported,unsupported
*globals*,global.process.*self*,supported,supported,supported,supported,unsupported,unsupported
*globals*,global.process._debugEnd,supported,supported,mismatch,supported,unsupported,unsupported
*globals*,global.process._debugProcess,supported,supported,mismatch,supported,unsupported,unsupported
*globals*,global.process._events,supported,supported,mismatch,unsupported,unsupported,unsupported
*globals*,global.process._eventsCount,supported,supported,mismatch,unsupported,unsupported,unsupported
*globals*,global.process._exiting,supported,supported,mismatch,supported,unsupported,unsupported
*globals*,global.process._fatalException,supported,supported,mismatch,supported,unsupported,unsupported
*globals*,global.process._getActiveHandles,supported,supported,mismatch,supported,unsupported,unsupported
*globals*,global.process._getActiveRequests,supported,supported,mismatch,supported,unsupported,unsupported
*globals*,global.process._kill,supported,supported,mismatch,supported,unsupported,unsupported
*globals*,global.process._linkedBinding,supported,supported,mismatch,supported,unsupported,unsupported
*globals*,global.process._maxListeners,supported,supported,supported,unsupported,unsupported,unsupported
*globals*,global.process._preload_modules,supported,supported,mismatch,supported,unsupported,unsupported
*globals*,global.process._rawDebug,supported,supported,mismatch,supported,unsupported,unsupported
*globals*,global.process._startProfilerIdleNotifier,supported,supported,mismatch,supported,unsupported,unsupported
*globals*,global.process._stopProfilerIdleNotifier,supported,supported,mismatch,supported,unsupported,unsupported
*globals*,global.process._tickCallback,supported,supported,mismatch,supported,unsupported,unsupported
*globals*,global.process.abort,supported,supported,supported,supported,unsupported,unsupported
*globals*,global.process.addListener,supported,supported,supported,supported,unsupported,unsupported
*globals*,global.process.allowedNodeEnvironmentFlags,supported,supported,supported,supported,unsupported,unsupported
*globals*,global.process.arch,supported,supported,supported,supported,unsupported,unsupported
*globals*,global.process.argv,supported,supported,supported,supported,unsupported,unsupported
*globals*,global.process.argv0,supported,supported,supported,supported,unsupported,unsupported
*globals*,global.process.assert,supported,supported,supported,supported,unsupported,unsupported
*globals*,global.process.availableMemory,supported,supported,supported,supported,unsupported,unsupported
*globals*,global.process.binding,supported,supported,supported,supported,unsupported,unsupported
*globals*,global.process.chdir,supported,supported,supported,supported,unsupported,unsupported
*globals*,global.process.config,supported,supported,supported,supported,unsupported,unsupported
*globals*,global.process.constrainedMemory,supported,supported,supported,supported,unsupported,unsupported
*globals*,global.process.cpuUsage,supported,supported,supported,supported,unsupported,unsupported
*globals*,global.process.cwd,supported,supported,supported,supported,unsupported,unsupported
*globals*,global.process.debugPort,supported,supported,supported,supported,unsupported,unsupported
*globals*,global.process.dlopen,supported,supported,supported,supported,unsupported,unsupported
*globals*,global.process.domain,supported,supported,mismatch,unsupported,unsupported,unsupported
*globals*,global.process.emit,supported,supported,supported,supported,unsupported,unsupported
*globals*,global.process.emitWarning,supported,supported,supported,supported,unsupported,unsupported
*globals*,global.process.env,supported,supported,supported,supported,unsupported,unsupported
*globals*,global.process.eventNames,supported,supported,supported,supported,unsupported,unsupported
*globals*,global.process.execArgv,supported,supported,supported,supported,unsupported,unsupported
*globals*,global.process.execPath,supported,supported,supported,supported,unsupported,unsupported
*globals*,global.process.exit,supported,supported,supported,supported,unsupported,unsupported
*globals*,global.process.exitCode,supported,supported,supported,supported,unsupported,unsupported
*globals*,global.process.features,supported,supported,supported,supported,unsupported,unsupported
*globals*,global.process.finalization,supported,supported,supported,unsupported,unsupported,unsupported
*globals*,global.process.getActiveResourcesInfo,supported,supported,supported,supported,unsupported,unsupported
*globals*,global.process.getBuiltinModule,supported,supported,supported,unsupported,unsupported,unsupported
*globals*,global.process.getMaxListeners,supported,supported,supported,supported,unsupported,unsupported
*globals*,global.process.getegid,supported,supported,mismatch,supported,unsupported,unsupported
*globals*,global.process.geteuid,supported,supported,mismatch,supported,unsupported,unsupported
*globals*,global.process.getgid,supported,supported,mismatch,supported,unsupported,unsupported
*globals*,global.process.getgroups,supported,supported,mismatch,supported,unsupported,unsupported
*globals*,global.process.getuid,supported,supported,mismatch,supported,unsupported,unsupported
*globals*,global.process.hasUncaughtExceptionCaptureCallback,supported,supported,supported,supported,unsupported,unsupported
*globals*,global.process.hrtime,supported,supported,supported,supported,unsupported,unsupported
*globals*,global.process.initgroups,supported,supported,supported,unsupported,unsupported,unsupported
*globals*,global.process.kill,supported,supported,supported,supported,unsupported,unsupported
*globals*,global.process.listenerCount,supported,supported,supported,supported,unsupported,unsupported
*globals*,global.process.listeners,supported,supported,supported,supported,unsupported,unsupported
*globals*,global.process.loadEnvFile,supported,supported,supported,unsupported,unsupported,unsupported
*globals*,global.process.memoryUsage,supported,supported,supported,supported,unsupported,unsupported
*globals*,global.process.moduleLoadList,supported,supported,supported,supported,unsupported,unsupported
*globals*,global.process.nextTick,supported,supported,supported,supported,unsupported,unsupported
*globals*,global.process.off,supported,supported,supported,supported,unsupported,unsupported
*globals*,global.process.on,supported,supported,supported,supported,unsupported,unsupported
*globals*,global.process.once,supported,supported,supported,supported,unsupported,unsupported
*globals*,global.process.openStdin,supported,supported,supported,supported,unsupported,unsupported
*globals*,global.process.pid,supported,supported,supported,supported,unsupported,unsupported
*globals*,global.process.platform,supported,supported,supported,supported,unsupported,unsupported
*globals*,global.process.ppid,supported,supported,supported,supported,unsupported,unsupported
*globals*,global.process.prependListener,supported,supported,supported,supported,unsupported,unsupported
*globals*,global.process.prependOnceListener,supported,supported,supported,supported,unsupported,unsupported
*globals*,global.process.rawListeners,supported,supported,supported,supported,unsupported,unsupported
*globals*,global.process.reallyExit,supported,supported,supported,supported,unsupported,unsupported
*globals*,global.process.ref,supported,supported,unsupported,unsupported,unsupported,unsupported
*globals*,global.process.release,supported,supported,supported,supported,unsupported,unsupported
*globals*,global.process.removeAllListeners,supported,supported,supported,supported,unsupported,unsupported
*globals*,global.process.removeListener,supported,supported,supported,supported,unsupported,unsupported
*globals*,global.process.report,supported,supported,supported,supported,unsupported,unsupported
*globals*,global.process.resourceUsage,supported,supported,supported,unsupported,unsupported,unsupported
*globals*,global.process.setMaxListeners,supported,supported,supported,supported,unsupported,unsupported
*globals*,global.process.setSourceMapsEnabled,supported,supported,supported,supported,unsupported,unsupported
*globals*,global.process.setUncaughtExceptionCaptureCallback,supported,supported,supported,supported,unsupported,unsupported
*globals*,global.process.setegid,supported,supported,mismatch,supported,unsupported,unsupported
*globals*,global.process.seteuid,supported,supported,mismatch,supported,unsupported,unsupported
*globals*,global.process.setgid,supported,supported,mismatch,supported,unsupported,unsupported
*globals*,global.process.setgroups,supported,supported,mismatch,supported,unsupported,unsupported
*globals*,global.process.setuid,supported,supported,mismatch,supported,unsupported,unsupported
*globals*,global.process.sourceMapsEnabled,supported,supported,supported,unsupported,unsupported,unsupported
*globals*,global.process.stderr,supported,supported,supported,supported,unsupported,unsupported
*globals*,global.process.stdin,supported,supported,supported,supported,unsupported,unsupported
*globals*,global.process.stdout,supported,supported,supported,supported,unsupported,unsupported
*globals*,global.process.title,supported,supported,supported,supported,unsupported,unsupported
*globals*,global.process.umask,supported,supported,supported,supported,unsupported,unsupported
*globals*,global.process.unref,supported,supported,unsupported,unsupported,unsupported,unsupported
*globals*,global.process.uptime,supported,supported,supported,supported,unsupported,unsupported
*globals*,global.process.version,supported,supported,supported,supported,unsupported,unsupported
*globals*,global.process.versions,supported,supported,supported,supported,unsupported,unsupported
*globals*,global.queueMicrotask,supported,supported,supported,supported,unsupported,unsupported
*globals*,global.setImmediate,supported,supported,supported,supported,unsupported,unsupported
*globals*,global.setInterval,supported,supported,supported,supported,unsupported,unsupported
*globals*,global.setTimeout,supported,supported,supported,supported,unsupported,unsupported
*globals*,global.structuredClone,supported,supported,supported,supported,unsupported,unsupported
*globals*,global.undefined,supported,supported,supported,supported,unsupported,unsupported
*globals*,global.unescape,supported,supported,supported,supported,unsupported,unsupported
*globals*,globalThis.*self*,supported,supported,supported,supported,supported,supported
*globals*,globalThis.AbortController,supported,supported,supported,supported,supported,supported
*globals*,globalThis.AbortSignal,supported,supported,supported,supported,supported,supported
*globals*,globalThis.AggregateError,supported,supported,supported,supported,supported,supported
*globals*,globalThis.Array,supported,supported,supported,supported,supported,supported
*globals*,globalThis.ArrayBuffer,supported,supported,supported,supported,supported,supported
*globals*,globalThis.Atomics.*self*,supported,supported,supported,supported,supported,supported
*globals*,globalThis.Atomics.add,supported,supported,supported,supported,supported,supported
*globals*,globalThis.Atomics.and,supported,supported,supported,supported,supported,supported
*globals*,globalThis.Atomics.compareExchange,supported,supported,supported,supported,supported,supported
*globals*,globalThis.Atomics.exchange,supported,supported,supported,supported,supported,supported
*globals*,globalThis.Atomics.isLockFree,supported,supported,supported,supported,supported,supported
*globals*,globalThis.Atomics.load,supported,supported,supported,supported,supported,supported
*globals*,globalThis.Atomics.notify,supported,supported,supported,supported,supported,supported
*globals*,globalThis.Atomics.or,supported,supported,supported,supported,supported,supported
*globals*,globalThis.Atomics.store,supported,supported,supported,supported,supported,supported
*globals*,globalThis.Atomics.sub,supported,supported,supported,supported,supported,supported
*globals*,globalThis.Atomics.wait,supported,supported,supported,supported,supported,supported
*globals*,globalThis.Atomics.waitAsync,supported,supported,supported,supported,supported,supported
*globals*,globalThis.Atomics.xor,supported,supported,supported,supported,supported,supported
*globals*,globalThis.BigInt,supported,supported,supported,supported,supported,supported
*globals*,globalThis.BigInt64Array,supported,supported,supported,supported,supported,supported
*globals*,globalThis.BigUint64Array,supported,supported,supported,supported,supported,supported
*globals*,globalThis.Blob,supported,supported,supported,supported,supported,supported
*globals*,globalThis.Boolean,supported,supported,supported,supported,supported,supported
*globals*,globalThis.BroadcastChannel,supported,supported,unsupported,supported,unsupported,unsupported
*globals*,globalThis.Buffer,supported,supported,supported,supported,unsupported,unsupported
*globals*,globalThis.ByteLengthQueuingStrategy,supported,supported,supported,supported,supported,supported
*globals*,globalThis.CompressionStream,supported,supported,supported,unsupported,supported,supported
*globals*,globalThis.CountQueuingStrategy,supported,supported,supported,supported,supported,supported
*globals*,globalThis.Crypto,supported,supported,supported,supported,supported,unsupported
*globals*,globalThis.CryptoKey,supported,supported,supported,supported,supported,unsupported
*globals*,globalThis.CustomEvent,supported,supported,supported,supported,supported,supported
*globals*,globalThis.DOMException,supported,supported,supported,supported,supported,supported
*globals*,globalThis.DataView,supported,supported,supported,supported,supported,supported
*globals*,globalThis.Date,supported,supported,supported,supported,supported,supported
*globals*,globalThis.DecompressionStream,supported,supported,supported,unsupported,supported,supported
*globals*,globalThis.Error,supported,supported,supported,supported,supported,supported
*globals*,globalThis.EvalError,supported,supported,supported,supported,supported,supported
*globals*,globalThis.Event,supported,supported,supported,supported,supported,supported
*globals*,globalThis.EventTarget,supported,supported,supported,supported,supported,supported
*globals*,globalThis.File,supported,supported,supported,supported,supported,supported
*globals*,globalThis.FinalizationRegistry,supported,supported,unsupported,supported,supported,supported
*globals*,globalThis.Float32Array,supported,supported,supported,supported,supported,supported
*globals*,globalThis.Float64Array,supported,supported,supported,supported,supported,supported
*globals*,globalThis.FormData,supported,supported,supported,supported,supported,supported
*globals*,globalThis.Function,supported,supported,supported,supported,supported,supported
*globals*,globalThis.Headers,supported,supported,supported,supported,supported,supported
*globals*,globalThis.Infinity,supported,supported,supported,supported,supported,supported
*globals*,globalThis.Int16Array,supported,supported,supported,supported,supported,supported
*globals*,globalThis.Int32Array,supported,supported,supported,supported,supported,supported
*globals*,globalThis.Int8Array,supported,supported,supported,supported,supported,supported
*globals*,globalThis.Intl.*self*,supported,supported,supported,supported,supported,supported
*globals*,globalThis.Intl.Collator,supported,supported,supported,supported,supported,supported
*globals*,globalThis.Intl.DateTimeFormat,supported,supported,supported,supported,supported,supported
*globals*,globalThis.Intl.DisplayNames,supported,supported,supported,supported,supported,supported
*globals*,globalThis.Intl.ListFormat,supported,supported,supported,supported,supported,supported
*globals*,globalThis.Intl.Locale,supported,supported,supported,supported,supported,supported
*globals*,globalThis.Intl.NumberFormat,supported,supported,supported,supported,supported,supported
*globals*,globalThis.Intl.PluralRules,supported,supported,supported,supported,supported,supported
*globals*,globalThis.Intl.RelativeTimeFormat,supported,supported,supported,supported,supported,supported
*globals*,globalThis.Intl.Segmenter,supported,supported,supported,supported,supported,supported
*globals*,globalThis.Intl.getCanonicalLocales,supported,supported,supported,supported,supported,supported
*globals*,globalThis.Intl.supportedValuesOf,supported,supported,supported,supported,supported,supported
*globals*,globalThis.Iterator,supported,supported,supported,supported,supported,supported
*globals*,globalThis.JSON.*self*,supported,supported,supported,supported,supported,supported
*globals*,globalThis.JSON.isRawJSON,supported,supported,supported,supported,supported,supported
*globals*,globalThis.JSON.parse,supported,supported,supported,supported,supported,supported
*globals*,globalThis.JSON.rawJSON,supported,supported,supported,supported,supported,supported
*globals*,globalThis.JSON.stringify,supported,supported,supported,supported,supported,supported
*globals*,globalThis.Map,supported,supported,supported,supported,supported,supported
*globals*,globalThis.Math.*self*,supported,supported,supported,supported,supported,supported
*globals*,globalThis.Math.E,supported,supported,supported,supported,supported,supported
*globals*,globalThis.Math.LN10,supported,supported,supported,supported,supported,supported
*globals*,globalThis.Math.LN2,supported,supported,supported,supported,supported,supported
*globals*,globalThis.Math.LOG10E,supported,supported,supported,supported,supported,supported
*globals*,globalThis.Math.LOG2E,supported,supported,supported,supported,supported,supported
*globals*,globalThis.Math.PI,supported,supported,supported,supported,supported,supported
*globals*,globalThis.Math.SQRT1_2,supported,supported,supported,supported,supported,supported
*globals*,globalThis.Math.SQRT2,supported,supported,supported,supported,supported,supported
*globals*,globalThis.Math.abs,supported,supported,supported,supported,supported,supported
*globals*,globalThis.Math.acos,supported,supported,supported,supported,supported,supported
*globals*,globalThis.Math.acosh,supported,supported,supported,supported,supported,supported
*globals*,globalThis.Math.asin,supported,supported,supported,supported,supported,supported
*globals*,globalThis.Math.asinh,supported,supported,supported,supported,supported,supported
*globals*,globalThis.Math.atan,supported,supported,supported,supported,supported,supported
*globals*,globalThis.Math.atan2,supported,supported,supported,supported,supported,supported
*globals*,globalThis.Math.atanh,supported,supported,supported,supported,supported,supported
*globals*,globalThis.Math.cbrt,supported,supported,supported,supported,supported,supported
*globals*,globalThis.Math.ceil,supported,supported,supported,supported,supported,supported
*globals*,globalThis.Math.clz32,supported,supported,supported,supported,supported,supported
*globals*,globalThis.Math.cos,supported,supported,supported,supported,supported,supported
*globals*,globalThis.Math.cosh,supported,supported,supported,supported,supported,supported
*globals*,globalThis.Math.exp,supported,supported,supported,supported,supported,supported
*globals*,globalThis.Math.expm1,supported,supported,supported,supported,supported,supported
*globals*,globalThis.Math.floor,supported,supported,supported,supported,supported,supported
*globals*,globalThis.Math.fround,supported,supported,supported,supported,supported,supported
*globals*,globalThis.Math.hypot,supported,supported,supported,supported,supported,supported
*globals*,globalThis.Math.imul,supported,supported,supported,supported,supported,supported
*globals*,globalThis.Math.log,supported,supported,supported,supported,supported,supported
*globals*,globalThis.Math.log10,supported,supported,supported,supported,supported,supported
*globals*,globalThis.Math.log1p,supported,supported,supported,supported,supported,supported
*globals*,globalThis.Math.log2,supported,supported,supported,supported,supported,supported
*globals*,globalThis.Math.max,supported,supported,supported,supported,supported,supported
*globals*,globalThis.Math.min,supported,supported,supported,supported,supported,supported
*globals*,globalThis.Math.pow,supported,supported,supported,supported,supported,supported
*globals*,globalThis.Math.random,supported,supported,supported,supported,supported,supported
*globals*,globalThis.Math.round,supported,supported,supported,supported,supported,supported
*globals*,globalThis.Math.sign,supported,supported,supported,supported,supported,supported
*globals*,globalThis.Math.sin,supported,supported,supported,supported,supported,supported
*globals*,globalThis.Math.sinh,supported,supported,supported,supported,supported,supported
*globals*,globalThis.Math.sqrt,supported,supported,supported,supported,supported,supported
*globals*,globalThis.Math.tan,supported,supported,supported,supported,supported,supported
*globals*,globalThis.Math.tanh,supported,supported,supported,supported,supported,supported
*globals*,globalThis.Math.trunc,supported,supported,supported,supported,supported,supported
*globals*,globalThis.MessageChannel,supported,supported,unsupported,supported,supported,supported
*globals*,globalThis.MessageEvent,supported,supported,supported,supported,supported,supported
*globals*,globalThis.MessagePort,supported,supported,unsupported,supported,supported,supported
*globals*,globalThis.NaN,supported,supported,supported,supported,supported,supported
*globals*,globalThis.Navigator,supported,supported,supported,unsupported,supported,unsupported
*globals*,globalThis.Number,supported,supported,supported,supported,supported,supported
*globals*,globalThis.Object,supported,supported,supported,supported,supported,supported
*globals*,globalThis.Performance,supported,supported,supported,supported,supported,supported
*globals*,globalThis.PerformanceEntry,supported,supported,supported,supported,supported,supported
*globals*,globalThis.PerformanceMark,supported,supported,supported,supported,supported,supported
*globals*,globalThis.PerformanceMeasure,supported,supported,supported,supported,supported,supported
*globals*,globalThis.PerformanceObserver,supported,supported,supported,supported,unsupported,unsupported
*globals*,globalThis.PerformanceObserverEntryList,supported,supported,supported,supported,unsupported,unsupported
*globals*,globalThis.PerformanceResourceTiming,supported,supported,supported,supported,unsupported,unsupported
*globals*,globalThis.Promise,supported,supported,supported,supported,supported,supported
*globals*,globalThis.Proxy,supported,supported,supported,supported,supported,supported
*globals*,globalThis.RangeError,supported,supported,supported,supported,supported,supported
*globals*,globalThis.ReadableByteStreamController,supported,supported,supported,supported,supported,supported
*globals*,globalThis.ReadableStream,supported,supported,supported,supported,supported,supported
*globals*,globalThis.ReadableStreamBYOBReader,supported,supported,supported,supported,supported,supported
*globals*,globalThis.ReadableStreamBYOBRequest,supported,supported,supported,supported,supported,supported
*globals*,globalThis.ReadableStreamDefaultController,supported,supported,supported,supported,supported,supported
*globals*,globalThis.ReadableStreamDefaultReader,supported,supported,supported,supported,supported,supported
*globals*,globalThis.ReferenceError,supported,supported,supported,supported,supported,supported
*globals*,globalThis.Reflect.*self*,supported,supported,supported,supported,supported,supported
*globals*,globalThis.Reflect.apply,supported,supported,supported,supported,supported,supported
*globals*,globalThis.Reflect.construct,supported,supported,supported,supported,supported,supported
*globals*,globalThis.Reflect.defineProperty,supported,supported,supported,supported,supported,supported
*globals*,globalThis.Reflect.deleteProperty,supported,supported,supported,supported,supported,supported
*globals*,globalThis.Reflect.get,supported,supported,supported,supported,supported,supported
*globals*,globalThis.Reflect.getOwnPropertyDescriptor,supported,supported,supported,supported,supported,supported
*globals*,globalThis.Reflect.getPrototypeOf,supported,supported,supported,supported,supported,supported
*globals*,globalThis.Reflect.has,supported,supported,supported,supported,supported,supported
*globals*,globalThis.Reflect.isExtensible,supported,supported,supported,supported,supported,supported
*globals*,globalThis.Reflect.ownKeys,supported,supported,supported,supported,supported,supported
*globals*,globalThis.Reflect.preventExtensions,supported,supported,supported,supported,supported,supported
*globals*,globalThis.Reflect.set,supported,supported,supported,supported,supported,supported
*globals*,globalThis.Reflect.setPrototypeOf,supported,supported,supported,supported,supported,supported
*globals*,globalThis.RegExp,supported,supported,supported,supported,supported,supported
*globals*,globalThis.Request,supported,supported,supported,supported,supported,supported
*globals*,globalThis.Response,supported,supported,supported,supported,supported,supported
*globals*,globalThis.Set,supported,supported,supported,supported,supported,supported
*globals*,globalThis.SharedArrayBuffer,supported,supported,supported,supported,supported,supported
*globals*,globalThis.String,supported,supported,supported,supported,supported,supported
*globals*,globalThis.SubtleCrypto,supported,supported,supported,supported,supported,unsupported
*globals*,globalThis.Symbol,supported,supported,supported,supported,supported,supported
*globals*,globalThis.SyntaxError,supported,supported,supported,supported,supported,supported
*globals*,globalThis.TextDecoder,supported,supported,supported,supported,supported,supported
*globals*,globalThis.TextDecoderStream,supported,supported,supported,supported,supported,supported
*globals*,globalThis.TextEncoder,supported,supported,supported,supported,supported,supported
*globals*,globalThis.TextEncoderStream,supported,supported,supported,supported,supported,supported
*globals*,globalThis.TransformStream,supported,supported,supported,supported,supported,supported
*globals*,globalThis.TransformStreamDefaultController,supported,supported,supported,supported,supported,supported
*globals*,globalThis.TypeError,supported,supported,supported,supported,supported,supported
*globals*,globalThis.URIError,supported,supported,supported,supported,supported,supported
*globals*,globalThis.URL,supported,supported,supported,supported,supported,supported
*globals*,globalThis.URLSearchParams,supported,supported,supported,supported,supported,unsupported
*globals*,globalThis.Uint16Array,supported,supported,supported,supported,supported,supported
*globals*,globalThis.Uint32Array,supported,supported,supported,supported,supported,supported
*globals*,globalThis.Uint8Array,supported,supported,supported,supported,supported,supported
*globals*,globalThis.Uint8ClampedArray,supported,supported,supported,supported,supported,supported
*globals*,globalThis.WeakMap,supported,supported,supported,supported,supported,supported
*globals*,globalThis.WeakRef,supported,supported,unsupported,supported,supported,supported
*globals*,globalThis.WeakSet,supported,supported,supported,supported,supported,supported
*globals*,globalThis.WebAssembly.*self*,supported,supported,supported,supported,supported,supported
*globals*,globalThis.WebAssembly.CompileError,supported,supported,supported,supported,supported,supported
*globals*,globalThis.WebAssembly.Exception,supported,supported,supported,supported,supported,supported
*globals*,globalThis.WebAssembly.Global,supported,supported,supported,supported,supported,supported
*globals*,globalThis.WebAssembly.Instance,supported,supported,supported,supported,supported,supported
*globals*,globalThis.WebAssembly.JSTag,supported,supported,supported,unsupported,supported,supported
*globals*,globalThis.WebAssembly.LinkError,supported,supported,supported,supported,supported,supported
*globals*,globalThis.WebAssembly.Memory,supported,supported,supported,supported,supported,supported
*globals*,globalThis.WebAssembly.Module,supported,supported,supported,supported,supported,supported
*globals*,globalThis.WebAssembly.RuntimeError,supported,supported,supported,supported,supported,supported
*globals*,globalThis.WebAssembly.Table,supported,supported,supported,supported,supported,supported
*globals*,globalThis.WebAssembly.Tag,supported,supported,supported,supported,supported,supported
*globals*,globalThis.WebAssembly.compile,supported,supported,supported,supported,supported,supported
*globals*,globalThis.WebAssembly.compileStreaming,supported,supported,unsupported,unsupported,supported,supported
*globals*,globalThis.WebAssembly.instantiate,supported,supported,supported,supported,supported,supported
*globals*,globalThis.WebAssembly.instantiateStreaming,supported,supported,unsupported,unsupported,supported,supported
*globals*,globalThis.WebAssembly.validate,supported,supported,supported,supported,supported,supported
*globals*,globalThis.WebSocket,supported,supported,supported,supported,supported,unsupported
*globals*,globalThis.WritableStream,supported,supported,supported,supported,supported,supported
*globals*,globalThis.WritableStreamDefaultController,supported,supported,supported,supported,supported,supported
*globals*,globalThis.WritableStreamDefaultWriter,supported,supported,supported,supported,supported,supported
*globals*,globalThis.atob,supported,supported,supported,supported,supported,supported
*globals*,globalThis.btoa,supported,supported,supported,supported,supported,supported
*globals*,globalThis.clearImmediate,supported,supported,supported,supported,unsupported,unsupported
*globals*,globalThis.clearInterval,supported,supported,supported,supported,supported,supported
*globals*,globalThis.clearTimeout,supported,supported,supported,supported,supported,supported
*globals*,globalThis.console.*self*,supported,supported,supported,supported,supported,supported
*globals*,globalThis.console.Console,supported,supported,supported,supported,supported,unsupported
*globals*,globalThis.console._ignoreErrors,supported,supported,supported,unsupported,unsupported,unsupported
*globals*,globalThis.console._stderr,supported,supported,supported,supported,supported,unsupported
*globals*,globalThis.console._stderrErrorHandler,supported,supported,stub,unsupported,unsupported,unsupported
*globals*,globalThis.console._stdout,supported,supported,supported,supported,supported,unsupported
*globals*,globalThis.console._stdoutErrorHandler,supported,supported,stub,unsupported,unsupported,unsupported
*globals*,globalThis.console._times,supported,supported,supported,unsupported,unsupported,unsupported
*globals*,globalThis.console.assert,supported,supported,supported,supported,supported,supported
*globals*,globalThis.console.clear,supported,supported,supported,supported,supported,supported
*globals*,globalThis.console.context,supported,supported,supported,unsupported,unsupported,unsupported
*globals*,globalThis.console.count,supported,supported,supported,supported,supported,supported
*globals*,globalThis.console.countReset,supported,supported,supported,supported,supported,supported
*globals*,globalThis.console.createTask,supported,supported,supported,unsupported,supported,unsupported
*globals*,globalThis.console.debug,supported,supported,supported,supported,supported,supported
*globals*,globalThis.console.dir,supported,supported,supported,supported,supported,supported
*globals*,globalThis.console.dirxml,supported,supported,supported,supported,supported,supported
*globals*,globalThis.console.error,supported,supported,supported,supported,supported,supported
*globals*,globalThis.console.group,supported,supported,supported,supported,supported,supported
*globals*,globalThis.console.groupCollapsed,supported,supported,supported,supported,supported,supported
*globals*,globalThis.console.groupEnd,supported,supported,supported,supported,supported,supported
*globals*,globalThis.console.info,supported,supported,supported,supported,supported,supported
*globals*,globalThis.console.log,supported,supported,supported,supported,supported,supported
*globals*,globalThis.console.profile,supported,supported,supported,supported,supported,supported
*globals*,globalThis.console.profileEnd,supported,supported,supported,supported,supported,supported
*globals*,globalThis.console.table,supported,supported,supported,supported,supported,supported
*globals*,globalThis.console.time,supported,supported,supported,supported,supported,supported
*globals*,globalThis.console.timeEnd,supported,supported,supported,supported,supported,supported
*globals*,globalThis.console.timeLog,supported,supported,supported,supported,supported,supported
*globals*,globalThis.console.timeStamp,supported,supported,supported,supported,supported,supported
*globals*,globalThis.console.trace,supported,supported,supported,supported,supported,supported
*globals*,globalThis.console.warn,supported,supported,supported,supported,supported,supported
*globals*,globalThis.crypto.*self*,supported,supported,supported,supported,supported,unsupported
*globals*,globalThis.crypto.getRandomValues,supported,supported,supported,supported,supported,unsupported
*globals*,globalThis.crypto.randomUUID,supported,supported,supported,supported,supported,unsupported
*globals*,globalThis.crypto.subtle,supported,supported,supported,supported,supported,unsupported
*globals*,globalThis.decodeURI,supported,supported,supported,supported,supported,supported
*globals*,globalThis.decodeURIComponent,supported,supported,supported,supported,supported,supported
*globals*,globalThis.encodeURI,supported,supported,supported,supported,supported,supported
*globals*,globalThis.encodeURIComponent,supported,supported,supported,supported,supported,supported
*globals*,globalThis.escape,supported,supported,supported,supported,supported,supported
*globals*,globalThis.eval,supported,supported,supported,supported,supported,supported
*globals*,globalThis.fetch,supported,supported,supported,supported,supported,supported
*globals*,globalThis.global.*self*,supported,supported,supported,supported,unsupported,unsupported
*globals*,globalThis.global.AbortController,supported,supported,supported,supported,unsupported,unsupported
*globals*,globalThis.global.AbortSignal,supported,supported,supported,supported,unsupported,unsupported
*globals*,globalThis.global.AggregateError,supported,supported,supported,supported,unsupported,unsupported
*globals*,globalThis.global.Array,supported,supported,supported,supported,unsupported,unsupported
*globals*,globalThis.global.ArrayBuffer,supported,supported,supported,supported,unsupported,unsupported
*globals*,globalThis.global.Atomics,supported,supported,supported,supported,unsupported,unsupported
*globals*,globalThis.global.BigInt,supported,supported,supported,supported,unsupported,unsupported
*globals*,globalThis.global.BigInt64Array,supported,supported,supported,supported,unsupported,unsupported
*globals*,globalThis.global.BigUint64Array,supported,supported,supported,supported,unsupported,unsupported
*globals*,globalThis.global.Blob,supported,supported,supported,supported,unsupported,unsupported
*globals*,globalThis.global.Boolean,supported,supported,supported,supported,unsupported,unsupported
*globals*,globalThis.global.BroadcastChannel,supported,supported,unsupported,supported,unsupported,unsupported
*globals*,globalThis.global.Buffer,supported,supported,supported,supported,unsupported,unsupported
*globals*,globalThis.global.ByteLengthQueuingStrategy,supported,supported,supported,supported,unsupported,unsupported
*globals*,globalThis.global.CompressionStream,supported,supported,supported,unsupported,unsupported,unsupported
*globals*,globalThis.global.CountQueuingStrategy,supported,supported,supported,supported,unsupported,unsupported
*globals*,globalThis.global.Crypto,supported,supported,supported,supported,unsupported,unsupported
*globals*,globalThis.global.CryptoKey,supported,supported,supported,supported,unsupported,unsupported
*globals*,globalThis.global.CustomEvent,supported,supported,supported,supported,unsupported,unsupported
*globals*,globalThis.global.DOMException,supported,supported,supported,supported,unsupported,unsupported
*globals*,globalThis.global.DataView,supported,supported,supported,supported,unsupported,unsupported
*globals*,globalThis.global.Date,supported,supported,supported,supported,unsupported,unsupported
*globals*,globalThis.global.DecompressionStream,supported,supported,supported,unsupported,unsupported,unsupported
*globals*,globalThis.global.Error,supported,supported,supported,supported,unsupported,unsupported
*globals*,globalThis.global.EvalError,supported,supported,supported,supported,unsupported,unsupported
*globals*,globalThis.global.Event,supported,supported,supported,supported,unsupported,unsupported
*globals*,globalThis.global.EventTarget,supported,supported,supported,supported,unsupported,unsupported
*globals*,globalThis.global.File,supported,supported,supported,supported,unsupported,unsupported
*globals*,globalThis.global.FinalizationRegistry,supported,supported,unsupported,supported,unsupported,unsupported
*globals*,globalThis.global.Float32Array,supported,supported,supported,supported,unsupported,unsupported
*globals*,globalThis.global.Float64Array,supported,supported,supported,supported,unsupported,unsupported
*globals*,globalThis.global.FormData,supported,supported,supported,supported,unsupported,unsupported
*globals*,globalThis.global.Function,supported,supported,supported,supported,unsupported,unsupported
*globals*,globalThis.global.Headers,supported,supported,supported,supported,unsupported,unsupported
*globals*,globalThis.global.Infinity,supported,supported,supported,supported,unsupported,unsupported
*globals*,globalThis.global.Int16Array,supported,supported,supported,supported,unsupported,unsupported
*globals*,globalThis.global.Int32Array,supported,supported,supported,supported,unsupported,unsupported
*globals*,globalThis.global.Int8Array,supported,supported,supported,supported,unsupported,unsupported
*globals*,globalThis.global.Intl,supported,supported,supported,supported,unsupported,unsupported
*globals*,globalThis.global.Iterator,supported,supported,supported,supported,unsupported,unsupported
*globals*,globalThis.global.JSON,supported,supported,supported,supported,unsupported,unsupported
*globals*,globalThis.global.Map,supported,supported,supported,supported,unsupported,unsupported
*globals*,globalThis.global.Math,supported,supported,supported,supported,unsupported,unsupported
*globals*,globalThis.global.MessageChannel,supported,supported,unsupported,supported,unsupported,unsupported
*globals*,globalThis.global.MessageEvent,supported,supported,supported,supported,unsupported,unsupported
*globals*,globalThis.global.MessagePort,supported,supported,unsupported,supported,unsupported,unsupported
*globals*,globalThis.global.NaN,supported,supported,supported,supported,unsupported,unsupported
*globals*,globalThis.global.Navigator,supported,supported,supported,unsupported,unsupported,unsupported
*globals*,globalThis.global.Number,supported,supported,supported,supported,unsupported,unsupported
*globals*,globalThis.global.Object,supported,supported,supported,supported,unsupported,unsupported
*globals*,globalThis.global.Performance,supported,supported,supported,supported,unsupported,unsupported
*globals*,globalThis.global.PerformanceEntry,supported,supported,supported,supported,unsupported,unsupported
*globals*,globalThis.global.PerformanceMark,supported,supported,supported,supported,unsupported,unsupported
*globals*,globalThis.global.PerformanceMeasure,supported,supported,supported,supported,unsupported,unsupported
*globals*,globalThis.global.PerformanceObserver,supported,supported,supported,supported,unsupported,unsupported
*globals*,globalThis.global.PerformanceObserverEntryList,supported,supported,supported,supported,unsupported,unsupported
*globals*,globalThis.global.PerformanceResourceTiming,supported,supported,supported,supported,unsupported,unsupported
*globals*,globalThis.global.Promise,supported,supported,supported,supported,unsupported,unsupported
*globals*,globalThis.global.Proxy,supported,supported,supported,supported,unsupported,unsupported
*globals*,globalThis.global.RangeError,supported,supported,supported,supported,unsupported,unsupported
*globals*,globalThis.global.ReadableByteStreamController,supported,supported,supported,supported,unsupported,unsupported
*globals*,globalThis.global.ReadableStream,supported,supported,supported,supported,unsupported,unsupported
*globals*,globalThis.global.ReadableStreamBYOBReader,supported,supported,supported,supported,unsupported,unsupported
*globals*,globalThis.global.ReadableStreamBYOBRequest,supported,supported,supported,supported,unsupported,unsupported
*globals*,globalThis.global.ReadableStreamDefaultController,supported,supported,supported,supported,unsupported,unsupported
*globals*,globalThis.global.ReadableStreamDefaultReader,supported,supported,supported,supported,unsupported,unsupported
*globals*,globalThis.global.ReferenceError,supported,supported,supported,supported,unsupported,unsupported
*globals*,globalThis.global.Reflect,supported,supported,supported,supported,unsupported,unsupported
*globals*,globalThis.global.RegExp,supported,supported,supported,supported,unsupported,unsupported
*globals*,globalThis.global.Request,supported,supported,supported,supported,unsupported,unsupported
*globals*,globalThis.global.Response,supported,supported,supported,supported,unsupported,unsupported
*globals*,globalThis.global.Set,supported,supported,supported,supported,unsupported,unsupported
*globals*,globalThis.global.SharedArrayBuffer,supported,supported,supported,supported,unsupported,unsupported
*globals*,globalThis.global.String,supported,supported,supported,supported,unsupported,unsupported
*globals*,globalThis.global.SubtleCrypto,supported,supported,supported,supported,unsupported,unsupported
*globals*,globalThis.global.Symbol,supported,supported,supported,supported,unsupported,unsupported
*globals*,globalThis.global.SyntaxError,supported,supported,supported,supported,unsupported,unsupported
*globals*,globalThis.global.TextDecoder,supported,supported,supported,supported,unsupported,unsupported
*globals*,globalThis.global.TextDecoderStream,supported,supported,supported,supported,unsupported,unsupported
*globals*,globalThis.global.TextEncoder,supported,supported,supported,supported,unsupported,unsupported
*globals*,globalThis.global.TextEncoderStream,supported,supported,supported,supported,unsupported,unsupported
*globals*,globalThis.global.TransformStream,supported,supported,supported,supported,unsupported,unsupported
*globals*,globalThis.global.TransformStreamDefaultController,supported,supported,supported,supported,unsupported,unsupported
*globals*,globalThis.global.TypeError,supported,supported,supported,supported,unsupported,unsupported
*globals*,globalThis.global.URIError,supported,supported,supported,supported,unsupported,unsupported
*globals*,globalThis.global.URL,supported,supported,supported,supported,unsupported,unsupported
*globals*,globalThis.global.URLSearchParams,supported,supported,supported,supported,unsupported,unsupported
*globals*,globalThis.global.Uint16Array,supported,supported,supported,supported,unsupported,unsupported
*globals*,globalThis.global.Uint32Array,supported,supported,supported,supported,unsupported,unsupported
*globals*,globalThis.global.Uint8Array,supported,supported,supported,supported,unsupported,unsupported
*globals*,globalThis.global.Uint8ClampedArray,supported,supported,supported,supported,unsupported,unsupported
*globals*,globalThis.global.WeakMap,supported,supported,supported,supported,unsupported,unsupported
*globals*,globalThis.global.WeakRef,supported,supported,unsupported,supported,unsupported,unsupported
*globals*,globalThis.global.WeakSet,supported,supported,supported,supported,unsupported,unsupported
*globals*,globalThis.global.WebAssembly,supported,supported,supported,supported,unsupported,unsupported
*globals*,globalThis.global.WebSocket,supported,supported,supported,supported,unsupported,unsupported
*globals*,globalThis.global.WritableStream,supported,supported,supported,supported,unsupported,unsupported
*globals*,globalThis.global.WritableStreamDefaultController,supported,supported,supported,supported,unsupported,unsupported
*globals*,globalThis.global.WritableStreamDefaultWriter,supported,supported,supported,supported,unsupported,unsupported
*globals*,globalThis.global.atob,supported,supported,supported,supported,unsupported,unsupported
*globals*,globalThis.global.btoa,supported,supported,supported,supported,unsupported,unsupported
*globals*,globalThis.global.clearImmediate,supported,supported,supported,supported,unsupported,unsupported
*globals*,globalThis.global.clearInterval,supported,supported,supported,supported,unsupported,unsupported
*globals*,globalThis.global.clearTimeout,supported,supported,supported,supported,unsupported,unsupported
*globals*,globalThis.global.console,supported,supported,supported,supported,unsupported,unsupported
*globals*,globalThis.global.crypto,supported,supported,supported,supported,unsupported,unsupported
*globals*,globalThis.global.decodeURI,supported,supported,supported,supported,unsupported,unsupported
*globals*,globalThis.global.decodeURIComponent,supported,supported,supported,supported,unsupported,unsupported
*globals*,globalThis.global.encodeURI,supported,supported,supported,supported,unsupported,unsupported
*globals*,globalThis.global.encodeURIComponent,supported,supported,supported,supported,unsupported,unsupported
*globals*,globalThis.global.escape,supported,supported,supported,supported,unsupported,unsupported
*globals*,globalThis.global.eval,supported,supported,supported,supported,unsupported,unsupported
*globals*,globalThis.global.fetch,supported,supported,supported,supported,unsupported,unsupported
*globals*,globalThis.global.global,supported,supported,supported,supported,unsupported,unsupported
*globals*,globalThis.global.globalThis,supported,supported,supported,supported,unsupported,unsupported
*globals*,globalThis.global.isFinite,supported,supported,supported,supported,unsupported,unsupported
*globals*,globalThis.global.isNaN,supported,supported,supported,supported,unsupported,unsupported
*globals*,globalThis.global.navigator,supported,supported,supported,supported,unsupported,unsupported
*globals*,globalThis.global.parseFloat,supported,supported,supported,supported,unsupported,unsupported
*globals*,globalThis.global.parseInt,supported,supported,supported,supported,unsupported,unsupported
*globals*,globalThis.global.performance,supported,supported,stub,supported,unsupported,unsupported
*globals*,globalThis.global.process,supported,supported,supported,supported,unsupported,unsupported
*globals*,globalThis.global.queueMicrotask,supported,supported,supported,supported,unsupported,unsupported
*globals*,globalThis.global.setImmediate,supported,supported,supported,supported,unsupported,unsupported
*globals*,globalThis.global.setInterval,supported,supported,supported,supported,unsupported,unsupported
*globals*,globalThis.global.setTimeout,supported,supported,supported,supported,unsupported,unsupported
*globals*,globalThis.global.structuredClone,supported,supported,supported,supported,unsupported,unsupported
*globals*,globalThis.global.undefined,supported,supported,supported,supported,unsupported,unsupported
*globals*,globalThis.global.unescape,supported,supported,supported,supported,unsupported,unsupported
*globals*,globalThis.globalThis.*self*,supported,supported,supported,supported,supported,supported
*globals*,globalThis.globalThis.AbortController,supported,supported,supported,supported,supported,supported
*globals*,globalThis.globalThis.AbortSignal,supported,supported,supported,supported,supported,supported
*globals*,globalThis.globalThis.AggregateError,supported,supported,supported,supported,supported,supported
*globals*,globalThis.globalThis.Array,supported,supported,supported,supported,supported,supported
*globals*,globalThis.globalThis.ArrayBuffer,supported,supported,supported,supported,supported,supported
*globals*,globalThis.globalThis.Atomics,supported,supported,supported,supported,supported,supported
*globals*,globalThis.globalThis.BigInt,supported,supported,supported,supported,supported,supported
*globals*,globalThis.globalThis.BigInt64Array,supported,supported,supported,supported,supported,supported
*globals*,globalThis.globalThis.BigUint64Array,supported,supported,supported,supported,supported,supported
*globals*,globalThis.globalThis.Blob,supported,supported,supported,supported,supported,supported
*globals*,globalThis.globalThis.Boolean,supported,supported,supported,supported,supported,supported
*globals*,globalThis.globalThis.BroadcastChannel,supported,supported,unsupported,supported,unsupported,unsupported
*globals*,globalThis.globalThis.Buffer,supported,supported,supported,supported,unsupported,unsupported
*globals*,globalThis.globalThis.ByteLengthQueuingStrategy,supported,supported,supported,supported,supported,supported
*globals*,globalThis.globalThis.CompressionStream,supported,supported,supported,unsupported,supported,supported
*globals*,globalThis.globalThis.CountQueuingStrategy,supported,supported,supported,supported,supported,supported
*globals*,globalThis.globalThis.Crypto,supported,supported,supported,supported,supported,unsupported
*globals*,globalThis.globalThis.CryptoKey,supported,supported,supported,supported,supported,unsupported
*globals*,globalThis.globalThis.CustomEvent,supported,supported,supported,supported,supported,supported
*globals*,globalThis.globalThis.DOMException,supported,supported,supported,supported,supported,supported
*globals*,globalThis.globalThis.DataView,supported,supported,supported,supported,supported,supported
*globals*,globalThis.globalThis.Date,supported,supported,supported,supported,supported,supported
*globals*,globalThis.globalThis.DecompressionStream,supported,supported,supported,unsupported,supported,supported
*globals*,globalThis.globalThis.Error,supported,supported,supported,supported,supported,supported
*globals*,globalThis.globalThis.EvalError,supported,supported,supported,supported,supported,supported
*globals*,globalThis.globalThis.Event,supported,supported,supported,supported,supported,supported
*globals*,globalThis.globalThis.EventTarget,supported,supported,supported,supported,supported,supported
*globals*,globalThis.globalThis.File,supported,supported,supported,supported,supported,supported
*globals*,globalThis.globalThis.FinalizationRegistry,supported,supported,unsupported,supported,supported,supported
*globals*,globalThis.globalThis.Float32Array,supported,supported,supported,supported,supported,supported
*globals*,globalThis.globalThis.Float64Array,supported,supported,supported,supported,supported,supported
*globals*,globalThis.globalThis.FormData,supported,supported,supported,supported,supported,supported
*globals*,globalThis.globalThis.Function,supported,supported,supported,supported,supported,supported
*globals*,globalThis.globalThis.Headers,supported,supported,supported,supported,supported,supported
*globals*,globalThis.globalThis.Infinity,supported,supported,supported,supported,supported,supported
*globals*,globalThis.globalThis.Int16Array,supported,supported,supported,supported,supported,supported
*globals*,globalThis.globalThis.Int32Array,supported,supported,supported,supported,supported,supported
*globals*,globalThis.globalThis.Int8Array,supported,supported,supported,supported,supported,supported
*globals*,globalThis.globalThis.Intl,supported,supported,supported,supported,supported,supported
*globals*,globalThis.globalThis.Iterator,supported,supported,supported,supported,supported,supported
*globals*,globalThis.globalThis.JSON,supported,supported,supported,supported,supported,supported
*globals*,globalThis.globalThis.Map,supported,supported,supported,supported,supported,supported
*globals*,globalThis.globalThis.Math,supported,supported,supported,supported,supported,supported
*globals*,globalThis.globalThis.MessageChannel,supported,supported,unsupported,supported,supported,supported
*globals*,globalThis.globalThis.MessageEvent,supported,supported,supported,supported,supported,supported
*globals*,globalThis.globalThis.MessagePort,supported,supported,unsupported,supported,supported,supported
*globals*,globalThis.globalThis.NaN,supported,supported,supported,supported,supported,supported
*globals*,globalThis.globalThis.Navigator,supported,supported,supported,unsupported,supported,unsupported
*globals*,globalThis.globalThis.Number,supported,supported,supported,supported,supported,supported
*globals*,globalThis.globalThis.Object,supported,supported,supported,supported,supported,supported
*globals*,globalThis.globalThis.Performance,supported,supported,supported,supported,supported,supported
*globals*,globalThis.globalThis.PerformanceEntry,supported,supported,supported,supported,supported,supported
*globals*,globalThis.globalThis.PerformanceMark,supported,supported,supported,supported,supported,supported
*globals*,globalThis.globalThis.PerformanceMeasure,supported,supported,supported,supported,supported,supported
*globals*,globalThis.globalThis.PerformanceObserver,supported,supported,supported,supported,unsupported,unsupported
*globals*,globalThis.globalThis.PerformanceObserverEntryList,supported,supported,supported,supported,unsupported,unsupported
*globals*,globalThis.globalThis.PerformanceResourceTiming,supported,supported,supported,supported,unsupported,unsupported
*globals*,globalThis.globalThis.Promise,supported,supported,supported,supported,supported,supported
*globals*,globalThis.globalThis.Proxy,supported,supported,supported,supported,supported,supported
*globals*,globalThis.globalThis.RangeError,supported,supported,supported,supported,supported,supported
*globals*,globalThis.globalThis.ReadableByteStreamController,supported,supported,supported,supported,supported,supported
*globals*,globalThis.globalThis.ReadableStream,supported,supported,supported,supported,supported,supported
*globals*,globalThis.globalThis.ReadableStreamBYOBReader,supported,supported,supported,supported,supported,supported
*globals*,globalThis.globalThis.ReadableStreamBYOBRequest,supported,supported,supported,supported,supported,supported
*globals*,globalThis.globalThis.ReadableStreamDefaultController,supported,supported,supported,supported,supported,supported
*globals*,globalThis.globalThis.ReadableStreamDefaultReader,supported,supported,supported,supported,supported,supported
*globals*,globalThis.globalThis.ReferenceError,supported,supported,supported,supported,supported,supported
*globals*,globalThis.globalThis.Reflect,supported,supported,supported,supported,supported,supported
*globals*,globalThis.globalThis.RegExp,supported,supported,supported,supported,supported,supported
*globals*,globalThis.globalThis.Request,supported,supported,supported,supported,supported,supported
*globals*,globalThis.globalThis.Response,supported,supported,supported,supported,supported,supported
*globals*,globalThis.globalThis.Set,supported,supported,supported,supported,supported,supported
*globals*,globalThis.globalThis.SharedArrayBuffer,supported,supported,supported,supported,supported,supported
*globals*,globalThis.globalThis.String,supported,supported,supported,supported,supported,supported
*globals*,globalThis.globalThis.SubtleCrypto,supported,supported,supported,supported,supported,unsupported
*globals*,globalThis.globalThis.Symbol,supported,supported,supported,supported,supported,supported
*globals*,globalThis.globalThis.SyntaxError,supported,supported,supported,supported,supported,supported
*globals*,globalThis.globalThis.TextDecoder,supported,supported,supported,supported,supported,supported
*globals*,globalThis.globalThis.TextDecoderStream,supported,supported,supported,supported,supported,supported
*globals*,globalThis.globalThis.TextEncoder,supported,supported,supported,supported,supported,supported
*globals*,globalThis.globalThis.TextEncoderStream,supported,supported,supported,supported,supported,supported
*globals*,globalThis.globalThis.TransformStream,supported,supported,supported,supported,supported,supported
*globals*,globalThis.globalThis.TransformStreamDefaultController,supported,supported,supported,supported,supported,supported
*globals*,globalThis.globalThis.TypeError,supported,supported,supported,supported,supported,supported
*globals*,globalThis.globalThis.URIError,supported,supported,supported,supported,supported,supported
*globals*,globalThis.globalThis.URL,supported,supported,supported,supported,supported,supported
*globals*,globalThis.globalThis.URLSearchParams,supported,supported,supported,supported,supported,unsupported
*globals*,globalThis.globalThis.Uint16Array,supported,supported,supported,supported,supported,supported
*globals*,globalThis.globalThis.Uint32Array,supported,supported,supported,supported,supported,supported
*globals*,globalThis.globalThis.Uint8Array,supported,supported,supported,supported,supported,supported
*globals*,globalThis.globalThis.Uint8ClampedArray,supported,supported,supported,supported,supported,supported
*globals*,globalThis.globalThis.WeakMap,supported,supported,supported,supported,supported,supported
*globals*,globalThis.globalThis.WeakRef,supported,supported,unsupported,supported,supported,supported
*globals*,globalThis.globalThis.WeakSet,supported,supported,supported,supported,supported,supported
*globals*,globalThis.globalThis.WebAssembly,supported,supported,supported,supported,supported,supported
*globals*,globalThis.globalThis.WebSocket,supported,supported,supported,supported,supported,unsupported
*globals*,globalThis.globalThis.WritableStream,supported,supported,supported,supported,supported,supported
*globals*,globalThis.globalThis.WritableStreamDefaultController,supported,supported,supported,supported,supported,supported
*globals*,globalThis.globalThis.WritableStreamDefaultWriter,supported,supported,supported,supported,supported,supported
*globals*,globalThis.globalThis.atob,supported,supported,supported,supported,supported,supported
*globals*,globalThis.globalThis.btoa,supported,supported,supported,supported,supported,supported
*globals*,globalThis.globalThis.clearImmediate,supported,supported,supported,supported,unsupported,unsupported
*globals*,globalThis.globalThis.clearInterval,supported,supported,supported,supported,supported,supported
*globals*,globalThis.globalThis.clearTimeout,supported,supported,supported,supported,supported,supported
*globals*,globalThis.globalThis.console,supported,supported,supported,supported,supported,supported
*globals*,globalThis.globalThis.crypto,supported,supported,supported,supported,supported,unsupported
*globals*,globalThis.globalThis.decodeURI,supported,supported,supported,supported,supported,supported
*globals*,globalThis.globalThis.decodeURIComponent,supported,supported,supported,supported,supported,supported
*globals*,globalThis.globalThis.encodeURI,supported,supported,supported,supported,supported,supported
*globals*,globalThis.globalThis.encodeURIComponent,supported,supported,supported,supported,supported,supported
*globals*,globalThis.globalThis.escape,supported,supported,supported,supported,supported,supported
*globals*,globalThis.globalThis.eval,supported,supported,supported,supported,supported,supported
*globals*,globalThis.globalThis.fetch,supported,supported,supported,supported,supported,supported
*globals*,globalThis.globalThis.global,supported,supported,supported,supported,unsupported,unsupported
*globals*,globalThis.globalThis.globalThis,supported,supported,supported,supported,supported,supported
*globals*,globalThis.globalThis.isFinite,supported,supported,supported,supported,supported,supported
*globals*,globalThis.globalThis.isNaN,supported,supported,supported,supported,supported,supported
*globals*,globalThis.globalThis.navigator,supported,supported,supported,supported,supported,unsupported
*globals*,globalThis.globalThis.parseFloat,supported,supported,supported,supported,supported,supported
*globals*,globalThis.globalThis.parseInt,supported,supported,supported,supported,supported,supported
*globals*,globalThis.globalThis.performance,supported,supported,stub,supported,supported,supported
*globals*,globalThis.globalThis.process,supported,supported,supported,supported,supported,unsupported
*globals*,globalThis.globalThis.queueMicrotask,supported,supported,supported,supported,supported,supported
*globals*,globalThis.globalThis.setImmediate,supported,supported,supported,supported,unsupported,unsupported
*globals*,globalThis.globalThis.setInterval,supported,supported,supported,supported,supported,supported
*globals*,globalThis.globalThis.setTimeout,supported,supported,supported,supported,supported,supported
*globals*,globalThis.globalThis.structuredClone,supported,supported,supported,supported,supported,supported
*globals*,globalThis.globalThis.undefined,supported,supported,supported,supported,supported,supported
*globals*,globalThis.globalThis.unescape,supported,supported,supported,supported,supported,supported
*globals*,globalThis.isFinite,supported,supported,supported,supported,supported,supported
*globals*,globalThis.isNaN,supported,supported,supported,supported,supported,supported
*globals*,globalThis.navigator.*self*,supported,supported,supported,supported,supported,unsupported
*globals*,globalThis.navigator.hardwareConcurrency,supported,supported,unsupported,supported,supported,unsupported
*globals*,globalThis.navigator.language,supported,supported,unsupported,unsupported,supported,unsupported
*globals*,globalThis.navigator.languages,supported,supported,unsupported,unsupported,supported,unsupported
*globals*,globalThis.navigator.platform,supported,supported,unsupported,supported,unsupported,unsupported
*globals*,globalThis.navigator.userAgent,supported,supported,supported,supported,supported,unsupported
*globals*,globalThis.parseFloat,supported,supported,supported,supported,supported,supported
*globals*,globalThis.parseInt,supported,supported,supported,supported,supported,supported
*globals*,globalThis.performance.*self*,supported,supported,supported,supported,supported,supported
*globals*,globalThis.performance.addEventListener,supported,supported,supported,supported,supported,supported
*globals*,globalThis.performance.clearMarks,supported,supported,supported,supported,supported,supported
*globals*,globalThis.performance.clearMeasures,supported,supported,supported,supported,supported,supported
*globals*,globalThis.performance.clearResourceTimings,supported,supported,supported,supported,unsupported,unsupported
*globals*,globalThis.performance.dispatchEvent,supported,supported,supported,supported,supported,supported
*globals*,globalThis.performance.eventLoopUtilization,supported,supported,supported,unsupported,unsupported,unsupported
*globals*,globalThis.performance.getEntries,supported,supported,supported,supported,supported,supported
*globals*,globalThis.performance.getEntriesByName,supported,supported,supported,supported,supported,supported
*globals*,globalThis.performance.getEntriesByType,supported,supported,supported,supported,supported,supported
*globals*,globalThis.performance.mark,supported,supported,supported,supported,supported,supported
*globals*,globalThis.performance.markResourceTiming,supported,supported,supported,supported,unsupported,unsupported
*globals*,globalThis.performance.measure,supported,supported,supported,supported,supported,supported
*globals*,globalThis.performance.nodeTiming,supported,supported,supported,unsupported,unsupported,unsupported
*globals*,globalThis.performance.now,supported,supported,supported,supported,supported,supported
*globals*,globalThis.performance.onresourcetimingbufferfull,supported,supported,supported,supported,unsupported,unsupported
*globals*,globalThis.performance.removeEventListener,supported,supported,supported,supported,supported,supported
*globals*,globalThis.performance.setResourceTimingBufferSize,supported,supported,supported,supported,unsupported,unsupported
*globals*,globalThis.performance.timeOrigin,supported,supported,supported,supported,supported,mismatch
*globals*,globalThis.performance.timerify,supported,supported,supported,unsupported,unsupported,unsupported
*globals*,globalThis.performance.toJSON,supported,supported,supported,supported,supported,supported
*globals*,globalThis.process.*self*,supported,supported,supported,supported,supported,unsupported
*globals*,globalThis.process._debugEnd,supported,supported,mismatch,supported,unsupported,unsupported
*globals*,globalThis.process._debugProcess,supported,supported,mismatch,supported,unsupported,unsupported
*globals*,globalThis.process._events,supported,supported,mismatch,unsupported,supported,unsupported
*globals*,globalThis.process._eventsCount,supported,supported,mismatch,unsupported,supported,unsupported
*globals*,globalThis.process._exiting,supported,supported,mismatch,supported,supported,unsupported
*globals*,globalThis.process._fatalException,supported,supported,mismatch,supported,unsupported,unsupported
*globals*,globalThis.process._getActiveHandles,supported,supported,mismatch,supported,unsupported,unsupported
*globals*,globalThis.process._getActiveRequests,supported,supported,mismatch,supported,unsupported,unsupported
*globals*,globalThis.process._kill,supported,supported,mismatch,supported,supported,unsupported
*globals*,globalThis.process._linkedBinding,supported,supported,mismatch,supported,unsupported,unsupported
*globals*,globalThis.process._maxListeners,supported,supported,supported,unsupported,supported,unsupported
*globals*,globalThis.process._preload_modules,supported,supported,mismatch,supported,unsupported,unsupported
*globals*,globalThis.process._rawDebug,supported,supported,mismatch,supported,unsupported,unsupported
*globals*,globalThis.process._startProfilerIdleNotifier,supported,supported,mismatch,supported,unsupported,unsupported
*globals*,globalThis.process._stopProfilerIdleNotifier,supported,supported,mismatch,supported,unsupported,unsupported
*globals*,globalThis.process._tickCallback,supported,supported,mismatch,supported,unsupported,unsupported
*globals*,globalThis.process.abort,supported,supported,supported,supported,supported,unsupported
*globals*,globalThis.process.addListener,supported,supported,supported,supported,supported,unsupported
*globals*,globalThis.process.allowedNodeEnvironmentFlags,supported,supported,supported,supported,supported,unsupported
*globals*,globalThis.process.arch,supported,supported,supported,supported,supported,unsupported
*globals*,globalThis.process.argv,supported,supported,supported,supported,supported,unsupported
*globals*,globalThis.process.argv0,supported,supported,supported,supported,supported,unsupported
*globals*,globalThis.process.assert,supported,supported,supported,supported,unsupported,unsupported
*globals*,globalThis.process.availableMemory,supported,supported,supported,supported,unsupported,unsupported
*globals*,globalThis.process.binding,supported,supported,supported,supported,supported,unsupported
*globals*,globalThis.process.chdir,supported,supported,supported,supported,supported,unsupported
*globals*,globalThis.process.config,supported,supported,supported,supported,supported,unsupported
*globals*,globalThis.process.constrainedMemory,supported,supported,supported,supported,unsupported,unsupported
*globals*,globalThis.process.cpuUsage,supported,supported,supported,supported,supported,unsupported
*globals*,globalThis.process.cwd,supported,supported,supported,supported,supported,unsupported
*globals*,globalThis.process.debugPort,supported,supported,supported,supported,unsupported,unsupported
*globals*,globalThis.process.dlopen,supported,supported,supported,supported,supported,unsupported
*globals*,globalThis.process.domain,supported,supported,mismatch,unsupported,unsupported,unsupported
*globals*,globalThis.process.emit,supported,supported,supported,supported,supported,unsupported
*globals*,globalThis.process.emitWarning,supported,supported,supported,supported,supported,unsupported
*globals*,globalThis.process.env,supported,supported,supported,supported,supported,unsupported
*globals*,globalThis.process.eventNames,supported,supported,supported,supported,supported,unsupported
*globals*,globalThis.process.execArgv,supported,supported,supported,supported,supported,unsupported
*globals*,globalThis.process.execPath,supported,supported,supported,supported,supported,unsupported
*globals*,globalThis.process.exit,supported,supported,supported,supported,supported,unsupported
*globals*,globalThis.process.exitCode,supported,supported,supported,supported,supported,unsupported
*globals*,globalThis.process.features,supported,supported,supported,supported,supported,unsupported
*globals*,globalThis.process.finalization,supported,supported,supported,unsupported,unsupported,unsupported
*globals*,globalThis.process.getActiveResourcesInfo,supported,supported,supported,supported,unsupported,unsupported
*globals*,globalThis.process.getBuiltinModule,supported,supported,supported,unsupported,supported,unsupported
*globals*,globalThis.process.getMaxListeners,supported,supported,supported,supported,supported,unsupported
*globals*,globalThis.process.getegid,supported,supported,mismatch,supported,supported,unsupported
*globals*,globalThis.process.geteuid,supported,supported,mismatch,supported,supported,unsupported
*globals*,globalThis.process.getgid,supported,supported,mismatch,supported,supported,unsupported
*globals*,globalThis.process.getgroups,supported,supported,mismatch,supported,unsupported,unsupported
*globals*,globalThis.process.getuid,supported,supported,mismatch,supported,supported,unsupported
*globals*,globalThis.process.hasUncaughtExceptionCaptureCallback,supported,supported,supported,supported,unsupported,unsupported
*globals*,globalThis.process.hrtime,supported,supported,supported,supported,supported,unsupported
*globals*,globalThis.process.initgroups,supported,supported,supported,unsupported,unsupported,unsupported
*globals*,globalThis.process.kill,supported,supported,supported,supported,supported,unsupported
*globals*,globalThis.process.listenerCount,supported,supported,supported,supported,supported,unsupported
*globals*,globalThis.process.listeners,supported,supported,supported,supported,supported,unsupported
*globals*,globalThis.process.loadEnvFile,supported,supported,supported,unsupported,unsupported,unsupported
*globals*,globalThis.process.memoryUsage,supported,supported,supported,supported,supported,unsupported
*globals*,globalThis.process.moduleLoadList,supported,supported,supported,supported,unsupported,unsupported
*globals*,globalThis.process.nextTick,supported,supported,supported,supported,supported,unsupported
*globals*,globalThis.process.off,supported,supported,supported,supported,supported,unsupported
*globals*,globalThis.process.on,supported,supported,supported,supported,supported,unsupported
*globals*,globalThis.process.once,supported,supported,supported,supported,supported,unsupported
*globals*,globalThis.process.openStdin,supported,supported,supported,supported,unsupported,unsupported
*globals*,globalThis.process.pid,supported,supported,supported,supported,supported,unsupported
*globals*,globalThis.process.platform,supported,supported,supported,supported,supported,unsupported
*globals*,globalThis.process.ppid,supported,supported,supported,supported,supported,unsupported
*globals*,globalThis.process.prependListener,supported,supported,supported,supported,supported,unsupported
*globals*,globalThis.process.prependOnceListener,supported,supported,supported,supported,supported,unsupported
*globals*,globalThis.process.rawListeners,supported,supported,supported,supported,supported,unsupported
*globals*,globalThis.process.reallyExit,supported,supported,supported,supported,supported,unsupported
*globals*,globalThis.process.ref,supported,supported,unsupported,unsupported,unsupported,unsupported
*globals*,globalThis.process.release,supported,supported,supported,supported,supported,unsupported
*globals*,globalThis.process.removeAllListeners,supported,supported,supported,supported,supported,unsupported
*globals*,globalThis.process.removeListener,supported,supported,supported,supported,supported,unsupported
*globals*,globalThis.process.report,supported,supported,supported,supported,supported,unsupported
*globals*,globalThis.process.resourceUsage,supported,supported,supported,unsupported,unsupported,unsupported
*globals*,globalThis.process.setMaxListeners,supported,supported,supported,supported,supported,unsupported
*globals*,globalThis.process.setSourceMapsEnabled,supported,supported,supported,supported,supported,unsupported
*globals*,globalThis.process.setUncaughtExceptionCaptureCallback,supported,supported,supported,supported,unsupported,unsupported
*globals*,globalThis.process.setegid,supported,supported,mismatch,supported,unsupported,unsupported
*globals*,globalThis.process.seteuid,supported,supported,mismatch,supported,unsupported,unsupported
*globals*,globalThis.process.setgid,supported,supported,mismatch,supported,unsupported,unsupported
*globals*,globalThis.process.setgroups,supported,supported,mismatch,supported,unsupported,unsupported
*globals*,globalThis.process.setuid,supported,supported,mismatch,supported,unsupported,unsupported
*globals*,globalThis.process.sourceMapsEnabled,supported,supported,supported,unsupported,unsupported,unsupported
*globals*,globalThis.process.stderr,supported,supported,supported,supported,supported,unsupported
*globals*,globalThis.process.stdin,supported,supported,supported,supported,supported,unsupported
*globals*,globalThis.process.stdout,supported,supported,supported,supported,supported,unsupported
*globals*,globalThis.process.title,supported,supported,supported,supported,supported,unsupported
*globals*,globalThis.process.umask,supported,supported,supported,supported,supported,unsupported
*globals*,globalThis.process.unref,supported,supported,unsupported,unsupported,unsupported,unsupported
*globals*,globalThis.process.uptime,supported,supported,supported,supported,supported,unsupported
*globals*,globalThis.process.version,supported,supported,supported,supported,supported,unsupported
*globals*,globalThis.process.versions,supported,supported,supported,supported,supported,unsupported
*globals*,globalThis.queueMicrotask,supported,supported,supported,supported,supported,supported
*globals*,globalThis.setImmediate,supported,supported,supported,supported,unsupported,unsupported
*globals*,globalThis.setInterval,supported,supported,supported,supported,supported,supported
*globals*,globalThis.setTimeout,supported,supported,supported,supported,supported,supported
*globals*,globalThis.structuredClone,supported,supported,supported,supported,supported,supported
*globals*,globalThis.undefined,supported,supported,supported,supported,supported,supported
*globals*,globalThis.unescape,supported,supported,supported,supported,supported,supported
*globals*,isFinite,supported,supported,supported,supported,supported,supported
*globals*,isNaN,supported,supported,supported,supported,supported,supported
*globals*,navigator.*self*,supported,supported,supported,supported,supported,unsupported
*globals*,navigator.hardwareConcurrency,supported,supported,unsupported,supported,supported,unsupported
*globals*,navigator.language,supported,supported,unsupported,unsupported,supported,unsupported
*globals*,navigator.languages,supported,supported,unsupported,unsupported,supported,unsupported
*globals*,navigator.platform,supported,supported,unsupported,supported,unsupported,unsupported
*globals*,navigator.userAgent,supported,supported,supported,supported,supported,unsupported
*globals*,parseFloat,supported,supported,supported,supported,supported,supported
*globals*,parseInt,supported,supported,supported,supported,supported,supported
*globals*,performance.*self*,supported,supported,supported,supported,supported,supported
*globals*,performance.addEventListener,supported,supported,supported,supported,supported,supported
*globals*,performance.clearMarks,supported,supported,supported,supported,supported,supported
*globals*,performance.clearMeasures,supported,supported,supported,supported,supported,supported
*globals*,performance.clearResourceTimings,supported,supported,supported,supported,unsupported,unsupported
*globals*,performance.dispatchEvent,supported,supported,supported,supported,supported,supported
*globals*,performance.eventLoopUtilization,supported,supported,supported,unsupported,unsupported,unsupported
*globals*,performance.getEntries,supported,supported,supported,supported,supported,supported
*globals*,performance.getEntriesByName,supported,supported,supported,supported,supported,supported
*globals*,performance.getEntriesByType,supported,supported,supported,supported,supported,supported
*globals*,performance.mark,supported,supported,supported,supported,supported,supported
*globals*,performance.markResourceTiming,supported,supported,supported,supported,unsupported,unsupported
*globals*,performance.measure,supported,supported,supported,supported,supported,supported
*globals*,performance.nodeTiming.*self*,supported,supported,supported,unsupported,unsupported,unsupported
*globals*,performance.nodeTiming.bootstrapComplete,supported,supported,supported,unsupported,unsupported,unsupported
*globals*,performance.nodeTiming.detail,supported,unsupported,supported,unsupported,unsupported,unsupported
*globals*,performance.nodeTiming.duration,supported,supported,supported,unsupported,unsupported,unsupported
*globals*,performance.nodeTiming.entryType,supported,supported,supported,unsupported,unsupported,unsupported
*globals*,performance.nodeTiming.environment,supported,supported,supported,unsupported,unsupported,unsupported
*globals*,performance.nodeTiming.idleTime,supported,supported,supported,unsupported,unsupported,unsupported
*globals*,performance.nodeTiming.loopExit,supported,supported,supported,unsupported,unsupported,unsupported
*globals*,performance.nodeTiming.loopStart,supported,supported,supported,unsupported,unsupported,unsupported
*globals*,performance.nodeTiming.name,supported,supported,supported,unsupported,unsupported,unsupported
*globals*,performance.nodeTiming.nodeStart,supported,supported,supported,unsupported,unsupported,unsupported
*globals*,performance.nodeTiming.startTime,supported,supported,supported,unsupported,unsupported,unsupported
*globals*,performance.nodeTiming.toJSON,supported,supported,supported,unsupported,unsupported,unsupported
*globals*,performance.nodeTiming.uvMetricsInfo,supported,supported,supported,unsupported,unsupported,unsupported
*globals*,performance.nodeTiming.v8Start,supported,supported,supported,unsupported,unsupported,unsupported
*globals*,performance.now,supported,supported,supported,supported,supported,supported
*globals*,performance.onresourcetimingbufferfull,supported,supported,supported,supported,unsupported,unsupported
*globals*,performance.removeEventListener,supported,supported,supported,supported,supported,supported
*globals*,performance.setResourceTimingBufferSize,supported,supported,supported,supported,unsupported,unsupported
*globals*,performance.timeOrigin,supported,supported,supported,supported,supported,mismatch
*globals*,performance.timerify,supported,supported,supported,unsupported,unsupported,unsupported
*globals*,performance.toJSON,supported,supported,supported,supported,supported,supported
*globals*,process.*self*,supported,supported,supported,supported,supported,unsupported
*globals*,process._debugEnd,supported,supported,mismatch,supported,unsupported,unsupported
*globals*,process._debugProcess,supported,supported,mismatch,supported,unsupported,unsupported
*globals*,process._events.*self*,supported,supported,mismatch,unsupported,supported,unsupported
*globals*,process._events.exit,supported,unsupported,unsupported,unsupported,unsupported,unsupported
*globals*,process._events.newListener,supported,supported,unsupported,unsupported,mismatch,unsupported
*globals*,process._events.removeListener,supported,supported,unsupported,unsupported,mismatch,unsupported
*globals*,process._events.warning,supported,supported,unsupported,unsupported,unsupported,unsupported
*globals*,process._eventsCount,supported,supported,mismatch,unsupported,supported,unsupported
*globals*,process._exiting,supported,supported,mismatch,supported,supported,unsupported
*globals*,process._fatalException,supported,supported,mismatch,supported,unsupported,unsupported
*globals*,process._getActiveHandles,supported,supported,mismatch,supported,unsupported,unsupported
*globals*,process._getActiveRequests,supported,supported,mismatch,supported,unsupported,unsupported
*globals*,process._kill,supported,supported,mismatch,supported,supported,unsupported
*globals*,process._linkedBinding,supported,supported,mismatch,supported,unsupported,unsupported
*globals*,process._maxListeners,supported,supported,supported,unsupported,supported,unsupported
*globals*,process._preload_modules,supported,supported,mismatch,supported,unsupported,unsupported
*globals*,process._rawDebug,supported,supported,mismatch,supported,unsupported,unsupported
*globals*,process._startProfilerIdleNotifier,supported,supported,mismatch,supported,unsupported,unsupported
*globals*,process._stopProfilerIdleNotifier,supported,supported,mismatch,supported,unsupported,unsupported
*globals*,process._tickCallback,supported,supported,mismatch,supported,unsupported,unsupported
*globals*,process.abort,supported,supported,supported,supported,supported,unsupported
*globals*,process.addListener,supported,supported,supported,supported,supported,unsupported
*globals*,process.allowedNodeEnvironmentFlags.*self*,supported,supported,supported,supported,supported,unsupported
*globals*,process.allowedNodeEnvironmentFlags.add,supported,supported,supported,supported,supported,unsupported
*globals*,process.allowedNodeEnvironmentFlags.clear,supported,supported,supported,supported,supported,unsupported
*globals*,process.allowedNodeEnvironmentFlags.delete,supported,supported,supported,supported,supported,unsupported
*globals*,process.allowedNodeEnvironmentFlags.difference,supported,supported,supported,supported,supported,unsupported
*globals*,process.allowedNodeEnvironmentFlags.entries,supported,supported,supported,supported,supported,unsupported
*globals*,process.allowedNodeEnvironmentFlags.forEach,supported,supported,supported,supported,supported,unsupported
*globals*,process.allowedNodeEnvironmentFlags.has,supported,supported,supported,supported,supported,unsupported
*globals*,process.allowedNodeEnvironmentFlags.intersection,supported,supported,supported,supported,supported,unsupported
*globals*,process.allowedNodeEnvironmentFlags.isDisjointFrom,supported,supported,supported,supported,supported,unsupported
*globals*,process.allowedNodeEnvironmentFlags.isSubsetOf,supported,supported,supported,supported,supported,unsupported
*globals*,process.allowedNodeEnvironmentFlags.isSupersetOf,supported,supported,supported,supported,supported,unsupported
*globals*,process.allowedNodeEnvironmentFlags.keys,supported,supported,supported,supported,supported,unsupported
*globals*,process.allowedNodeEnvironmentFlags.size,supported,supported,supported,supported,supported,unsupported
*globals*,process.allowedNodeEnvironmentFlags.symmetricDifference,supported,supported,supported,supported,supported,unsupported
*globals*,process.allowedNodeEnvironmentFlags.union,supported,supported,supported,supported,supported,unsupported
*globals*,process.allowedNodeEnvironmentFlags.values,supported,supported,supported,supported,supported,unsupported
*globals*,process.arch,supported,supported,supported,supported,supported,unsupported
*globals*,process.argv,supported,supported,supported,supported,supported,unsupported
*globals*,process.argv0,supported,supported,supported,supported,supported,unsupported
*globals*,process.assert,supported,supported,supported,supported,unsupported,unsupported
*globals*,process.availableMemory,supported,supported,supported,supported,unsupported,unsupported
*globals*,process.binding,supported,supported,supported,supported,supported,unsupported
*globals*,process.chdir,supported,supported,supported,supported,supported,unsupported
*globals*,process.config.*self*,supported,supported,supported,supported,supported,unsupported
*globals*,process.config.target_defaults,supported,supported,unsupported,supported,supported,unsupported
*globals*,process.config.variables,supported,supported,unsupported,supported,supported,unsupported
*globals*,process.constrainedMemory,supported,supported,supported,supported,unsupported,unsupported
*globals*,process.cpuUsage,supported,supported,supported,supported,supported,unsupported
*globals*,process.cwd,supported,supported,supported,supported,supported,unsupported
*globals*,process.debugPort,supported,supported,supported,supported,unsupported,unsupported
*globals*,process.dlopen,supported,supported,supported,supported,supported,unsupported
*globals*,process.domain,supported,supported,mismatch,unsupported,unsupported,unsupported
*globals*,process.emit,supported,supported,supported,supported,supported,unsupported
*globals*,process.emitWarning,supported,supported,supported,supported,supported,unsupported
*globals*,process.env.*self*,supported,supported,supported,supported,supported,unsupported
*globals*,process.eventNames,supported,supported,supported,supported,supported,unsupported
*globals*,process.execArgv,supported,supported,supported,supported,supported,unsupported
*globals*,process.execPath,supported,supported,supported,supported,supported,unsupported
*globals*,process.exit,supported,supported,supported,supported,supported,unsupported
*globals*,process.exitCode,supported,supported,supported,supported,supported,unsupported
*globals*,process.features.*self*,supported,supported,supported,supported,supported,unsupported
*globals*,process.features.cached_builtins,supported,supported,unsupported,supported,unsupported,unsupported
*globals*,process.features.debug,supported,supported,unsupported,supported,unsupported,unsupported
*globals*,process.features.inspector,supported,supported,unsupported,supported,supported,unsupported
*globals*,process.features.ipv6,supported,supported,unsupported,supported,unsupported,unsupported
*globals*,process.features.require_module,supported,supported,unsupported,unsupported,unsupported,unsupported
*globals*,process.features.tls,supported,supported,unsupported,supported,unsupported,unsupported
*globals*,process.features.tls_alpn,supported,supported,unsupported,supported,unsupported,unsupported
*globals*,process.features.tls_ocsp,supported,supported,unsupported,supported,unsupported,unsupported
*globals*,process.features.tls_sni,supported,supported,unsupported,supported,unsupported,unsupported
*globals*,process.features.typescript,supported,supported,unsupported,unsupported,unsupported,unsupported
*globals*,process.features.uv,supported,supported,unsupported,supported,unsupported,unsupported
*globals*,process.finalization.*self*,supported,supported,supported,unsupported,unsupported,unsupported
*globals*,process.finalization.register,supported,supported,stub,unsupported,unsupported,unsupported
*globals*,process.finalization.registerBeforeExit,supported,supported,stub,unsupported,unsupported,unsupported
*globals*,process.finalization.unregister,supported,supported,stub,unsupported,unsupported,unsupported
*globals*,process.getActiveResourcesInfo,supported,supported,supported,supported,unsupported,unsupported
*globals*,process.getBuiltinModule,supported,supported,supported,unsupported,supported,unsupported
*globals*,process.getMaxListeners,supported,supported,supported,supported,supported,unsupported
*globals*,process.getegid,supported,supported,mismatch,supported,supported,unsupported
*globals*,process.geteuid,supported,supported,mismatch,supported,supported,unsupported
*globals*,process.getgid,supported,supported,mismatch,supported,supported,unsupported
*globals*,process.getgroups,supported,supported,mismatch,supported,unsupported,unsupported
*globals*,process.getuid,supported,supported,mismatch,supported,supported,unsupported
*globals*,process.hasUncaughtExceptionCaptureCallback,supported,supported,supported,supported,unsupported,unsupported
*globals*,process.hrtime,supported,supported,supported,supported,supported,unsupported
*globals*,process.initgroups,supported,supported,supported,unsupported,unsupported,unsupported
*globals*,process.kill,supported,supported,supported,supported,supported,unsupported
*globals*,process.listenerCount,supported,supported,supported,supported,supported,unsupported
*globals*,process.listeners,supported,supported,supported,supported,supported,unsupported
*globals*,process.loadEnvFile,supported,supported,supported,unsupported,unsupported,unsupported
*globals*,process.memoryUsage,supported,supported,supported,supported,supported,unsupported
*globals*,process.moduleLoadList,supported,supported,supported,supported,unsupported,unsupported
*globals*,process.nextTick,supported,supported,supported,supported,supported,unsupported
*globals*,process.off,supported,supported,supported,supported,supported,unsupported
*globals*,process.on,supported,supported,supported,supported,supported,unsupported
*globals*,process.once,supported,supported,supported,supported,supported,unsupported
*globals*,process.openStdin,supported,supported,supported,supported,unsupported,unsupported
*globals*,process.pid,supported,supported,supported,supported,supported,unsupported
*globals*,process.platform,supported,supported,supported,supported,supported,unsupported
*globals*,process.ppid,supported,supported,supported,supported,supported,unsupported
*globals*,process.prependListener,supported,supported,supported,supported,supported,unsupported
*globals*,process.prependOnceListener,supported,supported,supported,supported,supported,unsupported
*globals*,process.rawListeners,supported,supported,supported,supported,supported,unsupported
*globals*,process.reallyExit,supported,supported,supported,supported,supported,unsupported
*globals*,process.ref,supported,supported,unsupported,unsupported,unsupported,unsupported
*globals*,process.release.*self*,supported,supported,supported,supported,supported,unsupported
*globals*,process.release.headersUrl,supported,supported,unsupported,supported,supported,unsupported
*globals*,process.release.lts,supported,supported,unsupported,unsupported,unsupported,unsupported
*globals*,process.release.name,supported,supported,unsupported,supported,supported,unsupported
*globals*,process.release.sourceUrl,supported,supported,unsupported,supported,supported,unsupported
*globals*,process.removeAllListeners,supported,supported,supported,supported,supported,unsupported
*globals*,process.removeListener,supported,supported,supported,supported,supported,unsupported
*globals*,process.report.*self*,supported,supported,supported,supported,supported,unsupported
*globals*,process.report.compact,supported,supported,supported,supported,supported,unsupported
*globals*,process.report.directory,supported,supported,supported,supported,supported,unsupported
*globals*,process.report.excludeEnv,supported,supported,unsupported,mismatch,unsupported,unsupported
*globals*,process.report.excludeNetwork,supported,supported,unsupported,unsupported,unsupported,unsupported
*globals*,process.report.filename,supported,supported,supported,supported,supported,unsupported
*globals*,process.report.getReport,supported,supported,stub,supported,supported,unsupported
*globals*,process.report.reportOnFatalError,supported,supported,supported,supported,supported,unsupported
*globals*,process.report.reportOnSignal,supported,supported,supported,supported,supported,unsupported
*globals*,process.report.reportOnUncaughtException,supported,supported,supported,supported,supported,unsupported
*globals*,process.report.signal,supported,supported,supported,unsupported,supported,unsupported
*globals*,process.report.writeReport,supported,supported,stub,supported,supported,unsupported
*globals*,process.resourceUsage,supported,supported,supported,unsupported,unsupported,unsupported
*globals*,process.setMaxListeners,supported,supported,supported,supported,supported,unsupported
*globals*,process.setSourceMapsEnabled,supported,supported,supported,supported,supported,unsupported
*globals*,process.setUncaughtExceptionCaptureCallback,supported,supported,supported,supported,unsupported,unsupported
*globals*,process.setegid,supported,supported,mismatch,supported,unsupported,unsupported
*globals*,process.seteuid,supported,supported,mismatch,supported,unsupported,unsupported
*globals*,process.setgid,supported,supported,mismatch,supported,unsupported,unsupported
*globals*,process.setgroups,supported,supported,mismatch,supported,unsupported,unsupported
*globals*,process.setuid,supported,supported,mismatch,supported,unsupported,unsupported
*globals*,process.sourceMapsEnabled,supported,supported,supported,unsupported,unsupported,unsupported
*globals*,process.stderr.*self*,supported,supported,supported,supported,supported,unsupported
*globals*,process.stderr._bytesDispatched,supported,supported,unsupported,unsupported,unsupported,unsupported
*globals*,process.stderr._closeAfterHandlingError,supported,supported,unsupported,unsupported,unsupported,unsupported
*globals*,process.stderr._connecting,supported,supported,unsupported,unsupported,unsupported,unsupported
*globals*,process.stderr._destroy,supported,supported,unsupported,supported,supported,unsupported
*globals*,process.stderr._events,supported,supported,unsupported,supported,supported,unsupported
*globals*,process.stderr._eventsCount,supported,supported,unsupported,supported,supported,unsupported
*globals*,process.stderr._final,supported,supported,unsupported,unsupported,unsupported,unsupported
*globals*,process.stderr._getpeername,supported,supported,unsupported,unsupported,unsupported,unsupported
*globals*,process.stderr._getsockname,supported,supported,unsupported,unsupported,unsupported,unsupported
*globals*,process.stderr._hadError,supported,supported,unsupported,unsupported,unsupported,unsupported
*globals*,process.stderr._handle,supported,supported,unsupported,unsupported,unsupported,unsupported
*globals*,process.stderr._host,supported,supported,unsupported,unsupported,unsupported,unsupported
*globals*,process.stderr._isStdio,supported,supported,unsupported,supported,supported,unsupported
*globals*,process.stderr._maxListeners,supported,supported,unsupported,supported,supported,unsupported
*globals*,process.stderr._onTimeout,supported,supported,unsupported,unsupported,unsupported,unsupported
*globals*,process.stderr._parent,supported,supported,unsupported,unsupported,unsupported,unsupported
*globals*,process.stderr._pendingData,supported,supported,unsupported,unsupported,unsupported,unsupported
*globals*,process.stderr._pendingEncoding,supported,supported,unsupported,unsupported,unsupported,unsupported
*globals*,process.stderr._read,supported,supported,unsupported,unsupported,unsupported,unsupported
*globals*,process.stderr._readableState,supported,supported,unsupported,unsupported,unsupported,unsupported
*globals*,process.stderr._reset,supported,supported,unsupported,unsupported,unsupported,unsupported
*globals*,process.stderr._server,supported,supported,unsupported,unsupported,unsupported,unsupported
*globals*,process.stderr._sockname,supported,supported,unsupported,unsupported,unsupported,unsupported
*globals*,process.stderr._type,supported,supported,unsupported,supported,unsupported,unsupported
*globals*,process.stderr._undestroy,supported,supported,unsupported,supported,supported,unsupported
*globals*,process.stderr._unrefTimer,supported,supported,unsupported,unsupported,unsupported,unsupported
*globals*,process.stderr._writableState,supported,supported,unsupported,supported,supported,unsupported
*globals*,process.stderr._write,supported,supported,unsupported,supported,supported,unsupported
*globals*,process.stderr._writeGeneric,supported,supported,unsupported,unsupported,unsupported,unsupported
*globals*,process.stderr._writev,supported,supported,unsupported,mismatch,mismatch,unsupported
*globals*,process.stderr.addListener,supported,supported,unsupported,supported,supported,unsupported
*globals*,process.stderr.address,supported,supported,unsupported,unsupported,unsupported,unsupported
*globals*,process.stderr.allowHalfOpen,supported,supported,unsupported,unsupported,unsupported,unsupported
*globals*,process.stderr.asIndexedPairs,supported,unsupported,unsupported,unsupported,unsupported,unsupported
*globals*,process.stderr.bufferSize,supported,supported,unsupported,unsupported,unsupported,unsupported
*globals*,process.stderr.bytesRead,supported,supported,unsupported,unsupported,unsupported,unsupported
*globals*,process.stderr.bytesWritten,supported,supported,unsupported,supported,unsupported,unsupported
*globals*,process.stderr.closed,supported,supported,unsupported,supported,supported,unsupported
*globals*,process.stderr.compose,supported,supported,unsupported,unsupported,unsupported,unsupported
*globals*,process.stderr.connect,supported,supported,unsupported,unsupported,unsupported,unsupported
*globals*,process.stderr.connecting,supported,supported,unsupported,unsupported,unsupported,unsupported
*globals*,process.stderr.cork,supported,supported,unsupported,supported,supported,unsupported
*globals*,process.stderr.destroy,supported,supported,unsupported,supported,supported,unsupported
*globals*,process.stderr.destroySoon,supported,supported,unsupported,supported,supported,unsupported
*globals*,process.stderr.destroyed,supported,supported,unsupported,supported,supported,unsupported
*globals*,process.stderr.drop,supported,supported,unsupported,unsupported,unsupported,unsupported
*globals*,process.stderr.emit,supported,supported,unsupported,supported,supported,unsupported
*globals*,process.stderr.end,supported,supported,unsupported,supported,supported,unsupported
*globals*,process.stderr.errored,supported,supported,unsupported,supported,supported,unsupported
*globals*,process.stderr.eventNames,supported,supported,unsupported,supported,supported,unsupported
*globals*,process.stderr.every,supported,supported,unsupported,unsupported,unsupported,unsupported
*globals*,process.stderr.fd,supported,supported,supported,supported,supported,unsupported
*globals*,process.stderr.filter,supported,supported,unsupported,unsupported,unsupported,unsupported
*globals*,process.stderr.find,supported,supported,unsupported,unsupported,unsupported,unsupported
*globals*,process.stderr.flatMap,supported,supported,unsupported,unsupported,unsupported,unsupported
*globals*,process.stderr.forEach,supported,supported,unsupported,unsupported,unsupported,unsupported
*globals*,process.stderr.getMaxListeners,supported,supported,unsupported,supported,supported,unsupported
*globals*,process.stderr.isPaused,supported,supported,unsupported,unsupported,unsupported,unsupported
*globals*,process.stderr.iterator,supported,supported,unsupported,unsupported,unsupported,unsupported
*globals*,process.stderr.listenerCount,supported,supported,unsupported,supported,supported,unsupported
*globals*,process.stderr.listeners,supported,supported,unsupported,supported,supported,unsupported
*globals*,process.stderr.localAddress,supported,supported,unsupported,unsupported,unsupported,unsupported
*globals*,process.stderr.localFamily,supported,supported,unsupported,unsupported,unsupported,unsupported
*globals*,process.stderr.localPort,supported,supported,unsupported,unsupported,unsupported,unsupported
*globals*,process.stderr.map,supported,supported,unsupported,unsupported,unsupported,unsupported
*globals*,process.stderr.off,supported,supported,unsupported,supported,supported,unsupported
*globals*,process.stderr.on,supported,supported,unsupported,supported,supported,unsupported
*globals*,process.stderr.once,supported,supported,unsupported,supported,supported,unsupported
*globals*,process.stderr.pause,supported,supported,unsupported,unsupported,unsupported,unsupported
*globals*,process.stderr.pending,supported,supported,unsupported,supported,unsupported,unsupported
*globals*,process.stderr.pipe,supported,supported,unsupported,supported,supported,unsupported
*globals*,process.stderr.prependListener,supported,supported,unsupported,supported,supported,unsupported
*globals*,process.stderr.prependOnceListener,supported,supported,unsupported,supported,supported,unsupported
*globals*,process.stderr.push,supported,supported,unsupported,unsupported,unsupported,unsupported
*globals*,process.stderr.rawListeners,supported,supported,unsupported,supported,supported,unsupported
*globals*,process.stderr.read,supported,supported,unsupported,unsupported,unsupported,unsupported
*globals*,process.stderr.readable,supported,supported,unsupported,supported,unsupported,unsupported
*globals*,process.stderr.readableAborted,supported,supported,unsupported,unsupported,unsupported,unsupported
*globals*,process.stderr.readableBuffer,supported,supported,unsupported,unsupported,unsupported,unsupported
*globals*,process.stderr.readableDidRead,supported,supported,unsupported,unsupported,unsupported,unsupported
*globals*,process.stderr.readableEncoding,supported,supported,unsupported,unsupported,unsupported,unsupported
*globals*,process.stderr.readableEnded,supported,supported,unsupported,unsupported,unsupported,unsupported
*globals*,process.stderr.readableFlowing,supported,supported,unsupported,unsupported,unsupported,unsupported
*globals*,process.stderr.readableHighWaterMark,supported,supported,unsupported,unsupported,unsupported,unsupported
*globals*,process.stderr.readableLength,supported,supported,unsupported,unsupported,unsupported,unsupported
*globals*,process.stderr.readableObjectMode,supported,supported,unsupported,unsupported,unsupported,unsupported
*globals*,process.stderr.readyState,supported,supported,unsupported,unsupported,unsupported,unsupported
*globals*,process.stderr.reduce,supported,supported,unsupported,unsupported,unsupported,unsupported
*globals*,process.stderr.ref,supported,supported,unsupported,unsupported,unsupported,unsupported
*globals*,process.stderr.remoteAddress,supported,supported,unsupported,unsupported,unsupported,unsupported
*globals*,process.stderr.remoteFamily,supported,supported,unsupported,unsupported,unsupported,unsupported
*globals*,process.stderr.remotePort,supported,supported,unsupported,unsupported,unsupported,unsupported
*globals*,process.stderr.removeAllListeners,supported,supported,unsupported,supported,supported,unsupported
*globals*,process.stderr.removeListener,supported,supported,unsupported,supported,supported,unsupported
*globals*,process.stderr.resetAndDestroy,supported,supported,unsupported,unsupported,unsupported,unsupported
*globals*,process.stderr.resume,supported,supported,unsupported,unsupported,unsupported,unsupported
*globals*,process.stderr.server,supported,supported,unsupported,unsupported,unsupported,unsupported
*globals*,process.stderr.setDefaultEncoding,supported,supported,unsupported,supported,supported,unsupported
*globals*,process.stderr.setEncoding,supported,supported,unsupported,unsupported,unsupported,unsupported
*globals*,process.stderr.setKeepAlive,supported,supported,unsupported,unsupported,unsupported,unsupported
*globals*,process.stderr.setMaxListeners,supported,supported,unsupported,supported,supported,unsupported
*globals*,process.stderr.setNoDelay,supported,supported,unsupported,unsupported,unsupported,unsupported
*globals*,process.stderr.setTimeout,supported,supported,unsupported,unsupported,unsupported,unsupported
*globals*,process.stderr.some,supported,supported,unsupported,unsupported,unsupported,unsupported
*globals*,process.stderr.take,supported,supported,unsupported,unsupported,unsupported,unsupported
*globals*,process.stderr.toArray,supported,supported,unsupported,unsupported,unsupported,unsupported
*globals*,process.stderr.uncork,supported,supported,unsupported,supported,supported,unsupported
*globals*,process.stderr.unpipe,supported,supported,unsupported,unsupported,unsupported,unsupported
*globals*,process.stderr.unref,supported,supported,unsupported,unsupported,unsupported,unsupported
*globals*,process.stderr.unshift,supported,supported,unsupported,unsupported,unsupported,unsupported
*globals*,process.stderr.wrap,supported,supported,unsupported,unsupported,unsupported,unsupported
*globals*,process.stderr.writable,supported,supported,unsupported,supported,supported,unsupported
*globals*,process.stderr.writableBuffer,supported,supported,unsupported,supported,supported,unsupported
*globals*,process.stderr.writableCorked,supported,supported,unsupported,supported,supported,unsupported
*globals*,process.stderr.writableEnded,supported,supported,unsupported,supported,supported,unsupported
*globals*,process.stderr.writableFinished,supported,supported,unsupported,supported,supported,unsupported
*globals*,process.stderr.writableHighWaterMark,supported,supported,unsupported,supported,supported,unsupported
*globals*,process.stderr.writableLength,supported,supported,unsupported,supported,supported,unsupported
*globals*,process.stderr.writableNeedDrain,supported,supported,unsupported,supported,supported,unsupported
*globals*,process.stderr.writableObjectMode,supported,supported,unsupported,supported,supported,unsupported
*globals*,process.stderr.write,supported,supported,supported,supported,supported,unsupported
*globals*,process.stdin.*self*,supported,supported,supported,supported,supported,unsupported
*globals*,process.stdin._bytesDispatched,supported,supported,unsupported,unsupported,unsupported,unsupported
*globals*,process.stdin._closeAfterHandlingError,supported,supported,unsupported,unsupported,unsupported,unsupported
*globals*,process.stdin._connecting,supported,supported,unsupported,unsupported,unsupported,unsupported
*globals*,process.stdin._destroy,supported,supported,unsupported,supported,supported,unsupported
*globals*,process.stdin._events,supported,supported,unsupported,supported,supported,unsupported
*globals*,process.stdin._eventsCount,supported,supported,unsupported,supported,supported,unsupported
*globals*,process.stdin._final,supported,supported,unsupported,unsupported,unsupported,unsupported
*globals*,process.stdin._getpeername,supported,supported,unsupported,unsupported,unsupported,unsupported
*globals*,process.stdin._getsockname,supported,supported,unsupported,unsupported,unsupported,unsupported
*globals*,process.stdin._hadError,supported,supported,unsupported,unsupported,unsupported,unsupported
*globals*,process.stdin._handle,supported,supported,unsupported,unsupported,unsupported,unsupported
*globals*,process.stdin._host,supported,supported,unsupported,unsupported,unsupported,unsupported
*globals*,process.stdin._maxListeners,supported,supported,unsupported,supported,supported,unsupported
*globals*,process.stdin._onTimeout,supported,supported,unsupported,unsupported,unsupported,unsupported
*globals*,process.stdin._parent,supported,supported,unsupported,unsupported,unsupported,unsupported
*globals*,process.stdin._pendingData,supported,supported,unsupported,unsupported,unsupported,unsupported
*globals*,process.stdin._pendingEncoding,supported,supported,unsupported,unsupported,unsupported,unsupported
*globals*,process.stdin._read,supported,supported,unsupported,supported,supported,unsupported
*globals*,process.stdin._readableState,supported,supported,unsupported,supported,supported,unsupported
*globals*,process.stdin._reset,supported,supported,unsupported,unsupported,unsupported,unsupported
*globals*,process.stdin._server,supported,supported,unsupported,unsupported,unsupported,unsupported
*globals*,process.stdin._sockname,supported,supported,unsupported,unsupported,unsupported,unsupported
*globals*,process.stdin._undestroy,supported,supported,unsupported,supported,supported,unsupported
*globals*,process.stdin._unrefTimer,supported,supported,unsupported,unsupported,unsupported,unsupported
*globals*,process.stdin._writableState,supported,supported,unsupported,unsupported,supported,unsupported
*globals*,process.stdin._write,supported,supported,unsupported,unsupported,supported,unsupported
*globals*,process.stdin._writeGeneric,supported,supported,unsupported,unsupported,unsupported,unsupported
*globals*,process.stdin._writev,supported,supported,unsupported,unsupported,mismatch,unsupported
*globals*,process.stdin.addListener,supported,supported,unsupported,supported,supported,unsupported
*globals*,process.stdin.address,supported,supported,unsupported,unsupported,unsupported,unsupported
*globals*,process.stdin.allowHalfOpen,supported,supported,unsupported,unsupported,supported,unsupported
*globals*,process.stdin.asIndexedPairs,supported,unsupported,unsupported,unsupported,supported,unsupported
*globals*,process.stdin.bufferSize,supported,supported,unsupported,unsupported,unsupported,unsupported
*globals*,process.stdin.bytesRead,supported,supported,unsupported,supported,unsupported,unsupported
*globals*,process.stdin.bytesWritten,supported,supported,unsupported,unsupported,unsupported,unsupported
*globals*,process.stdin.closed,supported,supported,unsupported,supported,supported,unsupported
*globals*,process.stdin.compose,supported,supported,unsupported,supported,unsupported,unsupported
*globals*,process.stdin.connect,supported,supported,unsupported,unsupported,unsupported,unsupported
*globals*,process.stdin.connecting,supported,supported,unsupported,unsupported,unsupported,unsupported
*globals*,process.stdin.cork,supported,supported,unsupported,unsupported,supported,unsupported
*globals*,process.stdin.destroy,supported,supported,unsupported,supported,supported,unsupported
*globals*,process.stdin.destroySoon,supported,supported,unsupported,unsupported,unsupported,unsupported
*globals*,process.stdin.destroyed,supported,supported,unsupported,supported,supported,unsupported
*globals*,process.stdin.domain,supported,supported,unsupported,unsupported,unsupported,unsupported
*globals*,process.stdin.drop,supported,supported,unsupported,supported,supported,unsupported
*globals*,process.stdin.emit,supported,supported,unsupported,supported,supported,unsupported
*globals*,process.stdin.end,supported,supported,unsupported,mismatch,supported,unsupported
*globals*,process.stdin.errored,supported,supported,unsupported,supported,supported,unsupported
*globals*,process.stdin.eventNames,supported,supported,unsupported,supported,supported,unsupported
*globals*,process.stdin.every,supported,supported,unsupported,supported,supported,unsupported
*globals*,process.stdin.fd,supported,supported,supported,supported,supported,unsupported
*globals*,process.stdin.filter,supported,supported,unsupported,supported,supported,unsupported
*globals*,process.stdin.find,supported,supported,unsupported,supported,supported,unsupported
*globals*,process.stdin.flatMap,supported,supported,unsupported,supported,supported,unsupported
*globals*,process.stdin.forEach,supported,supported,unsupported,supported,supported,unsupported
*globals*,process.stdin.getMaxListeners,supported,supported,unsupported,supported,supported,unsupported
*globals*,process.stdin.isPaused,supported,supported,unsupported,supported,supported,unsupported
*globals*,process.stdin.iterator,supported,supported,unsupported,supported,supported,unsupported
*globals*,process.stdin.listenerCount,supported,supported,unsupported,supported,supported,unsupported
*globals*,process.stdin.listeners,supported,supported,unsupported,supported,supported,unsupported
*globals*,process.stdin.localAddress,supported,supported,unsupported,unsupported,unsupported,unsupported
*globals*,process.stdin.localFamily,supported,supported,unsupported,unsupported,unsupported,unsupported
*globals*,process.stdin.localPort,supported,supported,unsupported,unsupported,unsupported,unsupported
*globals*,process.stdin.map,supported,supported,unsupported,supported,supported,unsupported
*globals*,process.stdin.off,supported,supported,unsupported,supported,supported,unsupported
*globals*,process.stdin.on,supported,supported,unsupported,supported,supported,unsupported
*globals*,process.stdin.once,supported,supported,unsupported,supported,supported,unsupported
*globals*,process.stdin.pause,supported,supported,unsupported,supported,supported,unsupported
*globals*,process.stdin.pending,supported,supported,unsupported,supported,unsupported,unsupported
*globals*,process.stdin.pipe,supported,supported,unsupported,supported,supported,unsupported
*globals*,process.stdin.prependListener,supported,supported,unsupported,supported,supported,unsupported
*globals*,process.stdin.prependOnceListener,supported,supported,unsupported,supported,supported,unsupported
*globals*,process.stdin.push,supported,supported,unsupported,supported,supported,unsupported
*globals*,process.stdin.rawListeners,supported,supported,unsupported,supported,supported,unsupported
*globals*,process.stdin.read,supported,supported,unsupported,supported,supported,unsupported
*globals*,process.stdin.readable,supported,supported,unsupported,supported,supported,unsupported
*globals*,process.stdin.readableAborted,supported,supported,unsupported,supported,supported,unsupported
*globals*,process.stdin.readableBuffer,supported,supported,unsupported,supported,supported,unsupported
*globals*,process.stdin.readableDidRead,supported,supported,unsupported,supported,supported,unsupported
*globals*,process.stdin.readableEncoding,supported,supported,unsupported,supported,supported,unsupported
*globals*,process.stdin.readableEnded,supported,supported,unsupported,supported,supported,unsupported
*globals*,process.stdin.readableFlowing,supported,supported,unsupported,supported,supported,unsupported
*globals*,process.stdin.readableHighWaterMark,supported,supported,unsupported,supported,supported,unsupported
*globals*,process.stdin.readableLength,supported,supported,unsupported,supported,supported,unsupported
*globals*,process.stdin.readableObjectMode,supported,supported,unsupported,supported,supported,unsupported
*globals*,process.stdin.readyState,supported,supported,unsupported,unsupported,unsupported,unsupported
*globals*,process.stdin.reduce,supported,supported,unsupported,supported,supported,unsupported
*globals*,process.stdin.ref,supported,supported,unsupported,unsupported,unsupported,unsupported
*globals*,process.stdin.remoteAddress,supported,supported,unsupported,unsupported,unsupported,unsupported
*globals*,process.stdin.remoteFamily,supported,supported,unsupported,unsupported,unsupported,unsupported
*globals*,process.stdin.remotePort,supported,supported,unsupported,unsupported,unsupported,unsupported
*globals*,process.stdin.removeAllListeners,supported,supported,unsupported,supported,supported,unsupported
*globals*,process.stdin.removeListener,supported,supported,unsupported,supported,supported,unsupported
*globals*,process.stdin.resetAndDestroy,supported,supported,unsupported,unsupported,unsupported,unsupported
*globals*,process.stdin.resume,supported,supported,unsupported,supported,supported,unsupported
*globals*,process.stdin.server,supported,supported,unsupported,unsupported,unsupported,unsupported
*globals*,process.stdin.setDefaultEncoding,supported,supported,unsupported,unsupported,supported,unsupported
*globals*,process.stdin.setEncoding,supported,supported,unsupported,supported,supported,unsupported
*globals*,process.stdin.setKeepAlive,supported,supported,unsupported,unsupported,unsupported,unsupported
*globals*,process.stdin.setMaxListeners,supported,supported,unsupported,supported,supported,unsupported
*globals*,process.stdin.setNoDelay,supported,supported,unsupported,unsupported,unsupported,unsupported
*globals*,process.stdin.setTimeout,supported,supported,unsupported,unsupported,unsupported,unsupported
*globals*,process.stdin.some,supported,supported,unsupported,supported,supported,unsupported
*globals*,process.stdin.take,supported,supported,unsupported,supported,supported,unsupported
*globals*,process.stdin.toArray,supported,supported,unsupported,supported,supported,unsupported
*globals*,process.stdin.uncork,supported,supported,unsupported,unsupported,supported,unsupported
*globals*,process.stdin.unpipe,supported,supported,unsupported,supported,supported,unsupported
*globals*,process.stdin.unref,supported,supported,unsupported,unsupported,unsupported,unsupported
*globals*,process.stdin.unshift,supported,supported,unsupported,supported,supported,unsupported
*globals*,process.stdin.wrap,supported,supported,unsupported,supported,supported,unsupported
*globals*,process.stdin.writable,supported,supported,unsupported,unsupported,supported,unsupported
*globals*,process.stdin.writableBuffer,supported,supported,unsupported,unsupported,supported,unsupported
*globals*,process.stdin.writableCorked,supported,supported,unsupported,unsupported,supported,unsupported
*globals*,process.stdin.writableEnded,supported,supported,unsupported,unsupported,supported,unsupported
*globals*,process.stdin.writableFinished,supported,supported,unsupported,unsupported,supported,unsupported
*globals*,process.stdin.writableHighWaterMark,supported,supported,unsupported,unsupported,supported,unsupported
*globals*,process.stdin.writableLength,supported,supported,unsupported,unsupported,supported,unsupported
*globals*,process.stdin.writableNeedDrain,supported,supported,unsupported,unsupported,supported,unsupported
*globals*,process.stdin.writableObjectMode,supported,supported,unsupported,unsupported,supported,unsupported
*globals*,process.stdin.write,supported,supported,unsupported,unsupported,supported,unsupported
*globals*,process.stdout.*self*,supported,supported,supported,supported,supported,unsupported
*globals*,process.stdout._bytesDispatched,supported,supported,unsupported,unsupported,unsupported,unsupported
*globals*,process.stdout._closeAfterHandlingError,supported,supported,unsupported,unsupported,unsupported,unsupported
*globals*,process.stdout._connecting,supported,supported,unsupported,unsupported,unsupported,unsupported
*globals*,process.stdout._destroy,supported,supported,unsupported,supported,supported,unsupported
*globals*,process.stdout._events,supported,supported,unsupported,supported,supported,unsupported
*globals*,process.stdout._eventsCount,supported,supported,unsupported,supported,supported,unsupported
*globals*,process.stdout._final,supported,supported,unsupported,unsupported,unsupported,unsupported
*globals*,process.stdout._getpeername,supported,supported,unsupported,unsupported,unsupported,unsupported
*globals*,process.stdout._getsockname,supported,supported,unsupported,unsupported,unsupported,unsupported
*globals*,process.stdout._hadError,supported,supported,unsupported,unsupported,unsupported,unsupported
*globals*,process.stdout._handle,supported,supported,unsupported,unsupported,unsupported,unsupported
*globals*,process.stdout._host,supported,supported,unsupported,unsupported,unsupported,unsupported
*globals*,process.stdout._isStdio,supported,supported,unsupported,supported,supported,unsupported
*globals*,process.stdout._maxListeners,supported,supported,unsupported,supported,supported,unsupported
*globals*,process.stdout._onTimeout,supported,supported,unsupported,unsupported,unsupported,unsupported
*globals*,process.stdout._parent,supported,supported,unsupported,unsupported,unsupported,unsupported
*globals*,process.stdout._pendingData,supported,supported,unsupported,unsupported,unsupported,unsupported
*globals*,process.stdout._pendingEncoding,supported,supported,unsupported,unsupported,unsupported,unsupported
*globals*,process.stdout._read,supported,supported,unsupported,unsupported,unsupported,unsupported
*globals*,process.stdout._readableState,supported,supported,unsupported,unsupported,unsupported,unsupported
*globals*,process.stdout._reset,supported,supported,unsupported,unsupported,unsupported,unsupported
*globals*,process.stdout._server,supported,supported,unsupported,unsupported,unsupported,unsupported
*globals*,process.stdout._sockname,supported,supported,unsupported,unsupported,unsupported,unsupported
*globals*,process.stdout._type,supported,supported,unsupported,supported,unsupported,unsupported
*globals*,process.stdout._undestroy,supported,supported,unsupported,supported,supported,unsupported
*globals*,process.stdout._unrefTimer,supported,supported,unsupported,unsupported,unsupported,unsupported
*globals*,process.stdout._writableState,supported,supported,unsupported,supported,supported,unsupported
*globals*,process.stdout._write,supported,supported,unsupported,supported,supported,unsupported
*globals*,process.stdout._writeGeneric,supported,supported,unsupported,unsupported,unsupported,unsupported
*globals*,process.stdout._writev,supported,supported,unsupported,mismatch,mismatch,unsupported
*globals*,process.stdout.addListener,supported,supported,unsupported,supported,supported,unsupported
*globals*,process.stdout.address,supported,supported,unsupported,unsupported,unsupported,unsupported
*globals*,process.stdout.allowHalfOpen,supported,supported,unsupported,unsupported,unsupported,unsupported
*globals*,process.stdout.asIndexedPairs,supported,unsupported,unsupported,unsupported,unsupported,unsupported
*globals*,process.stdout.bufferSize,supported,supported,unsupported,unsupported,unsupported,unsupported
*globals*,process.stdout.bytesRead,supported,supported,unsupported,unsupported,unsupported,unsupported
*globals*,process.stdout.bytesWritten,supported,supported,unsupported,supported,unsupported,unsupported
*globals*,process.stdout.closed,supported,supported,unsupported,supported,supported,unsupported
*globals*,process.stdout.compose,supported,supported,unsupported,unsupported,unsupported,unsupported
*globals*,process.stdout.connect,supported,supported,unsupported,unsupported,unsupported,unsupported
*globals*,process.stdout.connecting,supported,supported,unsupported,unsupported,unsupported,unsupported
*globals*,process.stdout.cork,supported,supported,unsupported,supported,supported,unsupported
*globals*,process.stdout.destroy,supported,supported,unsupported,supported,supported,unsupported
*globals*,process.stdout.destroySoon,supported,supported,unsupported,supported,supported,unsupported
*globals*,process.stdout.destroyed,supported,supported,unsupported,supported,supported,unsupported
*globals*,process.stdout.domain,supported,supported,unsupported,unsupported,unsupported,unsupported
*globals*,process.stdout.drop,supported,supported,unsupported,unsupported,unsupported,unsupported
*globals*,process.stdout.emit,supported,supported,unsupported,supported,supported,unsupported
*globals*,process.stdout.end,supported,supported,unsupported,supported,supported,unsupported
*globals*,process.stdout.errored,supported,supported,unsupported,supported,supported,unsupported
*globals*,process.stdout.eventNames,supported,supported,unsupported,supported,supported,unsupported
*globals*,process.stdout.every,supported,supported,unsupported,unsupported,unsupported,unsupported
*globals*,process.stdout.fd,supported,supported,supported,supported,supported,unsupported
*globals*,process.stdout.filter,supported,supported,unsupported,unsupported,unsupported,unsupported
*globals*,process.stdout.find,supported,supported,unsupported,unsupported,unsupported,unsupported
*globals*,process.stdout.flatMap,supported,supported,unsupported,unsupported,unsupported,unsupported
*globals*,process.stdout.forEach,supported,supported,unsupported,unsupported,unsupported,unsupported
*globals*,process.stdout.getMaxListeners,supported,supported,unsupported,supported,supported,unsupported
*globals*,process.stdout.isPaused,supported,supported,unsupported,unsupported,unsupported,unsupported
*globals*,process.stdout.iterator,supported,supported,unsupported,unsupported,unsupported,unsupported
*globals*,process.stdout.listenerCount,supported,supported,unsupported,supported,supported,unsupported
*globals*,process.stdout.listeners,supported,supported,unsupported,supported,supported,unsupported
*globals*,process.stdout.localAddress,supported,supported,unsupported,unsupported,unsupported,unsupported
*globals*,process.stdout.localFamily,supported,supported,unsupported,unsupported,unsupported,unsupported
*globals*,process.stdout.localPort,supported,supported,unsupported,unsupported,unsupported,unsupported
*globals*,process.stdout.map,supported,supported,unsupported,unsupported,unsupported,unsupported
*globals*,process.stdout.off,supported,supported,unsupported,supported,supported,unsupported
*globals*,process.stdout.on,supported,supported,unsupported,supported,supported,unsupported
*globals*,process.stdout.once,supported,supported,unsupported,supported,supported,unsupported
*globals*,process.stdout.pause,supported,supported,unsupported,unsupported,unsupported,unsupported
*globals*,process.stdout.pending,supported,supported,unsupported,supported,unsupported,unsupported
*globals*,process.stdout.pipe,supported,supported,unsupported,supported,supported,unsupported
*globals*,process.stdout.prependListener,supported,supported,unsupported,supported,supported,unsupported
*globals*,process.stdout.prependOnceListener,supported,supported,unsupported,supported,supported,unsupported
*globals*,process.stdout.push,supported,supported,unsupported,unsupported,unsupported,unsupported
*globals*,process.stdout.rawListeners,supported,supported,unsupported,supported,supported,unsupported
*globals*,process.stdout.read,supported,supported,unsupported,unsupported,unsupported,unsupported
*globals*,process.stdout.readable,supported,supported,unsupported,supported,unsupported,unsupported
*globals*,process.stdout.readableAborted,supported,supported,unsupported,unsupported,unsupported,unsupported
*globals*,process.stdout.readableBuffer,supported,supported,unsupported,unsupported,unsupported,unsupported
*globals*,process.stdout.readableDidRead,supported,supported,unsupported,unsupported,unsupported,unsupported
*globals*,process.stdout.readableEncoding,supported,supported,unsupported,unsupported,unsupported,unsupported
*globals*,process.stdout.readableEnded,supported,supported,unsupported,unsupported,unsupported,unsupported
*globals*,process.stdout.readableFlowing,supported,supported,unsupported,unsupported,unsupported,unsupported
*globals*,process.stdout.readableHighWaterMark,supported,supported,unsupported,unsupported,unsupported,unsupported
*globals*,process.stdout.readableLength,supported,supported,unsupported,unsupported,unsupported,unsupported
*globals*,process.stdout.readableObjectMode,supported,supported,unsupported,unsupported,unsupported,unsupported
*globals*,process.stdout.readyState,supported,supported,unsupported,unsupported,unsupported,unsupported
*globals*,process.stdout.reduce,supported,supported,unsupported,unsupported,unsupported,unsupported
*globals*,process.stdout.ref,supported,supported,unsupported,unsupported,unsupported,unsupported
*globals*,process.stdout.remoteAddress,supported,supported,unsupported,unsupported,unsupported,unsupported
*globals*,process.stdout.remoteFamily,supported,supported,unsupported,unsupported,unsupported,unsupported
*globals*,process.stdout.remotePort,supported,supported,unsupported,unsupported,unsupported,unsupported
*globals*,process.stdout.removeAllListeners,supported,supported,unsupported,supported,supported,unsupported
*globals*,process.stdout.removeListener,supported,supported,unsupported,supported,supported,unsupported
*globals*,process.stdout.resetAndDestroy,supported,supported,unsupported,unsupported,unsupported,unsupported
*globals*,process.stdout.resume,supported,supported,unsupported,unsupported,unsupported,unsupported
*globals*,process.stdout.server,supported,supported,unsupported,unsupported,unsupported,unsupported
*globals*,process.stdout.setDefaultEncoding,supported,supported,unsupported,supported,supported,unsupported
*globals*,process.stdout.setEncoding,supported,supported,unsupported,unsupported,unsupported,unsupported
*globals*,process.stdout.setKeepAlive,supported,supported,unsupported,unsupported,unsupported,unsupported
*globals*,process.stdout.setMaxListeners,supported,supported,unsupported,supported,supported,unsupported
*globals*,process.stdout.setNoDelay,supported,supported,unsupported,unsupported,unsupported,unsupported
*globals*,process.stdout.setTimeout,supported,supported,unsupported,unsupported,unsupported,unsupported
*globals*,process.stdout.some,supported,supported,unsupported,unsupported,unsupported,unsupported
*globals*,process.stdout.take,supported,supported,unsupported,unsupported,unsupported,unsupported
*globals*,process.stdout.toArray,supported,supported,unsupported,unsupported,unsupported,unsupported
*globals*,process.stdout.uncork,supported,supported,unsupported,supported,supported,unsupported
*globals*,process.stdout.unpipe,supported,supported,unsupported,unsupported,unsupported,unsupported
*globals*,process.stdout.unref,supported,supported,unsupported,unsupported,unsupported,unsupported
*globals*,process.stdout.unshift,supported,supported,unsupported,unsupported,unsupported,unsupported
*globals*,process.stdout.wrap,supported,supported,unsupported,unsupported,unsupported,unsupported
*globals*,process.stdout.writable,supported,supported,unsupported,supported,supported,unsupported
*globals*,process.stdout.writableBuffer,supported,supported,unsupported,supported,supported,unsupported
*globals*,process.stdout.writableCorked,supported,supported,unsupported,supported,supported,unsupported
*globals*,process.stdout.writableEnded,supported,supported,unsupported,supported,supported,unsupported
*globals*,process.stdout.writableFinished,supported,supported,unsupported,supported,supported,unsupported
*globals*,process.stdout.writableHighWaterMark,supported,supported,unsupported,supported,supported,unsupported
*globals*,process.stdout.writableLength,supported,supported,unsupported,supported,supported,unsupported
*globals*,process.stdout.writableNeedDrain,supported,supported,unsupported,supported,supported,unsupported
*globals*,process.stdout.writableObjectMode,supported,supported,unsupported,supported,supported,unsupported
*globals*,process.stdout.write,supported,supported,supported,supported,supported,unsupported
*globals*,process.title,supported,supported,supported,supported,supported,unsupported
*globals*,process.umask,supported,supported,supported,supported,supported,unsupported
*globals*,process.unref,supported,supported,unsupported,unsupported,unsupported,unsupported
*globals*,process.uptime,supported,supported,supported,supported,supported,unsupported
*globals*,process.version,supported,supported,supported,supported,supported,unsupported
*globals*,process.versions.*self*,supported,supported,supported,supported,supported,unsupported
*globals*,process.versions.acorn,supported,supported,unsupported,unsupported,unsupported,unsupported
*globals*,process.versions.ada,supported,supported,unsupported,unsupported,unsupported,unsupported
*globals*,process.versions.amaro,supported,supported,unsupported,unsupported,unsupported,unsupported
*globals*,process.versions.ares,supported,supported,unsupported,supported,supported,unsupported
*globals*,process.versions.base64,supported,unsupported,unsupported,unsupported,unsupported,unsupported
*globals*,process.versions.brotli,supported,supported,unsupported,unsupported,supported,unsupported
*globals*,process.versions.cjs_module_lexer,supported,supported,unsupported,unsupported,unsupported,unsupported
*globals*,process.versions.cldr,supported,supported,unsupported,unsupported,supported,unsupported
*globals*,process.versions.icu,supported,supported,unsupported,supported,supported,unsupported
*globals*,process.versions.llhttp,supported,supported,unsupported,unsupported,supported,unsupported
*globals*,process.versions.modules,supported,supported,unsupported,supported,supported,unsupported
*globals*,process.versions.napi,supported,supported,unsupported,supported,supported,unsupported
*globals*,process.versions.nbytes,supported,supported,unsupported,unsupported,unsupported,unsupported
*globals*,process.versions.ncrypto,supported,supported,unsupported,unsupported,unsupported,unsupported
*globals*,process.versions.nghttp2,supported,supported,unsupported,unsupported,supported,unsupported
*globals*,process.versions.nghttp3,supported,supported,unsupported,unsupported,supported,unsupported
*globals*,process.versions.ngtcp2,supported,supported,unsupported,unsupported,supported,unsupported
*globals*,process.versions.node,supported,supported,unsupported,supported,supported,unsupported
*globals*,process.versions.openssl,supported,supported,unsupported,supported,supported,unsupported
*globals*,process.versions.simdjson,supported,supported,unsupported,unsupported,unsupported,unsupported
*globals*,process.versions.simdutf,supported,supported,unsupported,unsupported,unsupported,unsupported
*globals*,process.versions.sqlite,supported,supported,unsupported,unsupported,unsupported,unsupported
*globals*,process.versions.tz,supported,supported,unsupported,unsupported,supported,unsupported
*globals*,process.versions.undici,supported,supported,unsupported,unsupported,unsupported,unsupported
*globals*,process.versions.unicode,supported,supported,unsupported,supported,supported,unsupported
*globals*,process.versions.uv,supported,supported,unsupported,supported,supported,unsupported
*globals*,process.versions.uvwasi,supported,supported,unsupported,unsupported,unsupported,unsupported
*globals*,process.versions.v8,supported,supported,unsupported,supported,supported,unsupported
*globals*,process.versions.zlib,supported,supported,unsupported,supported,supported,unsupported
*globals*,queueMicrotask,supported,supported,supported,supported,supported,supported
*globals*,setImmediate,supported,supported,supported,supported,unsupported,unsupported
*globals*,setInterval,supported,supported,supported,supported,supported,supported
*globals*,setTimeout,supported,supported,supported,supported,supported,supported
*globals*,structuredClone,supported,supported,supported,supported,supported,supported
*globals*,undefined,supported,supported,supported,supported,supported,supported
*globals*,unescape,supported,supported,supported,supported,supported,supported
assert,*self*,supported,supported,supported,supported,supported,unsupported
assert,default.*self*,supported,supported,supported,supported,supported,unsupported
assert,default.AssertionError,supported,supported,supported,supported,supported,unsupported
assert,default.CallTracker,supported,supported,unsupported,supported,unsupported,unsupported
assert,default.deepEqual,supported,supported,supported,supported,supported,unsupported
assert,default.deepStrictEqual,supported,supported,supported,supported,supported,unsupported
assert,default.doesNotMatch,supported,supported,supported,supported,supported,unsupported
assert,default.doesNotReject,supported,supported,supported,supported,supported,unsupported
assert,default.doesNotThrow,supported,supported,supported,supported,supported,unsupported
assert,default.equal,supported,supported,supported,supported,supported,unsupported
assert,default.fail,supported,supported,supported,supported,supported,unsupported
assert,default.ifError,supported,supported,supported,supported,supported,unsupported
assert,default.length,supported,supported,supported,supported,supported,unsupported
assert,default.match,supported,supported,supported,supported,supported,unsupported
assert,default.name,supported,supported,supported,supported,supported,unsupported
assert,default.notDeepEqual,supported,supported,supported,supported,supported,unsupported
assert,default.notDeepStrictEqual,supported,supported,supported,supported,supported,unsupported
assert,default.notEqual,supported,supported,supported,supported,supported,unsupported
assert,default.notStrictEqual,supported,supported,supported,supported,supported,unsupported
assert,default.ok,supported,supported,supported,supported,supported,unsupported
assert,default.partialDeepStrictEqual,supported,supported,unsupported,supported,unsupported,unsupported
assert,default.prototype.*self*,supported,supported,supported,unsupported,supported,unsupported
assert,default.rejects,supported,supported,supported,supported,supported,unsupported
assert,default.strict,supported,supported,supported,supported,supported,unsupported
assert,default.strictEqual,supported,supported,supported,supported,supported,unsupported
assert,default.throws,supported,supported,supported,supported,supported,unsupported
assert,AssertionError,supported,supported,supported,supported,supported,unsupported
assert,CallTracker,supported,supported,unsupported,supported,unsupported,unsupported
assert,deepEqual,supported,supported,supported,supported,supported,unsupported
assert,deepStrictEqual,supported,supported,supported,supported,supported,unsupported
assert,doesNotMatch,supported,supported,supported,supported,supported,unsupported
assert,doesNotReject,supported,supported,supported,supported,supported,unsupported
assert,doesNotThrow,supported,supported,supported,supported,supported,unsupported
assert,equal,supported,supported,supported,supported,supported,unsupported
assert,fail,supported,supported,supported,supported,supported,unsupported
assert,ifError,supported,supported,supported,supported,supported,unsupported
assert,match,supported,supported,supported,supported,supported,unsupported
assert,notDeepEqual,supported,supported,supported,supported,supported,unsupported
assert,notDeepStrictEqual,supported,supported,supported,supported,supported,unsupported
assert,notEqual,supported,supported,supported,supported,supported,unsupported
assert,notStrictEqual,supported,supported,supported,supported,supported,unsupported
assert,ok,supported,supported,supported,supported,supported,unsupported
assert,partialDeepStrictEqual,supported,supported,unsupported,supported,unsupported,unsupported
assert,rejects,supported,supported,supported,supported,supported,unsupported
assert,strict,supported,supported,supported,supported,supported,unsupported
assert,strictEqual,supported,supported,supported,supported,supported,unsupported
assert,throws,supported,supported,supported,supported,supported,unsupported
assert/strict,*self*,supported,supported,supported,supported,supported,unsupported
assert/strict,default.*self*,supported,supported,supported,supported,supported,unsupported
assert/strict,default.AssertionError,supported,supported,supported,supported,supported,unsupported
assert/strict,default.CallTracker,supported,supported,unsupported,supported,unsupported,unsupported
assert/strict,default.deepEqual,supported,supported,supported,supported,supported,unsupported
assert/strict,default.deepStrictEqual,supported,supported,supported,supported,supported,unsupported
assert/strict,default.doesNotMatch,supported,supported,supported,supported,supported,unsupported
assert/strict,default.doesNotReject,supported,supported,supported,supported,supported,unsupported
assert/strict,default.doesNotThrow,supported,supported,supported,supported,supported,unsupported
assert/strict,default.equal,supported,supported,supported,supported,supported,unsupported
assert/strict,default.fail,supported,supported,supported,supported,supported,unsupported
assert/strict,default.ifError,supported,supported,supported,supported,supported,unsupported
assert/strict,default.length,supported,supported,supported,supported,supported,unsupported
assert/strict,default.match,supported,supported,supported,supported,supported,unsupported
assert/strict,default.name,supported,supported,supported,supported,supported,unsupported
assert/strict,default.notDeepEqual,supported,supported,supported,supported,supported,unsupported
assert/strict,default.notDeepStrictEqual,supported,supported,supported,supported,supported,unsupported
assert/strict,default.notEqual,supported,supported,supported,supported,supported,unsupported
assert/strict,default.notStrictEqual,supported,supported,supported,supported,supported,unsupported
assert/strict,default.ok,supported,supported,supported,supported,supported,unsupported
assert/strict,default.partialDeepStrictEqual,supported,supported,unsupported,supported,unsupported,unsupported
assert/strict,default.prototype.*self*,supported,supported,supported,unsupported,supported,unsupported
assert/strict,default.rejects,supported,supported,supported,supported,supported,unsupported
assert/strict,default.strict,supported,supported,supported,supported,supported,unsupported
assert/strict,default.strictEqual,supported,supported,supported,supported,supported,unsupported
assert/strict,default.throws,supported,supported,supported,supported,supported,unsupported
assert/strict,AssertionError,supported,supported,supported,supported,supported,unsupported
assert/strict,CallTracker,supported,supported,unsupported,supported,unsupported,unsupported
assert/strict,deepEqual,supported,supported,supported,supported,supported,unsupported
assert/strict,deepStrictEqual,supported,supported,supported,supported,supported,unsupported
assert/strict,doesNotMatch,supported,supported,supported,supported,supported,unsupported
assert/strict,doesNotReject,supported,supported,supported,supported,supported,unsupported
assert/strict,doesNotThrow,supported,supported,supported,supported,supported,unsupported
assert/strict,equal,supported,supported,supported,supported,supported,unsupported
assert/strict,fail,supported,supported,supported,supported,supported,unsupported
assert/strict,ifError,supported,supported,supported,supported,supported,unsupported
assert/strict,match,supported,supported,supported,supported,supported,unsupported
assert/strict,notDeepEqual,supported,supported,supported,supported,supported,unsupported
assert/strict,notDeepStrictEqual,supported,supported,supported,supported,supported,unsupported
assert/strict,notEqual,supported,supported,supported,supported,supported,unsupported
assert/strict,notStrictEqual,supported,supported,supported,supported,supported,unsupported
assert/strict,ok,supported,supported,supported,supported,supported,unsupported
assert/strict,partialDeepStrictEqual,supported,supported,unsupported,supported,unsupported,unsupported
assert/strict,rejects,supported,supported,supported,supported,supported,unsupported
assert/strict,strict,supported,supported,supported,supported,supported,unsupported
assert/strict,strictEqual,supported,supported,supported,supported,supported,unsupported
assert/strict,throws,supported,supported,supported,supported,supported,unsupported
async_hooks,*self*,supported,supported,supported,supported,supported,unsupported
async_hooks,default.*self*,supported,supported,supported,supported,supported,unsupported
async_hooks,default.AsyncLocalStorage,supported,supported,supported,supported,supported,unsupported
async_hooks,default.AsyncResource,supported,supported,supported,supported,supported,unsupported
async_hooks,default.asyncWrapProviders.*self*,supported,supported,supported,supported,supported,unsupported
async_hooks,default.asyncWrapProviders.BLOBREADER,supported,supported,supported,unsupported,supported,unsupported
async_hooks,default.asyncWrapProviders.CHECKPRIMEREQUEST,supported,supported,supported,supported,supported,unsupported
async_hooks,default.asyncWrapProviders.CIPHERREQUEST,supported,supported,supported,supported,supported,unsupported
async_hooks,default.asyncWrapProviders.DERIVEBITSREQUEST,supported,supported,supported,supported,supported,unsupported
async_hooks,default.asyncWrapProviders.DIRHANDLE,supported,supported,supported,supported,supported,unsupported
async_hooks,default.asyncWrapProviders.DNSCHANNEL,supported,supported,supported,supported,supported,unsupported
async_hooks,default.asyncWrapProviders.ELDHISTOGRAM,supported,supported,supported,supported,supported,unsupported
async_hooks,default.asyncWrapProviders.FILEHANDLE,supported,supported,supported,supported,supported,unsupported
async_hooks,default.asyncWrapProviders.FILEHANDLECLOSEREQ,supported,supported,supported,supported,supported,unsupported
async_hooks,default.asyncWrapProviders.FIXEDSIZEBLOBCOPY,supported,unsupported,unsupported,supported,unsupported,unsupported
async_hooks,default.asyncWrapProviders.FSEVENTWRAP,supported,supported,supported,supported,supported,unsupported
async_hooks,default.asyncWrapProviders.FSREQCALLBACK,supported,supported,supported,supported,supported,unsupported
async_hooks,default.asyncWrapProviders.FSREQPROMISE,supported,supported,supported,supported,supported,unsupported
async_hooks,default.asyncWrapProviders.GETADDRINFOREQWRAP,supported,supported,supported,supported,supported,unsupported
async_hooks,default.asyncWrapProviders.GETNAMEINFOREQWRAP,supported,supported,supported,supported,supported,unsupported
async_hooks,default.asyncWrapProviders.HASHREQUEST,supported,supported,supported,supported,supported,unsupported
async_hooks,default.asyncWrapProviders.HEAPSNAPSHOT,supported,supported,supported,supported,supported,unsupported
async_hooks,default.asyncWrapProviders.HTTP2PING,supported,supported,supported,supported,supported,unsupported
async_hooks,default.asyncWrapProviders.HTTP2SESSION,supported,supported,supported,supported,supported,unsupported
async_hooks,default.asyncWrapProviders.HTTP2SETTINGS,supported,supported,supported,supported,supported,unsupported
async_hooks,default.asyncWrapProviders.HTTP2STREAM,supported,supported,supported,supported,supported,unsupported
async_hooks,default.asyncWrapProviders.HTTPCLIENTREQUEST,supported,supported,supported,supported,supported,unsupported
async_hooks,default.asyncWrapProviders.HTTPINCOMINGMESSAGE,supported,supported,supported,supported,supported,unsupported
async_hooks,default.asyncWrapProviders.JSSTREAM,supported,supported,supported,supported,supported,unsupported
async_hooks,default.asyncWrapProviders.JSUDPWRAP,supported,supported,supported,supported,supported,unsupported
async_hooks,default.asyncWrapProviders.KEYEXPORTREQUEST,supported,supported,supported,supported,supported,unsupported
async_hooks,default.asyncWrapProviders.KEYGENREQUEST,supported,supported,supported,supported,supported,unsupported
async_hooks,default.asyncWrapProviders.KEYPAIRGENREQUEST,supported,supported,supported,supported,supported,unsupported
async_hooks,default.asyncWrapProviders.MESSAGEPORT,supported,supported,supported,supported,supported,unsupported
async_hooks,default.asyncWrapProviders.NONE,supported,supported,supported,supported,supported,unsupported
async_hooks,default.asyncWrapProviders.PBKDF2REQUEST,supported,supported,supported,supported,supported,unsupported
async_hooks,default.asyncWrapProviders.PIPECONNECTWRAP,supported,supported,supported,supported,supported,unsupported
async_hooks,default.asyncWrapProviders.PIPESERVERWRAP,supported,supported,supported,supported,supported,unsupported
async_hooks,default.asyncWrapProviders.PIPEWRAP,supported,supported,supported,supported,supported,unsupported
async_hooks,default.asyncWrapProviders.PROCESSWRAP,supported,supported,supported,supported,supported,unsupported
async_hooks,default.asyncWrapProviders.PROMISE,supported,supported,supported,supported,supported,unsupported
async_hooks,default.asyncWrapProviders.QUERYWRAP,supported,supported,supported,supported,supported,unsupported
async_hooks,default.asyncWrapProviders.QUIC_ENDPOINT,supported,supported,supported,unsupported,supported,unsupported
async_hooks,default.asyncWrapProviders.QUIC_LOGSTREAM,supported,supported,supported,unsupported,supported,unsupported
async_hooks,default.asyncWrapProviders.QUIC_PACKET,supported,supported,supported,unsupported,supported,unsupported
async_hooks,default.asyncWrapProviders.QUIC_SESSION,supported,supported,supported,unsupported,supported,unsupported
async_hooks,default.asyncWrapProviders.QUIC_STREAM,supported,supported,supported,unsupported,supported,unsupported
async_hooks,default.asyncWrapProviders.QUIC_UDP,supported,supported,supported,unsupported,supported,unsupported
async_hooks,default.asyncWrapProviders.RANDOMBYTESREQUEST,supported,supported,supported,supported,supported,unsupported
async_hooks,default.asyncWrapProviders.RANDOMPRIMEREQUEST,supported,supported,supported,supported,supported,unsupported
async_hooks,default.asyncWrapProviders.SCRYPTREQUEST,supported,supported,supported,supported,supported,unsupported
async_hooks,default.asyncWrapProviders.SHUTDOWNWRAP,supported,supported,supported,supported,supported,unsupported
async_hooks,default.asyncWrapProviders.SIGINTWATCHDOG,supported,supported,supported,supported,supported,unsupported
async_hooks,default.asyncWrapProviders.SIGNALWRAP,supported,supported,supported,supported,supported,unsupported
async_hooks,default.asyncWrapProviders.SIGNREQUEST,supported,supported,supported,supported,supported,unsupported
async_hooks,default.asyncWrapProviders.STATWATCHER,supported,supported,supported,supported,supported,unsupported
async_hooks,default.asyncWrapProviders.STREAMPIPE,supported,supported,supported,supported,supported,unsupported
async_hooks,default.asyncWrapProviders.TCPCONNECTWRAP,supported,supported,supported,supported,supported,unsupported
async_hooks,default.asyncWrapProviders.TCPSERVERWRAP,supported,supported,supported,supported,supported,unsupported
async_hooks,default.asyncWrapProviders.TCPWRAP,supported,supported,supported,supported,supported,unsupported
async_hooks,default.asyncWrapProviders.TLSWRAP,supported,supported,supported,supported,supported,unsupported
async_hooks,default.asyncWrapProviders.TTYWRAP,supported,supported,supported,supported,supported,unsupported
async_hooks,default.asyncWrapProviders.UDPSENDWRAP,supported,supported,supported,supported,supported,unsupported
async_hooks,default.asyncWrapProviders.UDPWRAP,supported,supported,supported,supported,supported,unsupported
async_hooks,default.asyncWrapProviders.VERIFYREQUEST,supported,supported,supported,supported,supported,unsupported
async_hooks,default.asyncWrapProviders.WORKER,supported,supported,supported,supported,supported,unsupported
async_hooks,default.asyncWrapProviders.WORKERHEAPSNAPSHOT,supported,supported,supported,supported,supported,unsupported
async_hooks,default.asyncWrapProviders.WRITEWRAP,supported,supported,supported,supported,supported,unsupported
async_hooks,default.asyncWrapProviders.ZLIB,supported,supported,supported,supported,supported,unsupported
async_hooks,default.createHook,supported,supported,supported,supported,supported,unsupported
async_hooks,default.executionAsyncId,supported,supported,supported,supported,supported,unsupported
async_hooks,default.executionAsyncResource,supported,supported,supported,supported,supported,unsupported
async_hooks,default.triggerAsyncId,supported,supported,supported,supported,supported,unsupported
async_hooks,AsyncLocalStorage,supported,supported,supported,supported,supported,unsupported
async_hooks,AsyncResource,supported,supported,supported,supported,supported,unsupported
async_hooks,asyncWrapProviders.*self*,supported,supported,supported,supported,supported,unsupported
async_hooks,asyncWrapProviders.BLOBREADER,supported,supported,supported,unsupported,supported,unsupported
async_hooks,asyncWrapProviders.CHECKPRIMEREQUEST,supported,supported,supported,supported,supported,unsupported
async_hooks,asyncWrapProviders.CIPHERREQUEST,supported,supported,supported,supported,supported,unsupported
async_hooks,asyncWrapProviders.DERIVEBITSREQUEST,supported,supported,supported,supported,supported,unsupported
async_hooks,asyncWrapProviders.DIRHANDLE,supported,supported,supported,supported,supported,unsupported
async_hooks,asyncWrapProviders.DNSCHANNEL,supported,supported,supported,supported,supported,unsupported
async_hooks,asyncWrapProviders.ELDHISTOGRAM,supported,supported,supported,supported,supported,unsupported
async_hooks,asyncWrapProviders.FILEHANDLE,supported,supported,supported,supported,supported,unsupported
async_hooks,asyncWrapProviders.FILEHANDLECLOSEREQ,supported,supported,supported,supported,supported,unsupported
async_hooks,asyncWrapProviders.FIXEDSIZEBLOBCOPY,supported,unsupported,unsupported,supported,unsupported,unsupported
async_hooks,asyncWrapProviders.FSEVENTWRAP,supported,supported,supported,supported,supported,unsupported
async_hooks,asyncWrapProviders.FSREQCALLBACK,supported,supported,supported,supported,supported,unsupported
async_hooks,asyncWrapProviders.FSREQPROMISE,supported,supported,supported,supported,supported,unsupported
async_hooks,asyncWrapProviders.GETADDRINFOREQWRAP,supported,supported,supported,supported,supported,unsupported
async_hooks,asyncWrapProviders.GETNAMEINFOREQWRAP,supported,supported,supported,supported,supported,unsupported
async_hooks,asyncWrapProviders.HASHREQUEST,supported,supported,supported,supported,supported,unsupported
async_hooks,asyncWrapProviders.HEAPSNAPSHOT,supported,supported,supported,supported,supported,unsupported
async_hooks,asyncWrapProviders.HTTP2PING,supported,supported,supported,supported,supported,unsupported
async_hooks,asyncWrapProviders.HTTP2SESSION,supported,supported,supported,supported,supported,unsupported
async_hooks,asyncWrapProviders.HTTP2SETTINGS,supported,supported,supported,supported,supported,unsupported
async_hooks,asyncWrapProviders.HTTP2STREAM,supported,supported,supported,supported,supported,unsupported
async_hooks,asyncWrapProviders.HTTPCLIENTREQUEST,supported,supported,supported,supported,supported,unsupported
async_hooks,asyncWrapProviders.HTTPINCOMINGMESSAGE,supported,supported,supported,supported,supported,unsupported
async_hooks,asyncWrapProviders.JSSTREAM,supported,supported,supported,supported,supported,unsupported
async_hooks,asyncWrapProviders.JSUDPWRAP,supported,supported,supported,supported,supported,unsupported
async_hooks,asyncWrapProviders.KEYEXPORTREQUEST,supported,supported,supported,supported,supported,unsupported
async_hooks,asyncWrapProviders.KEYGENREQUEST,supported,supported,supported,supported,supported,unsupported
async_hooks,asyncWrapProviders.KEYPAIRGENREQUEST,supported,supported,supported,supported,supported,unsupported
async_hooks,asyncWrapProviders.MESSAGEPORT,supported,supported,supported,supported,supported,unsupported
async_hooks,asyncWrapProviders.NONE,supported,supported,supported,supported,supported,unsupported
async_hooks,asyncWrapProviders.PBKDF2REQUEST,supported,supported,supported,supported,supported,unsupported
async_hooks,asyncWrapProviders.PIPECONNECTWRAP,supported,supported,supported,supported,supported,unsupported
async_hooks,asyncWrapProviders.PIPESERVERWRAP,supported,supported,supported,supported,supported,unsupported
async_hooks,asyncWrapProviders.PIPEWRAP,supported,supported,supported,supported,supported,unsupported
async_hooks,asyncWrapProviders.PROCESSWRAP,supported,supported,supported,supported,supported,unsupported
async_hooks,asyncWrapProviders.PROMISE,supported,supported,supported,supported,supported,unsupported
async_hooks,asyncWrapProviders.QUERYWRAP,supported,supported,supported,supported,supported,unsupported
async_hooks,asyncWrapProviders.QUIC_ENDPOINT,supported,supported,supported,unsupported,supported,unsupported
async_hooks,asyncWrapProviders.QUIC_LOGSTREAM,supported,supported,supported,unsupported,supported,unsupported
async_hooks,asyncWrapProviders.QUIC_PACKET,supported,supported,supported,unsupported,supported,unsupported
async_hooks,asyncWrapProviders.QUIC_SESSION,supported,supported,supported,unsupported,supported,unsupported
async_hooks,asyncWrapProviders.QUIC_STREAM,supported,supported,supported,unsupported,supported,unsupported
async_hooks,asyncWrapProviders.QUIC_UDP,supported,supported,supported,unsupported,supported,unsupported
async_hooks,asyncWrapProviders.RANDOMBYTESREQUEST,supported,supported,supported,supported,supported,unsupported
async_hooks,asyncWrapProviders.RANDOMPRIMEREQUEST,supported,supported,supported,supported,supported,unsupported
async_hooks,asyncWrapProviders.SCRYPTREQUEST,supported,supported,supported,supported,supported,unsupported
async_hooks,asyncWrapProviders.SHUTDOWNWRAP,supported,supported,supported,supported,supported,unsupported
async_hooks,asyncWrapProviders.SIGINTWATCHDOG,supported,supported,supported,supported,supported,unsupported
async_hooks,asyncWrapProviders.SIGNALWRAP,supported,supported,supported,supported,supported,unsupported
async_hooks,asyncWrapProviders.SIGNREQUEST,supported,supported,supported,supported,supported,unsupported
async_hooks,asyncWrapProviders.STATWATCHER,supported,supported,supported,supported,supported,unsupported
async_hooks,asyncWrapProviders.STREAMPIPE,supported,supported,supported,supported,supported,unsupported
async_hooks,asyncWrapProviders.TCPCONNECTWRAP,supported,supported,supported,supported,supported,unsupported
async_hooks,asyncWrapProviders.TCPSERVERWRAP,supported,supported,supported,supported,supported,unsupported
async_hooks,asyncWrapProviders.TCPWRAP,supported,supported,supported,supported,supported,unsupported
async_hooks,asyncWrapProviders.TLSWRAP,supported,supported,supported,supported,supported,unsupported
async_hooks,asyncWrapProviders.TTYWRAP,supported,supported,supported,supported,supported,unsupported
async_hooks,asyncWrapProviders.UDPSENDWRAP,supported,supported,supported,supported,supported,unsupported
async_hooks,asyncWrapProviders.UDPWRAP,supported,supported,supported,supported,supported,unsupported
async_hooks,asyncWrapProviders.VERIFYREQUEST,supported,supported,supported,supported,supported,unsupported
async_hooks,asyncWrapProviders.WORKER,supported,supported,supported,supported,supported,unsupported
async_hooks,asyncWrapProviders.WORKERHEAPSNAPSHOT,supported,supported,supported,supported,supported,unsupported
async_hooks,asyncWrapProviders.WRITEWRAP,supported,supported,supported,supported,supported,unsupported
async_hooks,asyncWrapProviders.ZLIB,supported,supported,supported,supported,supported,unsupported
async_hooks,createHook,supported,supported,supported,supported,supported,unsupported
async_hooks,executionAsyncId,supported,supported,supported,supported,supported,unsupported
async_hooks,executionAsyncResource,supported,supported,supported,supported,supported,unsupported
async_hooks,triggerAsyncId,supported,supported,supported,supported,supported,unsupported
buffer,*self*,supported,supported,supported,supported,supported,unsupported
buffer,default.*self*,supported,supported,supported,supported,supported,unsupported
buffer,default.Blob,supported,supported,supported,supported,supported,unsupported
buffer,default.Buffer,supported,supported,supported,supported,supported,unsupported
buffer,default.File,supported,supported,supported,supported,unsupported,unsupported
buffer,default.INSPECT_MAX_BYTES,supported,supported,supported,supported,supported,unsupported
buffer,default.SlowBuffer,supported,supported,supported,supported,supported,unsupported
buffer,default.atob,supported,supported,supported,supported,supported,unsupported
buffer,default.btoa,supported,supported,supported,supported,supported,unsupported
buffer,default.constants.*self*,supported,supported,supported,supported,supported,unsupported
buffer,default.constants.MAX_LENGTH,supported,supported,supported,supported,supported,unsupported
buffer,default.constants.MAX_STRING_LENGTH,supported,supported,supported,supported,supported,unsupported
buffer,default.isAscii,supported,supported,supported,supported,supported,unsupported
buffer,default.isUtf8,supported,supported,supported,supported,supported,unsupported
buffer,default.kMaxLength,supported,supported,supported,supported,supported,unsupported
buffer,default.kStringMaxLength,supported,supported,supported,supported,supported,unsupported
buffer,default.resolveObjectURL,supported,supported,supported,supported,unsupported,unsupported
buffer,default.transcode,supported,supported,supported,mismatch,supported,unsupported
buffer,Blob,supported,supported,supported,supported,supported,unsupported
buffer,Buffer,supported,supported,supported,supported,supported,unsupported
buffer,File,supported,supported,supported,supported,unsupported,unsupported
buffer,INSPECT_MAX_BYTES,supported,supported,supported,mismatch,supported,unsupported
buffer,SlowBuffer,supported,supported,supported,supported,supported,unsupported
buffer,atob,supported,supported,supported,supported,supported,unsupported
buffer,btoa,supported,supported,supported,supported,supported,unsupported
buffer,constants.*self*,supported,supported,supported,supported,supported,unsupported
buffer,constants.MAX_LENGTH,supported,supported,supported,supported,supported,unsupported
buffer,constants.MAX_STRING_LENGTH,supported,supported,supported,supported,supported,unsupported
buffer,isAscii,supported,supported,supported,supported,supported,unsupported
buffer,isUtf8,supported,supported,supported,supported,supported,unsupported
buffer,kMaxLength,supported,supported,supported,supported,supported,unsupported
buffer,kStringMaxLength,supported,supported,supported,supported,supported,unsupported
buffer,resolveObjectURL,supported,supported,supported,supported,unsupported,unsupported
buffer,transcode,supported,supported,supported,mismatch,supported,unsupported
console,*self*,supported,supported,supported,supported,supported,unsupported
console,default.*self*,supported,supported,supported,supported,supported,unsupported
console,default.Console,supported,supported,supported,supported,supported,unsupported
console,default._ignoreErrors,supported,supported,supported,unsupported,unsupported,unsupported
console,default._stderr.*self*,supported,supported,supported,supported,supported,unsupported
console,default._stderr._bytesDispatched,supported,supported,unsupported,unsupported,unsupported,unsupported
console,default._stderr._closeAfterHandlingError,supported,supported,unsupported,unsupported,unsupported,unsupported
console,default._stderr._connecting,supported,supported,unsupported,unsupported,unsupported,unsupported
console,default._stderr._destroy,supported,supported,supported,supported,supported,unsupported
console,default._stderr._events,supported,supported,supported,supported,supported,unsupported
console,default._stderr._eventsCount,supported,supported,supported,supported,supported,unsupported
console,default._stderr._final,supported,supported,unsupported,unsupported,unsupported,unsupported
console,default._stderr._getpeername,supported,supported,unsupported,unsupported,unsupported,unsupported
console,default._stderr._getsockname,supported,supported,unsupported,unsupported,unsupported,unsupported
console,default._stderr._hadError,supported,supported,unsupported,unsupported,unsupported,unsupported
console,default._stderr._handle,supported,supported,unsupported,unsupported,unsupported,unsupported
console,default._stderr._host,supported,supported,unsupported,unsupported,unsupported,unsupported
console,default._stderr._isStdio,supported,supported,unsupported,supported,supported,unsupported
console,default._stderr._maxListeners,supported,supported,supported,supported,supported,unsupported
console,default._stderr._onTimeout,supported,supported,unsupported,unsupported,unsupported,unsupported
console,default._stderr._parent,supported,supported,unsupported,unsupported,unsupported,unsupported
console,default._stderr._pendingData,supported,supported,unsupported,unsupported,unsupported,unsupported
console,default._stderr._pendingEncoding,supported,supported,unsupported,unsupported,unsupported,unsupported
console,default._stderr._read,supported,supported,unsupported,unsupported,unsupported,unsupported
console,default._stderr._readableState,supported,supported,unsupported,unsupported,unsupported,unsupported
console,default._stderr._reset,supported,supported,unsupported,unsupported,unsupported,unsupported
console,default._stderr._server,supported,supported,unsupported,unsupported,unsupported,unsupported
console,default._stderr._sockname,supported,supported,unsupported,unsupported,unsupported,unsupported
console,default._stderr._type,supported,supported,unsupported,supported,unsupported,unsupported
console,default._stderr._undestroy,supported,supported,supported,supported,supported,unsupported
console,default._stderr._unrefTimer,supported,supported,unsupported,unsupported,unsupported,unsupported
console,default._stderr._writableState,supported,supported,supported,supported,supported,unsupported
console,default._stderr._write,supported,supported,supported,supported,supported,unsupported
console,default._stderr._writeGeneric,supported,supported,unsupported,unsupported,unsupported,unsupported
console,default._stderr._writev,supported,supported,mismatch,mismatch,mismatch,unsupported
console,default._stderr.addListener,supported,supported,supported,supported,supported,unsupported
console,default._stderr.address,supported,supported,unsupported,unsupported,unsupported,unsupported
console,default._stderr.allowHalfOpen,supported,supported,unsupported,unsupported,unsupported,unsupported
console,default._stderr.asIndexedPairs,supported,unsupported,unsupported,unsupported,unsupported,unsupported
console,default._stderr.bufferSize,supported,supported,unsupported,unsupported,unsupported,unsupported
console,default._stderr.bytesRead,supported,supported,unsupported,unsupported,unsupported,unsupported
console,default._stderr.bytesWritten,supported,supported,unsupported,supported,unsupported,unsupported
console,default._stderr.closed,supported,supported,supported,supported,supported,unsupported
console,default._stderr.compose,supported,supported,unsupported,unsupported,unsupported,unsupported
console,default._stderr.connect,supported,supported,unsupported,unsupported,unsupported,unsupported
console,default._stderr.connecting,supported,supported,unsupported,unsupported,unsupported,unsupported
console,default._stderr.cork,supported,supported,supported,supported,supported,unsupported
console,default._stderr.destroy,supported,supported,supported,supported,supported,unsupported
console,default._stderr.destroySoon,supported,supported,unsupported,supported,supported,unsupported
console,default._stderr.destroyed,supported,supported,supported,supported,supported,unsupported
console,default._stderr.drop,supported,supported,unsupported,unsupported,unsupported,unsupported
console,default._stderr.emit,supported,supported,supported,supported,supported,unsupported
console,default._stderr.end,supported,supported,supported,supported,supported,unsupported
console,default._stderr.errored,supported,supported,supported,supported,supported,unsupported
console,default._stderr.eventNames,supported,supported,supported,supported,supported,unsupported
console,default._stderr.every,supported,supported,unsupported,unsupported,unsupported,unsupported
console,default._stderr.fd,supported,supported,unsupported,supported,supported,unsupported
console,default._stderr.filter,supported,supported,unsupported,unsupported,unsupported,unsupported
console,default._stderr.find,supported,supported,unsupported,unsupported,unsupported,unsupported
console,default._stderr.flatMap,supported,supported,unsupported,unsupported,unsupported,unsupported
console,default._stderr.forEach,supported,supported,unsupported,unsupported,unsupported,unsupported
console,default._stderr.getMaxListeners,supported,supported,supported,supported,supported,unsupported
console,default._stderr.isPaused,supported,supported,unsupported,unsupported,unsupported,unsupported
console,default._stderr.iterator,supported,supported,unsupported,unsupported,unsupported,unsupported
console,default._stderr.listenerCount,supported,supported,supported,supported,supported,unsupported
console,default._stderr.listeners,supported,supported,supported,supported,supported,unsupported
console,default._stderr.localAddress,supported,supported,unsupported,unsupported,unsupported,unsupported
console,default._stderr.localFamily,supported,supported,unsupported,unsupported,unsupported,unsupported
console,default._stderr.localPort,supported,supported,unsupported,unsupported,unsupported,unsupported
console,default._stderr.map,supported,supported,unsupported,unsupported,unsupported,unsupported
console,default._stderr.off,supported,supported,supported,supported,supported,unsupported
console,default._stderr.on,supported,supported,supported,supported,supported,unsupported
console,default._stderr.once,supported,supported,supported,supported,supported,unsupported
console,default._stderr.pause,supported,supported,unsupported,unsupported,unsupported,unsupported
console,default._stderr.pending,supported,supported,unsupported,supported,unsupported,unsupported
console,default._stderr.pipe,supported,supported,supported,supported,supported,unsupported
console,default._stderr.prependListener,supported,supported,supported,supported,supported,unsupported
console,default._stderr.prependOnceListener,supported,supported,supported,supported,supported,unsupported
console,default._stderr.push,supported,supported,unsupported,unsupported,unsupported,unsupported
console,default._stderr.rawListeners,supported,supported,supported,supported,supported,unsupported
console,default._stderr.read,supported,supported,unsupported,unsupported,unsupported,unsupported
console,default._stderr.readable,supported,supported,unsupported,supported,unsupported,unsupported
console,default._stderr.readableAborted,supported,supported,unsupported,unsupported,unsupported,unsupported
console,default._stderr.readableBuffer,supported,supported,unsupported,unsupported,unsupported,unsupported
console,default._stderr.readableDidRead,supported,supported,unsupported,unsupported,unsupported,unsupported
console,default._stderr.readableEncoding,supported,supported,unsupported,unsupported,unsupported,unsupported
console,default._stderr.readableEnded,supported,supported,unsupported,unsupported,unsupported,unsupported
console,default._stderr.readableFlowing,supported,supported,unsupported,unsupported,unsupported,unsupported
console,default._stderr.readableHighWaterMark,supported,supported,unsupported,unsupported,unsupported,unsupported
console,default._stderr.readableLength,supported,supported,unsupported,unsupported,unsupported,unsupported
console,default._stderr.readableObjectMode,supported,supported,unsupported,unsupported,unsupported,unsupported
console,default._stderr.readyState,supported,supported,unsupported,unsupported,unsupported,unsupported
console,default._stderr.reduce,supported,supported,unsupported,unsupported,unsupported,unsupported
console,default._stderr.ref,supported,supported,unsupported,unsupported,unsupported,unsupported
console,default._stderr.remoteAddress,supported,supported,unsupported,unsupported,unsupported,unsupported
console,default._stderr.remoteFamily,supported,supported,unsupported,unsupported,unsupported,unsupported
console,default._stderr.remotePort,supported,supported,unsupported,unsupported,unsupported,unsupported
console,default._stderr.removeAllListeners,supported,supported,supported,supported,supported,unsupported
console,default._stderr.removeListener,supported,supported,supported,supported,supported,unsupported
console,default._stderr.resetAndDestroy,supported,supported,unsupported,unsupported,unsupported,unsupported
console,default._stderr.resume,supported,supported,unsupported,unsupported,unsupported,unsupported
console,default._stderr.server,supported,supported,unsupported,unsupported,unsupported,unsupported
console,default._stderr.setDefaultEncoding,supported,supported,supported,supported,supported,unsupported
console,default._stderr.setEncoding,supported,supported,unsupported,unsupported,unsupported,unsupported
console,default._stderr.setKeepAlive,supported,supported,unsupported,unsupported,unsupported,unsupported
console,default._stderr.setMaxListeners,supported,supported,supported,supported,supported,unsupported
console,default._stderr.setNoDelay,supported,supported,unsupported,unsupported,unsupported,unsupported
console,default._stderr.setTimeout,supported,supported,unsupported,unsupported,unsupported,unsupported
console,default._stderr.some,supported,supported,unsupported,unsupported,unsupported,unsupported
console,default._stderr.take,supported,supported,unsupported,unsupported,unsupported,unsupported
console,default._stderr.toArray,supported,supported,unsupported,unsupported,unsupported,unsupported
console,default._stderr.uncork,supported,supported,supported,supported,supported,unsupported
console,default._stderr.unpipe,supported,supported,unsupported,unsupported,unsupported,unsupported
console,default._stderr.unref,supported,supported,unsupported,unsupported,unsupported,unsupported
console,default._stderr.unshift,supported,supported,unsupported,unsupported,unsupported,unsupported
console,default._stderr.wrap,supported,supported,unsupported,unsupported,unsupported,unsupported
console,default._stderr.writable,supported,supported,supported,supported,supported,unsupported
console,default._stderr.writableBuffer,supported,supported,supported,supported,supported,unsupported
console,default._stderr.writableCorked,supported,supported,supported,supported,supported,unsupported
console,default._stderr.writableEnded,supported,supported,supported,supported,supported,unsupported
console,default._stderr.writableFinished,supported,supported,supported,supported,supported,unsupported
console,default._stderr.writableHighWaterMark,supported,supported,supported,supported,supported,unsupported
console,default._stderr.writableLength,supported,supported,supported,supported,supported,unsupported
console,default._stderr.writableNeedDrain,supported,supported,supported,supported,supported,unsupported
console,default._stderr.writableObjectMode,supported,supported,supported,supported,supported,unsupported
console,default._stderr.write,supported,supported,supported,supported,supported,unsupported
console,default._stderrErrorHandler,supported,supported,stub,unsupported,unsupported,unsupported
console,default._stdout.*self*,supported,supported,supported,supported,supported,unsupported
console,default._stdout._bytesDispatched,supported,supported,unsupported,unsupported,unsupported,unsupported
console,default._stdout._closeAfterHandlingError,supported,supported,unsupported,unsupported,unsupported,unsupported
console,default._stdout._connecting,supported,supported,unsupported,unsupported,unsupported,unsupported
console,default._stdout._destroy,supported,supported,supported,supported,supported,unsupported
console,default._stdout._events,supported,supported,supported,supported,supported,unsupported
console,default._stdout._eventsCount,supported,supported,supported,supported,supported,unsupported
console,default._stdout._final,supported,supported,unsupported,unsupported,unsupported,unsupported
console,default._stdout._getpeername,supported,supported,unsupported,unsupported,unsupported,unsupported
console,default._stdout._getsockname,supported,supported,unsupported,unsupported,unsupported,unsupported
console,default._stdout._hadError,supported,supported,unsupported,unsupported,unsupported,unsupported
console,default._stdout._handle,supported,supported,unsupported,unsupported,unsupported,unsupported
console,default._stdout._host,supported,supported,unsupported,unsupported,unsupported,unsupported
console,default._stdout._isStdio,supported,supported,unsupported,supported,supported,unsupported
console,default._stdout._maxListeners,supported,supported,supported,supported,supported,unsupported
console,default._stdout._onTimeout,supported,supported,unsupported,unsupported,unsupported,unsupported
console,default._stdout._parent,supported,supported,unsupported,unsupported,unsupported,unsupported
console,default._stdout._pendingData,supported,supported,unsupported,unsupported,unsupported,unsupported
console,default._stdout._pendingEncoding,supported,supported,unsupported,unsupported,unsupported,unsupported
console,default._stdout._read,supported,supported,unsupported,unsupported,unsupported,unsupported
console,default._stdout._readableState,supported,supported,unsupported,unsupported,unsupported,unsupported
console,default._stdout._reset,supported,supported,unsupported,unsupported,unsupported,unsupported
console,default._stdout._server,supported,supported,unsupported,unsupported,unsupported,unsupported
console,default._stdout._sockname,supported,supported,unsupported,unsupported,unsupported,unsupported
console,default._stdout._type,supported,supported,unsupported,supported,unsupported,unsupported
console,default._stdout._undestroy,supported,supported,supported,supported,supported,unsupported
console,default._stdout._unrefTimer,supported,supported,unsupported,unsupported,unsupported,unsupported
console,default._stdout._writableState,supported,supported,supported,supported,supported,unsupported
console,default._stdout._write,supported,supported,supported,supported,supported,unsupported
console,default._stdout._writeGeneric,supported,supported,unsupported,unsupported,unsupported,unsupported
console,default._stdout._writev,supported,supported,mismatch,mismatch,mismatch,unsupported
console,default._stdout.addListener,supported,supported,supported,supported,supported,unsupported
console,default._stdout.address,supported,supported,unsupported,unsupported,unsupported,unsupported
console,default._stdout.allowHalfOpen,supported,supported,unsupported,unsupported,unsupported,unsupported
console,default._stdout.asIndexedPairs,supported,unsupported,unsupported,unsupported,unsupported,unsupported
console,default._stdout.bufferSize,supported,supported,unsupported,unsupported,unsupported,unsupported
console,default._stdout.bytesRead,supported,supported,unsupported,unsupported,unsupported,unsupported
console,default._stdout.bytesWritten,supported,supported,unsupported,supported,unsupported,unsupported
console,default._stdout.closed,supported,supported,supported,supported,supported,unsupported
console,default._stdout.compose,supported,supported,unsupported,unsupported,unsupported,unsupported
console,default._stdout.connect,supported,supported,unsupported,unsupported,unsupported,unsupported
console,default._stdout.connecting,supported,supported,unsupported,unsupported,unsupported,unsupported
console,default._stdout.cork,supported,supported,supported,supported,supported,unsupported
console,default._stdout.destroy,supported,supported,supported,supported,supported,unsupported
console,default._stdout.destroySoon,supported,supported,unsupported,supported,supported,unsupported
console,default._stdout.destroyed,supported,supported,supported,supported,supported,unsupported
console,default._stdout.domain,supported,supported,unsupported,unsupported,unsupported,unsupported
console,default._stdout.drop,supported,supported,unsupported,unsupported,unsupported,unsupported
console,default._stdout.emit,supported,supported,supported,supported,supported,unsupported
console,default._stdout.end,supported,supported,supported,supported,supported,unsupported
console,default._stdout.errored,supported,supported,supported,supported,supported,unsupported
console,default._stdout.eventNames,supported,supported,supported,supported,supported,unsupported
console,default._stdout.every,supported,supported,unsupported,unsupported,unsupported,unsupported
console,default._stdout.fd,supported,supported,unsupported,supported,supported,unsupported
console,default._stdout.filter,supported,supported,unsupported,unsupported,unsupported,unsupported
console,default._stdout.find,supported,supported,unsupported,unsupported,unsupported,unsupported
console,default._stdout.flatMap,supported,supported,unsupported,unsupported,unsupported,unsupported
console,default._stdout.forEach,supported,supported,unsupported,unsupported,unsupported,unsupported
console,default._stdout.getMaxListeners,supported,supported,supported,supported,supported,unsupported
console,default._stdout.isPaused,supported,supported,unsupported,unsupported,unsupported,unsupported
console,default._stdout.iterator,supported,supported,unsupported,unsupported,unsupported,unsupported
console,default._stdout.listenerCount,supported,supported,supported,supported,supported,unsupported
console,default._stdout.listeners,supported,supported,supported,supported,supported,unsupported
console,default._stdout.localAddress,supported,supported,unsupported,unsupported,unsupported,unsupported
console,default._stdout.localFamily,supported,supported,unsupported,unsupported,unsupported,unsupported
console,default._stdout.localPort,supported,supported,unsupported,unsupported,unsupported,unsupported
console,default._stdout.map,supported,supported,unsupported,unsupported,unsupported,unsupported
console,default._stdout.off,supported,supported,supported,supported,supported,unsupported
console,default._stdout.on,supported,supported,supported,supported,supported,unsupported
console,default._stdout.once,supported,supported,supported,supported,supported,unsupported
console,default._stdout.pause,supported,supported,unsupported,unsupported,unsupported,unsupported
console,default._stdout.pending,supported,supported,unsupported,supported,unsupported,unsupported
console,default._stdout.pipe,supported,supported,supported,supported,supported,unsupported
console,default._stdout.prependListener,supported,supported,supported,supported,supported,unsupported
console,default._stdout.prependOnceListener,supported,supported,supported,supported,supported,unsupported
console,default._stdout.push,supported,supported,unsupported,unsupported,unsupported,unsupported
console,default._stdout.rawListeners,supported,supported,supported,supported,supported,unsupported
console,default._stdout.read,supported,supported,unsupported,unsupported,unsupported,unsupported
console,default._stdout.readable,supported,supported,unsupported,supported,unsupported,unsupported
console,default._stdout.readableAborted,supported,supported,unsupported,unsupported,unsupported,unsupported
console,default._stdout.readableBuffer,supported,supported,unsupported,unsupported,unsupported,unsupported
console,default._stdout.readableDidRead,supported,supported,unsupported,unsupported,unsupported,unsupported
console,default._stdout.readableEncoding,supported,supported,unsupported,unsupported,unsupported,unsupported
console,default._stdout.readableEnded,supported,supported,unsupported,unsupported,unsupported,unsupported
console,default._stdout.readableFlowing,supported,supported,unsupported,unsupported,unsupported,unsupported
console,default._stdout.readableHighWaterMark,supported,supported,unsupported,unsupported,unsupported,unsupported
console,default._stdout.readableLength,supported,supported,unsupported,unsupported,unsupported,unsupported
console,default._stdout.readableObjectMode,supported,supported,unsupported,unsupported,unsupported,unsupported
console,default._stdout.readyState,supported,supported,unsupported,unsupported,unsupported,unsupported
console,default._stdout.reduce,supported,supported,unsupported,unsupported,unsupported,unsupported
console,default._stdout.ref,supported,supported,unsupported,unsupported,unsupported,unsupported
console,default._stdout.remoteAddress,supported,supported,unsupported,unsupported,unsupported,unsupported
console,default._stdout.remoteFamily,supported,supported,unsupported,unsupported,unsupported,unsupported
console,default._stdout.remotePort,supported,supported,unsupported,unsupported,unsupported,unsupported
console,default._stdout.removeAllListeners,supported,supported,supported,supported,supported,unsupported
console,default._stdout.removeListener,supported,supported,supported,supported,supported,unsupported
console,default._stdout.resetAndDestroy,supported,supported,unsupported,unsupported,unsupported,unsupported
console,default._stdout.resume,supported,supported,unsupported,unsupported,unsupported,unsupported
console,default._stdout.server,supported,supported,unsupported,unsupported,unsupported,unsupported
console,default._stdout.setDefaultEncoding,supported,supported,supported,supported,supported,unsupported
console,default._stdout.setEncoding,supported,supported,unsupported,unsupported,unsupported,unsupported
console,default._stdout.setKeepAlive,supported,supported,unsupported,unsupported,unsupported,unsupported
console,default._stdout.setMaxListeners,supported,supported,supported,supported,supported,unsupported
console,default._stdout.setNoDelay,supported,supported,unsupported,unsupported,unsupported,unsupported
console,default._stdout.setTimeout,supported,supported,unsupported,unsupported,unsupported,unsupported
console,default._stdout.some,supported,supported,unsupported,unsupported,unsupported,unsupported
console,default._stdout.take,supported,supported,unsupported,unsupported,unsupported,unsupported
console,default._stdout.toArray,supported,supported,unsupported,unsupported,unsupported,unsupported
console,default._stdout.uncork,supported,supported,supported,supported,supported,unsupported
console,default._stdout.unpipe,supported,supported,unsupported,unsupported,unsupported,unsupported
console,default._stdout.unref,supported,supported,unsupported,unsupported,unsupported,unsupported
console,default._stdout.unshift,supported,supported,unsupported,unsupported,unsupported,unsupported
console,default._stdout.wrap,supported,supported,unsupported,unsupported,unsupported,unsupported
console,default._stdout.writable,supported,supported,supported,supported,supported,unsupported
console,default._stdout.writableBuffer,supported,supported,supported,supported,supported,unsupported
console,default._stdout.writableCorked,supported,supported,supported,supported,supported,unsupported
console,default._stdout.writableEnded,supported,supported,supported,supported,supported,unsupported
console,default._stdout.writableFinished,supported,supported,supported,supported,supported,unsupported
console,default._stdout.writableHighWaterMark,supported,supported,supported,supported,supported,unsupported
console,default._stdout.writableLength,supported,supported,supported,supported,supported,unsupported
console,default._stdout.writableNeedDrain,supported,supported,supported,supported,supported,unsupported
console,default._stdout.writableObjectMode,supported,supported,supported,supported,supported,unsupported
console,default._stdout.write,supported,supported,supported,supported,supported,unsupported
console,default._stdoutErrorHandler,supported,supported,stub,unsupported,unsupported,unsupported
console,default._times.*self*,supported,supported,supported,unsupported,unsupported,unsupported
console,default._times.clear,supported,supported,supported,unsupported,unsupported,unsupported
console,default._times.delete,supported,supported,supported,unsupported,unsupported,unsupported
console,default._times.entries,supported,supported,supported,unsupported,unsupported,unsupported
console,default._times.forEach,supported,supported,supported,unsupported,unsupported,unsupported
console,default._times.get,supported,supported,supported,unsupported,unsupported,unsupported
console,default._times.has,supported,supported,supported,unsupported,unsupported,unsupported
console,default._times.keys,supported,supported,supported,unsupported,unsupported,unsupported
console,default._times.set,supported,supported,supported,unsupported,unsupported,unsupported
console,default._times.size,supported,supported,supported,unsupported,unsupported,unsupported
console,default._times.values,supported,supported,supported,unsupported,unsupported,unsupported
console,default.assert,supported,supported,supported,supported,supported,unsupported
console,default.clear,supported,supported,supported,supported,supported,unsupported
console,default.context,supported,supported,supported,unsupported,unsupported,unsupported
console,default.count,supported,supported,supported,supported,supported,unsupported
console,default.countReset,supported,supported,supported,supported,supported,unsupported
console,default.createTask,supported,supported,supported,unsupported,supported,unsupported
console,default.debug,supported,supported,supported,supported,supported,unsupported
console,default.dir,supported,supported,supported,supported,supported,unsupported
console,default.dirxml,supported,supported,supported,supported,supported,unsupported
console,default.error,supported,supported,supported,supported,supported,unsupported
console,default.group,supported,supported,supported,supported,supported,unsupported
console,default.groupCollapsed,supported,supported,supported,supported,supported,unsupported
console,default.groupEnd,supported,supported,supported,supported,supported,unsupported
console,default.info,supported,supported,supported,supported,supported,unsupported
console,default.log,supported,supported,supported,supported,supported,unsupported
console,default.profile,supported,supported,supported,supported,supported,unsupported
console,default.profileEnd,supported,supported,supported,supported,supported,unsupported
console,default.table,supported,supported,supported,supported,supported,unsupported
console,default.time,supported,supported,supported,supported,supported,unsupported
console,default.timeEnd,supported,supported,supported,supported,supported,unsupported
console,default.timeLog,supported,supported,supported,supported,supported,unsupported
console,default.timeStamp,supported,supported,supported,supported,supported,unsupported
console,default.trace,supported,supported,supported,supported,supported,unsupported
console,default.warn,supported,supported,supported,supported,supported,unsupported
console,Console,supported,supported,supported,supported,supported,unsupported
console,assert,supported,supported,supported,supported,supported,unsupported
console,clear,supported,supported,supported,supported,supported,unsupported
console,context,supported,supported,supported,unsupported,unsupported,unsupported
console,count,supported,supported,supported,supported,supported,unsupported
console,countReset,supported,supported,supported,supported,supported,unsupported
console,createTask,supported,supported,supported,unsupported,unsupported,unsupported
console,debug,supported,supported,supported,supported,supported,unsupported
console,dir,supported,supported,supported,supported,supported,unsupported
console,dirxml,supported,supported,supported,supported,supported,unsupported
console,error,supported,supported,supported,supported,supported,unsupported
console,group,supported,supported,supported,supported,supported,unsupported
console,groupCollapsed,supported,supported,supported,supported,supported,unsupported
console,groupEnd,supported,supported,supported,supported,supported,unsupported
console,info,supported,supported,supported,supported,supported,unsupported
console,log,supported,supported,supported,supported,supported,unsupported
console,profile,supported,supported,supported,supported,supported,unsupported
console,profileEnd,supported,supported,supported,supported,supported,unsupported
console,table,supported,supported,supported,supported,supported,unsupported
console,time,supported,supported,supported,supported,supported,unsupported
console,timeEnd,supported,supported,supported,supported,supported,unsupported
console,timeLog,supported,supported,supported,supported,supported,unsupported
console,timeStamp,supported,supported,supported,supported,supported,unsupported
console,trace,supported,supported,supported,supported,supported,unsupported
console,warn,supported,supported,supported,supported,supported,unsupported
crypto,*self*,supported,supported,supported,supported,supported,unsupported
crypto,default.*self*,supported,supported,supported,supported,supported,unsupported
crypto,default.Certificate,supported,supported,supported,supported,stub,unsupported
crypto,default.Cipher,supported,supported,mismatch,mismatch,unsupported,unsupported
crypto,default.Cipheriv,supported,supported,supported,supported,supported,unsupported
crypto,default.DEFAULT_ENCODING,supported,unsupported,unsupported,unsupported,unsupported,unsupported
crypto,default.Decipher,supported,supported,mismatch,mismatch,unsupported,unsupported
crypto,default.Decipheriv,supported,supported,supported,supported,supported,unsupported
crypto,default.DiffieHellman,supported,supported,supported,supported,supported,unsupported
crypto,default.DiffieHellmanGroup,supported,supported,supported,supported,supported,unsupported
crypto,default.ECDH,supported,supported,supported,supported,stub,unsupported
crypto,default.Hash,supported,supported,supported,supported,supported,unsupported
crypto,default.Hmac,supported,supported,supported,supported,supported,unsupported
crypto,default.KeyObject,supported,supported,supported,supported,stub,unsupported
crypto,default.Sign,supported,supported,supported,supported,supported,unsupported
crypto,default.Verify,supported,supported,supported,supported,supported,unsupported
crypto,default.X509Certificate,supported,supported,supported,supported,stub,unsupported
crypto,default.checkPrime,supported,supported,supported,unsupported,supported,unsupported
crypto,default.checkPrimeSync,supported,supported,supported,unsupported,supported,unsupported
crypto,default.constants.*self*,supported,supported,supported,supported,supported,unsupported
crypto,default.constants.ALPN_ENABLED,supported,unsupported,unsupported,unsupported,supported,unsupported
crypto,default.constants.DH_CHECK_P_NOT_PRIME,supported,supported,supported,supported,supported,unsupported
crypto,default.constants.DH_CHECK_P_NOT_SAFE_PRIME,supported,supported,supported,supported,supported,unsupported
crypto,default.constants.DH_NOT_SUITABLE_GENERATOR,supported,supported,supported,supported,supported,unsupported
crypto,default.constants.DH_UNABLE_TO_CHECK_GENERATOR,supported,supported,supported,supported,supported,unsupported
crypto,default.constants.ENGINE_METHOD_ALL,supported,supported,supported,supported,supported,unsupported
crypto,default.constants.ENGINE_METHOD_CIPHERS,supported,supported,supported,supported,supported,unsupported
crypto,default.constants.ENGINE_METHOD_DH,supported,supported,supported,supported,supported,unsupported
crypto,default.constants.ENGINE_METHOD_DIGESTS,supported,supported,supported,supported,supported,unsupported
crypto,default.constants.ENGINE_METHOD_DSA,supported,supported,supported,supported,supported,unsupported
crypto,default.constants.ENGINE_METHOD_EC,supported,supported,supported,supported,supported,unsupported
crypto,default.constants.ENGINE_METHOD_NONE,supported,supported,supported,supported,supported,unsupported
crypto,default.constants.ENGINE_METHOD_PKEY_ASN1_METHS,supported,supported,supported,supported,supported,unsupported
crypto,default.constants.ENGINE_METHOD_PKEY_METHS,supported,supported,supported,supported,supported,unsupported
crypto,default.constants.ENGINE_METHOD_RAND,supported,supported,supported,supported,supported,unsupported
crypto,default.constants.ENGINE_METHOD_RSA,supported,supported,supported,supported,supported,unsupported
crypto,default.constants.OPENSSL_VERSION_NUMBER,supported,supported,supported,supported,supported,unsupported
crypto,default.constants.POINT_CONVERSION_COMPRESSED,supported,supported,supported,supported,supported,unsupported
crypto,default.constants.POINT_CONVERSION_HYBRID,supported,supported,supported,supported,supported,unsupported
crypto,default.constants.POINT_CONVERSION_UNCOMPRESSED,supported,supported,supported,supported,supported,unsupported
crypto,default.constants.RSA_NO_PADDING,supported,supported,supported,supported,supported,unsupported
crypto,default.constants.RSA_PKCS1_OAEP_PADDING,supported,supported,supported,supported,supported,unsupported
crypto,default.constants.RSA_PKCS1_PADDING,supported,supported,supported,supported,supported,unsupported
crypto,default.constants.RSA_PKCS1_PSS_PADDING,supported,supported,supported,supported,supported,unsupported
crypto,default.constants.RSA_PSS_SALTLEN_AUTO,supported,supported,supported,supported,supported,unsupported
crypto,default.constants.RSA_PSS_SALTLEN_DIGEST,supported,supported,supported,supported,supported,unsupported
crypto,default.constants.RSA_PSS_SALTLEN_MAX_SIGN,supported,supported,supported,supported,supported,unsupported
crypto,default.constants.RSA_X931_PADDING,supported,supported,supported,supported,supported,unsupported
crypto,default.constants.SSL_OP_ALL,supported,supported,supported,supported,supported,unsupported
crypto,default.constants.SSL_OP_ALLOW_NO_DHE_KEX,supported,supported,supported,supported,supported,unsupported
crypto,default.constants.SSL_OP_ALLOW_UNSAFE_LEGACY_RENEGOTIATION,supported,supported,supported,supported,supported,unsupported
crypto,default.constants.SSL_OP_CIPHER_SERVER_PREFERENCE,supported,supported,supported,supported,supported,unsupported
crypto,default.constants.SSL_OP_CISCO_ANYCONNECT,supported,supported,supported,supported,supported,unsupported
crypto,default.constants.SSL_OP_COOKIE_EXCHANGE,supported,supported,supported,supported,supported,unsupported
crypto,default.constants.SSL_OP_CRYPTOPRO_TLSEXT_BUG,supported,supported,supported,supported,supported,unsupported
crypto,default.constants.SSL_OP_DONT_INSERT_EMPTY_FRAGMENTS,supported,supported,supported,supported,supported,unsupported
crypto,default.constants.SSL_OP_EPHEMERAL_RSA,supported,unsupported,unsupported,supported,supported,unsupported
crypto,default.constants.SSL_OP_LEGACY_SERVER_CONNECT,supported,supported,supported,supported,supported,unsupported
crypto,default.constants.SSL_OP_MICROSOFT_BIG_SSLV3_BUFFER,supported,unsupported,unsupported,supported,supported,unsupported
crypto,default.constants.SSL_OP_MICROSOFT_SESS_ID_BUG,supported,unsupported,unsupported,supported,supported,unsupported
crypto,default.constants.SSL_OP_MSIE_SSLV2_RSA_PADDING,supported,unsupported,unsupported,supported,supported,unsupported
crypto,default.constants.SSL_OP_NETSCAPE_CA_DN_BUG,supported,unsupported,unsupported,supported,supported,unsupported
crypto,default.constants.SSL_OP_NETSCAPE_CHALLENGE_BUG,supported,unsupported,unsupported,supported,supported,unsupported
crypto,default.constants.SSL_OP_NETSCAPE_DEMO_CIPHER_CHANGE_BUG,supported,unsupported,unsupported,supported,supported,unsupported
crypto,default.constants.SSL_OP_NETSCAPE_REUSE_CIPHER_CHANGE_BUG,supported,unsupported,unsupported,supported,supported,unsupported
crypto,default.constants.SSL_OP_NO_COMPRESSION,supported,supported,supported,supported,supported,unsupported
crypto,default.constants.SSL_OP_NO_ENCRYPT_THEN_MAC,supported,supported,supported,supported,supported,unsupported
crypto,default.constants.SSL_OP_NO_QUERY_MTU,supported,supported,supported,supported,supported,unsupported
crypto,default.constants.SSL_OP_NO_RENEGOTIATION,supported,supported,supported,supported,supported,unsupported
crypto,default.constants.SSL_OP_NO_SESSION_RESUMPTION_ON_RENEGOTIATION,supported,supported,supported,supported,supported,unsupported
crypto,default.constants.SSL_OP_NO_SSLv2,supported,supported,supported,supported,supported,unsupported
crypto,default.constants.SSL_OP_NO_SSLv3,supported,supported,supported,supported,supported,unsupported
crypto,default.constants.SSL_OP_NO_TICKET,supported,supported,supported,supported,supported,unsupported
crypto,default.constants.SSL_OP_NO_TLSv1,supported,supported,supported,supported,supported,unsupported
crypto,default.constants.SSL_OP_NO_TLSv1_1,supported,supported,supported,supported,supported,unsupported
crypto,default.constants.SSL_OP_NO_TLSv1_2,supported,supported,supported,supported,supported,unsupported
crypto,default.constants.SSL_OP_NO_TLSv1_3,supported,supported,supported,supported,supported,unsupported
crypto,default.constants.SSL_OP_PKCS1_CHECK_1,supported,unsupported,unsupported,supported,supported,unsupported
crypto,default.constants.SSL_OP_PKCS1_CHECK_2,supported,unsupported,unsupported,supported,supported,unsupported
crypto,default.constants.SSL_OP_PRIORITIZE_CHACHA,supported,supported,supported,supported,supported,unsupported
crypto,default.constants.SSL_OP_SINGLE_DH_USE,supported,unsupported,unsupported,supported,supported,unsupported
crypto,default.constants.SSL_OP_SINGLE_ECDH_USE,supported,unsupported,unsupported,supported,supported,unsupported
crypto,default.constants.SSL_OP_SSLEAY_080_CLIENT_DH_BUG,supported,unsupported,unsupported,supported,supported,unsupported
crypto,default.constants.SSL_OP_SSLREF2_REUSE_CERT_TYPE_BUG,supported,unsupported,unsupported,supported,supported,unsupported
crypto,default.constants.SSL_OP_TLS_BLOCK_PADDING_BUG,supported,unsupported,unsupported,supported,supported,unsupported
crypto,default.constants.SSL_OP_TLS_D5_BUG,supported,unsupported,unsupported,supported,supported,unsupported
crypto,default.constants.SSL_OP_TLS_ROLLBACK_BUG,supported,supported,supported,supported,supported,unsupported
crypto,default.constants.TLS1_1_VERSION,supported,supported,supported,supported,supported,unsupported
crypto,default.constants.TLS1_2_VERSION,supported,supported,supported,supported,supported,unsupported
crypto,default.constants.TLS1_3_VERSION,supported,supported,supported,supported,supported,unsupported
crypto,default.constants.TLS1_VERSION,supported,supported,supported,supported,supported,unsupported
crypto,default.constants.defaultCipherList,supported,supported,supported,supported,mismatch,unsupported
crypto,default.constants.defaultCoreCipherList,supported,supported,supported,supported,supported,unsupported
crypto,default.createCipher,supported,unsupported,stub,supported,unsupported,unsupported
crypto,default.createCipheriv,supported,supported,supported,supported,supported,unsupported
crypto,default.createDecipher,supported,unsupported,stub,supported,unsupported,unsupported
crypto,default.createDecipheriv,supported,supported,supported,supported,supported,unsupported
crypto,default.createDiffieHellman,supported,supported,supported,supported,supported,unsupported
crypto,default.createDiffieHellmanGroup,supported,supported,supported,supported,supported,unsupported
crypto,default.createECDH,supported,supported,supported,supported,supported,unsupported
crypto,default.createHash,supported,supported,supported,supported,supported,unsupported
crypto,default.createHmac,supported,supported,supported,supported,supported,unsupported
crypto,default.createPrivateKey,supported,supported,supported,supported,supported,unsupported
crypto,default.createPublicKey,supported,supported,supported,supported,supported,unsupported
crypto,default.createSecretKey,supported,supported,supported,supported,supported,unsupported
crypto,default.createSign,supported,supported,supported,supported,supported,unsupported
crypto,default.createVerify,supported,supported,supported,supported,supported,unsupported
crypto,default.diffieHellman,supported,supported,mismatch,supported,supported,unsupported
crypto,default.fips,supported,supported,mismatch,unsupported,unsupported,unsupported
crypto,default.generateKey,supported,supported,supported,supported,supported,unsupported
crypto,default.generateKeyPair,supported,supported,supported,supported,supported,unsupported
crypto,default.generateKeyPairSync,supported,supported,supported,supported,supported,unsupported
crypto,default.generateKeySync,supported,supported,supported,supported,supported,unsupported
crypto,default.generatePrime,supported,supported,supported,unsupported,supported,unsupported
crypto,default.generatePrimeSync,supported,supported,supported,unsupported,supported,unsupported
crypto,default.getCipherInfo,supported,supported,supported,supported,supported,unsupported
crypto,default.getCiphers,supported,supported,supported,supported,supported,unsupported
crypto,default.getCurves,supported,supported,supported,supported,supported,unsupported
crypto,default.getDiffieHellman,supported,supported,supported,supported,supported,unsupported
crypto,default.getFips,supported,supported,supported,supported,stub,unsupported
crypto,default.getHashes,supported,supported,supported,supported,supported,unsupported
crypto,default.getRandomValues,supported,supported,supported,supported,supported,unsupported
crypto,default.hash,supported,supported,supported,supported,supported,unsupported
crypto,default.hkdf,supported,supported,supported,unsupported,supported,unsupported
crypto,default.hkdfSync,supported,supported,supported,unsupported,supported,unsupported
crypto,default.pbkdf2,supported,supported,supported,supported,supported,unsupported
crypto,default.pbkdf2Sync,supported,supported,supported,supported,supported,unsupported
crypto,default.privateDecrypt,supported,supported,supported,supported,supported,unsupported
crypto,default.privateEncrypt,supported,supported,supported,supported,supported,unsupported
crypto,default.prng,supported,supported,unsupported,supported,unsupported,unsupported
crypto,default.pseudoRandomBytes,supported,supported,stub,supported,supported,unsupported
crypto,default.publicDecrypt,supported,supported,supported,supported,stub,unsupported
crypto,default.publicEncrypt,supported,supported,supported,supported,supported,unsupported
crypto,default.randomBytes,supported,supported,supported,supported,supported,unsupported
crypto,default.randomFill,supported,supported,supported,supported,supported,unsupported
crypto,default.randomFillSync,supported,supported,supported,supported,supported,unsupported
crypto,default.randomInt,supported,supported,supported,supported,supported,unsupported
crypto,default.randomUUID,supported,supported,supported,supported,supported,unsupported
crypto,default.rng,supported,supported,unsupported,supported,unsupported,unsupported
crypto,default.scrypt,supported,supported,supported,supported,supported,unsupported
crypto,default.scryptSync,supported,supported,supported,supported,supported,unsupported
crypto,default.secureHeapUsed,supported,supported,supported,unsupported,stub,unsupported
crypto,default.setEngine,supported,supported,supported,unsupported,stub,unsupported
crypto,default.setFips,supported,supported,supported,unsupported,stub,unsupported
crypto,default.sign,supported,supported,supported,supported,supported,unsupported
crypto,default.subtle.*self*,supported,supported,supported,supported,supported,unsupported
crypto,default.subtle.decrypt,supported,supported,supported,supported,supported,unsupported
crypto,default.subtle.deriveBits,supported,supported,supported,supported,supported,unsupported
crypto,default.subtle.deriveKey,supported,supported,supported,supported,supported,unsupported
crypto,default.subtle.digest,supported,supported,supported,supported,supported,unsupported
crypto,default.subtle.encrypt,supported,supported,supported,supported,supported,unsupported
crypto,default.subtle.exportKey,supported,supported,supported,supported,supported,unsupported
crypto,default.subtle.generateKey,supported,supported,supported,supported,supported,unsupported
crypto,default.subtle.importKey,supported,supported,supported,supported,supported,unsupported
crypto,default.subtle.sign,supported,supported,supported,supported,supported,unsupported
crypto,default.subtle.unwrapKey,supported,supported,supported,supported,supported,unsupported
crypto,default.subtle.verify,supported,supported,supported,supported,supported,unsupported
crypto,default.subtle.wrapKey,supported,supported,supported,supported,supported,unsupported
crypto,default.timingSafeEqual,supported,supported,supported,supported,supported,unsupported
crypto,default.verify,supported,supported,supported,supported,supported,unsupported
crypto,default.webcrypto.*self*,supported,supported,supported,supported,supported,unsupported
crypto,default.webcrypto.CryptoKey,supported,unsupported,supported,unsupported,unsupported,unsupported
crypto,default.webcrypto.getRandomValues,supported,supported,supported,supported,supported,unsupported
crypto,default.webcrypto.randomUUID,supported,supported,supported,supported,supported,unsupported
crypto,default.webcrypto.subtle,supported,supported,supported,supported,supported,unsupported
crypto,Certificate,supported,supported,supported,supported,stub,unsupported
crypto,Cipher,supported,supported,mismatch,mismatch,unsupported,unsupported
crypto,Cipheriv,supported,supported,supported,supported,supported,unsupported
crypto,Decipher,supported,supported,mismatch,mismatch,unsupported,unsupported
crypto,Decipheriv,supported,supported,supported,supported,supported,unsupported
crypto,DiffieHellman,supported,supported,supported,supported,supported,unsupported
crypto,DiffieHellmanGroup,supported,supported,supported,supported,supported,unsupported
crypto,ECDH,supported,supported,supported,supported,stub,unsupported
crypto,Hash,supported,supported,supported,supported,supported,unsupported
crypto,Hmac,supported,supported,supported,supported,supported,unsupported
crypto,KeyObject,supported,supported,supported,supported,stub,unsupported
crypto,Sign,supported,supported,supported,supported,supported,unsupported
crypto,Verify,supported,supported,supported,supported,supported,unsupported
crypto,X509Certificate,supported,supported,supported,supported,stub,unsupported
crypto,checkPrime,supported,supported,supported,unsupported,supported,unsupported
crypto,checkPrimeSync,supported,supported,supported,unsupported,supported,unsupported
crypto,constants.*self*,supported,supported,supported,supported,supported,unsupported
crypto,constants.ALPN_ENABLED,supported,unsupported,unsupported,unsupported,supported,unsupported
crypto,constants.DH_CHECK_P_NOT_PRIME,supported,supported,supported,supported,supported,unsupported
crypto,constants.DH_CHECK_P_NOT_SAFE_PRIME,supported,supported,supported,supported,supported,unsupported
crypto,constants.DH_NOT_SUITABLE_GENERATOR,supported,supported,supported,supported,supported,unsupported
crypto,constants.DH_UNABLE_TO_CHECK_GENERATOR,supported,supported,supported,supported,supported,unsupported
crypto,constants.ENGINE_METHOD_ALL,supported,supported,supported,supported,supported,unsupported
crypto,constants.ENGINE_METHOD_CIPHERS,supported,supported,supported,supported,supported,unsupported
crypto,constants.ENGINE_METHOD_DH,supported,supported,supported,supported,supported,unsupported
crypto,constants.ENGINE_METHOD_DIGESTS,supported,supported,supported,supported,supported,unsupported
crypto,constants.ENGINE_METHOD_DSA,supported,supported,supported,supported,supported,unsupported
crypto,constants.ENGINE_METHOD_EC,supported,supported,supported,supported,supported,unsupported
crypto,constants.ENGINE_METHOD_NONE,supported,supported,supported,supported,supported,unsupported
crypto,constants.ENGINE_METHOD_PKEY_ASN1_METHS,supported,supported,supported,supported,supported,unsupported
crypto,constants.ENGINE_METHOD_PKEY_METHS,supported,supported,supported,supported,supported,unsupported
crypto,constants.ENGINE_METHOD_RAND,supported,supported,supported,supported,supported,unsupported
crypto,constants.ENGINE_METHOD_RSA,supported,supported,supported,supported,supported,unsupported
crypto,constants.OPENSSL_VERSION_NUMBER,supported,supported,supported,supported,supported,unsupported
crypto,constants.POINT_CONVERSION_COMPRESSED,supported,supported,supported,supported,supported,unsupported
crypto,constants.POINT_CONVERSION_HYBRID,supported,supported,supported,supported,supported,unsupported
crypto,constants.POINT_CONVERSION_UNCOMPRESSED,supported,supported,supported,supported,supported,unsupported
crypto,constants.RSA_NO_PADDING,supported,supported,supported,supported,supported,unsupported
crypto,constants.RSA_PKCS1_OAEP_PADDING,supported,supported,supported,supported,supported,unsupported
crypto,constants.RSA_PKCS1_PADDING,supported,supported,supported,supported,supported,unsupported
crypto,constants.RSA_PKCS1_PSS_PADDING,supported,supported,supported,supported,supported,unsupported
crypto,constants.RSA_PSS_SALTLEN_AUTO,supported,supported,supported,supported,supported,unsupported
crypto,constants.RSA_PSS_SALTLEN_DIGEST,supported,supported,supported,supported,supported,unsupported
crypto,constants.RSA_PSS_SALTLEN_MAX_SIGN,supported,supported,supported,supported,supported,unsupported
crypto,constants.RSA_X931_PADDING,supported,supported,supported,supported,supported,unsupported
crypto,constants.SSL_OP_ALL,supported,supported,supported,supported,supported,unsupported
crypto,constants.SSL_OP_ALLOW_NO_DHE_KEX,supported,supported,supported,supported,supported,unsupported
crypto,constants.SSL_OP_ALLOW_UNSAFE_LEGACY_RENEGOTIATION,supported,supported,supported,supported,supported,unsupported
crypto,constants.SSL_OP_CIPHER_SERVER_PREFERENCE,supported,supported,supported,supported,supported,unsupported
crypto,constants.SSL_OP_CISCO_ANYCONNECT,supported,supported,supported,supported,supported,unsupported
crypto,constants.SSL_OP_COOKIE_EXCHANGE,supported,supported,supported,supported,supported,unsupported
crypto,constants.SSL_OP_CRYPTOPRO_TLSEXT_BUG,supported,supported,supported,supported,supported,unsupported
crypto,constants.SSL_OP_DONT_INSERT_EMPTY_FRAGMENTS,supported,supported,supported,supported,supported,unsupported
crypto,constants.SSL_OP_EPHEMERAL_RSA,supported,unsupported,unsupported,supported,supported,unsupported
crypto,constants.SSL_OP_LEGACY_SERVER_CONNECT,supported,supported,supported,supported,supported,unsupported
crypto,constants.SSL_OP_MICROSOFT_BIG_SSLV3_BUFFER,supported,unsupported,unsupported,supported,supported,unsupported
crypto,constants.SSL_OP_MICROSOFT_SESS_ID_BUG,supported,unsupported,unsupported,supported,supported,unsupported
crypto,constants.SSL_OP_MSIE_SSLV2_RSA_PADDING,supported,unsupported,unsupported,supported,supported,unsupported
crypto,constants.SSL_OP_NETSCAPE_CA_DN_BUG,supported,unsupported,unsupported,supported,supported,unsupported
crypto,constants.SSL_OP_NETSCAPE_CHALLENGE_BUG,supported,unsupported,unsupported,supported,supported,unsupported
crypto,constants.SSL_OP_NETSCAPE_DEMO_CIPHER_CHANGE_BUG,supported,unsupported,unsupported,supported,supported,unsupported
crypto,constants.SSL_OP_NETSCAPE_REUSE_CIPHER_CHANGE_BUG,supported,unsupported,unsupported,supported,supported,unsupported
crypto,constants.SSL_OP_NO_COMPRESSION,supported,supported,supported,supported,supported,unsupported
crypto,constants.SSL_OP_NO_ENCRYPT_THEN_MAC,supported,supported,supported,supported,supported,unsupported
crypto,constants.SSL_OP_NO_QUERY_MTU,supported,supported,supported,supported,supported,unsupported
crypto,constants.SSL_OP_NO_RENEGOTIATION,supported,supported,supported,supported,supported,unsupported
crypto,constants.SSL_OP_NO_SESSION_RESUMPTION_ON_RENEGOTIATION,supported,supported,supported,supported,supported,unsupported
crypto,constants.SSL_OP_NO_SSLv2,supported,supported,supported,supported,supported,unsupported
crypto,constants.SSL_OP_NO_SSLv3,supported,supported,supported,supported,supported,unsupported
crypto,constants.SSL_OP_NO_TICKET,supported,supported,supported,supported,supported,unsupported
crypto,constants.SSL_OP_NO_TLSv1,supported,supported,supported,supported,supported,unsupported
crypto,constants.SSL_OP_NO_TLSv1_1,supported,supported,supported,supported,supported,unsupported
crypto,constants.SSL_OP_NO_TLSv1_2,supported,supported,supported,supported,supported,unsupported
crypto,constants.SSL_OP_NO_TLSv1_3,supported,supported,supported,supported,supported,unsupported
crypto,constants.SSL_OP_PKCS1_CHECK_1,supported,unsupported,unsupported,supported,supported,unsupported
crypto,constants.SSL_OP_PKCS1_CHECK_2,supported,unsupported,unsupported,supported,supported,unsupported
crypto,constants.SSL_OP_PRIORITIZE_CHACHA,supported,supported,supported,supported,supported,unsupported
crypto,constants.SSL_OP_SINGLE_DH_USE,supported,unsupported,unsupported,supported,supported,unsupported
crypto,constants.SSL_OP_SINGLE_ECDH_USE,supported,unsupported,unsupported,supported,supported,unsupported
crypto,constants.SSL_OP_SSLEAY_080_CLIENT_DH_BUG,supported,unsupported,unsupported,supported,supported,unsupported
crypto,constants.SSL_OP_SSLREF2_REUSE_CERT_TYPE_BUG,supported,unsupported,unsupported,supported,supported,unsupported
crypto,constants.SSL_OP_TLS_BLOCK_PADDING_BUG,supported,unsupported,unsupported,supported,supported,unsupported
crypto,constants.SSL_OP_TLS_D5_BUG,supported,unsupported,unsupported,supported,supported,unsupported
crypto,constants.SSL_OP_TLS_ROLLBACK_BUG,supported,supported,supported,supported,supported,unsupported
crypto,constants.TLS1_1_VERSION,supported,supported,supported,supported,supported,unsupported
crypto,constants.TLS1_2_VERSION,supported,supported,supported,supported,supported,unsupported
crypto,constants.TLS1_3_VERSION,supported,supported,supported,supported,supported,unsupported
crypto,constants.TLS1_VERSION,supported,supported,supported,supported,supported,unsupported
crypto,constants.defaultCipherList,supported,supported,supported,supported,mismatch,unsupported
crypto,constants.defaultCoreCipherList,supported,supported,supported,supported,supported,unsupported
crypto,createCipheriv,supported,supported,supported,supported,supported,unsupported
crypto,createDecipheriv,supported,supported,supported,supported,supported,unsupported
crypto,createDiffieHellman,supported,supported,supported,supported,supported,unsupported
crypto,createDiffieHellmanGroup,supported,supported,supported,supported,supported,unsupported
crypto,createECDH,supported,supported,supported,supported,supported,unsupported
crypto,createHash,supported,supported,supported,supported,supported,unsupported
crypto,createHmac,supported,supported,supported,supported,supported,unsupported
crypto,createPrivateKey,supported,supported,supported,supported,supported,unsupported
crypto,createPublicKey,supported,supported,supported,supported,supported,unsupported
crypto,createSecretKey,supported,supported,supported,supported,supported,unsupported
crypto,createSign,supported,supported,supported,supported,supported,unsupported
crypto,createVerify,supported,supported,supported,supported,supported,unsupported
crypto,diffieHellman,supported,supported,mismatch,supported,supported,unsupported
crypto,generateKey,supported,supported,supported,supported,supported,unsupported
crypto,generateKeyPair,supported,supported,supported,supported,supported,unsupported
crypto,generateKeyPairSync,supported,supported,supported,supported,supported,unsupported
crypto,generateKeySync,supported,supported,supported,supported,supported,unsupported
crypto,generatePrime,supported,supported,supported,unsupported,supported,unsupported
crypto,generatePrimeSync,supported,supported,supported,unsupported,supported,unsupported
crypto,getCipherInfo,supported,supported,supported,supported,supported,unsupported
crypto,getCiphers,supported,supported,supported,supported,supported,unsupported
crypto,getCurves,supported,supported,supported,supported,supported,unsupported
crypto,getDiffieHellman,supported,supported,supported,supported,supported,unsupported
crypto,getFips,supported,supported,supported,supported,stub,unsupported
crypto,getHashes,supported,supported,supported,supported,supported,unsupported
crypto,getRandomValues,supported,supported,supported,supported,supported,unsupported
crypto,hash,supported,supported,supported,supported,supported,unsupported
crypto,hkdf,supported,supported,supported,unsupported,supported,unsupported
crypto,hkdfSync,supported,supported,supported,unsupported,supported,unsupported
crypto,pbkdf2,supported,supported,supported,supported,supported,unsupported
crypto,pbkdf2Sync,supported,supported,supported,supported,supported,unsupported
crypto,privateDecrypt,supported,supported,supported,supported,supported,unsupported
crypto,privateEncrypt,supported,supported,supported,supported,supported,unsupported
crypto,publicDecrypt,supported,supported,supported,supported,stub,unsupported
crypto,publicEncrypt,supported,supported,supported,supported,supported,unsupported
crypto,randomBytes,supported,supported,supported,supported,supported,unsupported
crypto,randomFill,supported,supported,supported,supported,supported,unsupported
crypto,randomFillSync,supported,supported,supported,supported,supported,unsupported
crypto,randomInt,supported,supported,supported,supported,supported,unsupported
crypto,randomUUID,supported,supported,supported,supported,supported,unsupported
crypto,scrypt,supported,supported,supported,supported,supported,unsupported
crypto,scryptSync,supported,supported,supported,supported,supported,unsupported
crypto,secureHeapUsed,supported,supported,supported,unsupported,stub,unsupported
crypto,setEngine,supported,supported,supported,unsupported,stub,unsupported
crypto,setFips,supported,supported,supported,unsupported,stub,unsupported
crypto,sign,supported,supported,supported,supported,supported,unsupported
crypto,subtle.*self*,supported,supported,supported,supported,supported,unsupported
crypto,subtle.decrypt,supported,supported,supported,supported,supported,unsupported
crypto,subtle.deriveBits,supported,supported,supported,supported,supported,unsupported
crypto,subtle.deriveKey,supported,supported,supported,supported,supported,unsupported
crypto,subtle.digest,supported,supported,supported,supported,supported,unsupported
crypto,subtle.encrypt,supported,supported,supported,supported,supported,unsupported
crypto,subtle.exportKey,supported,supported,supported,supported,supported,unsupported
crypto,subtle.generateKey,supported,supported,supported,supported,supported,unsupported
crypto,subtle.importKey,supported,supported,supported,supported,supported,unsupported
crypto,subtle.sign,supported,supported,supported,supported,supported,unsupported
crypto,subtle.unwrapKey,supported,supported,supported,supported,supported,unsupported
crypto,subtle.verify,supported,supported,supported,supported,supported,unsupported
crypto,subtle.wrapKey,supported,supported,supported,supported,supported,unsupported
crypto,timingSafeEqual,supported,supported,supported,supported,supported,unsupported
crypto,verify,supported,supported,supported,supported,supported,unsupported
crypto,webcrypto.*self*,supported,supported,supported,supported,supported,unsupported
crypto,webcrypto.CryptoKey,supported,unsupported,supported,unsupported,unsupported,unsupported
crypto,webcrypto.getRandomValues,supported,supported,supported,supported,supported,unsupported
crypto,webcrypto.randomUUID,supported,supported,supported,supported,supported,unsupported
crypto,webcrypto.subtle.*self*,supported,supported,supported,supported,supported,unsupported
crypto,webcrypto.subtle.decrypt,supported,supported,supported,supported,supported,unsupported
crypto,webcrypto.subtle.deriveBits,supported,supported,supported,supported,supported,unsupported
crypto,webcrypto.subtle.deriveKey,supported,supported,supported,supported,supported,unsupported
crypto,webcrypto.subtle.digest,supported,supported,supported,supported,supported,unsupported
crypto,webcrypto.subtle.encrypt,supported,supported,supported,supported,supported,unsupported
crypto,webcrypto.subtle.exportKey,supported,supported,supported,supported,supported,unsupported
crypto,webcrypto.subtle.generateKey,supported,supported,supported,supported,supported,unsupported
crypto,webcrypto.subtle.importKey,supported,supported,supported,supported,supported,unsupported
crypto,webcrypto.subtle.sign,supported,supported,supported,supported,supported,unsupported
crypto,webcrypto.subtle.unwrapKey,supported,supported,supported,supported,supported,unsupported
crypto,webcrypto.subtle.verify,supported,supported,supported,supported,supported,unsupported
crypto,webcrypto.subtle.wrapKey,supported,supported,supported,supported,supported,unsupported
dgram,*self*,supported,supported,supported,supported,supported,unsupported
dgram,default.*self*,supported,supported,supported,supported,supported,unsupported
dgram,default.Socket,supported,supported,supported,supported,supported,unsupported
dgram,default.createSocket,supported,supported,supported,supported,supported,unsupported
dgram,Socket,supported,supported,supported,supported,supported,unsupported
dgram,createSocket,supported,supported,supported,supported,supported,unsupported
diagnostics_channel,*self*,supported,supported,supported,supported,supported,unsupported
diagnostics_channel,default.*self*,supported,supported,supported,supported,supported,unsupported
diagnostics_channel,default.Channel,supported,supported,supported,supported,supported,unsupported
diagnostics_channel,default.channel,supported,supported,supported,supported,supported,unsupported
diagnostics_channel,default.hasSubscribers,supported,supported,supported,supported,supported,unsupported
diagnostics_channel,default.subscribe,supported,supported,supported,supported,supported,unsupported
diagnostics_channel,default.tracingChannel,supported,supported,supported,supported,supported,unsupported
diagnostics_channel,default.unsubscribe,supported,supported,supported,supported,supported,unsupported
diagnostics_channel,Channel,supported,supported,supported,supported,unsupported,unsupported
diagnostics_channel,channel,supported,supported,supported,supported,supported,unsupported
diagnostics_channel,hasSubscribers,supported,supported,supported,supported,supported,unsupported
diagnostics_channel,subscribe,supported,supported,supported,supported,supported,unsupported
diagnostics_channel,tracingChannel,supported,supported,supported,supported,supported,unsupported
diagnostics_channel,unsubscribe,supported,supported,supported,supported,supported,unsupported
dns,*self*,supported,supported,supported,supported,supported,unsupported
dns,default.*self*,supported,supported,supported,supported,supported,unsupported
dns,default.ADDRCONFIG,supported,supported,supported,supported,supported,unsupported
dns,default.ADDRGETNETWORKPARAMS,supported,supported,supported,supported,supported,unsupported
dns,default.ALL,supported,supported,supported,supported,supported,unsupported
dns,default.BADFAMILY,supported,supported,supported,supported,supported,unsupported
dns,default.BADFLAGS,supported,supported,supported,supported,supported,unsupported
dns,default.BADHINTS,supported,supported,supported,supported,supported,unsupported
dns,default.BADNAME,supported,supported,supported,supported,supported,unsupported
dns,default.BADQUERY,supported,supported,supported,supported,supported,unsupported
dns,default.BADRESP,supported,supported,supported,supported,supported,unsupported
dns,default.BADSTR,supported,supported,supported,supported,supported,unsupported
dns,default.CANCELLED,supported,supported,supported,supported,supported,unsupported
dns,default.CONNREFUSED,supported,supported,supported,supported,supported,unsupported
dns,default.DESTRUCTION,supported,supported,supported,supported,supported,unsupported
dns,default.EOF,supported,supported,supported,supported,supported,unsupported
dns,default.FILE,supported,supported,supported,supported,supported,unsupported
dns,default.FORMERR,supported,supported,supported,supported,supported,unsupported
dns,default.LOADIPHLPAPI,supported,supported,supported,supported,supported,unsupported
dns,default.NODATA,supported,supported,supported,supported,supported,unsupported
dns,default.NOMEM,supported,supported,supported,supported,supported,unsupported
dns,default.NONAME,supported,supported,supported,supported,supported,unsupported
dns,default.NOTFOUND,supported,supported,supported,supported,supported,unsupported
dns,default.NOTIMP,supported,supported,supported,supported,supported,unsupported
dns,default.NOTINITIALIZED,supported,supported,supported,supported,supported,unsupported
dns,default.REFUSED,supported,supported,supported,supported,supported,unsupported
dns,default.Resolver,supported,supported,supported,supported,supported,unsupported
dns,default.SERVFAIL,supported,supported,supported,supported,supported,unsupported
dns,default.TIMEOUT,supported,supported,supported,supported,supported,unsupported
dns,default.V4MAPPED,supported,supported,supported,supported,supported,unsupported
dns,default.getDefaultResultOrder,supported,supported,supported,supported,unsupported,unsupported
dns,default.getServers,supported,supported,supported,supported,supported,unsupported
dns,default.lookup,supported,supported,supported,supported,supported,unsupported
dns,default.lookupService,supported,supported,supported,supported,unsupported,unsupported
dns,default.promises.*self*,supported,supported,supported,supported,supported,unsupported
dns,default.promises.ADDRGETNETWORKPARAMS,supported,supported,supported,supported,supported,unsupported
dns,default.promises.BADFAMILY,supported,supported,supported,supported,supported,unsupported
dns,default.promises.BADFLAGS,supported,supported,supported,supported,supported,unsupported
dns,default.promises.BADHINTS,supported,supported,supported,supported,supported,unsupported
dns,default.promises.BADNAME,supported,supported,supported,supported,supported,unsupported
dns,default.promises.BADQUERY,supported,supported,supported,supported,supported,unsupported
dns,default.promises.BADRESP,supported,supported,supported,supported,supported,unsupported
dns,default.promises.BADSTR,supported,supported,supported,supported,supported,unsupported
dns,default.promises.CANCELLED,supported,supported,supported,supported,supported,unsupported
dns,default.promises.CONNREFUSED,supported,supported,supported,supported,supported,unsupported
dns,default.promises.DESTRUCTION,supported,supported,supported,supported,supported,unsupported
dns,default.promises.EOF,supported,supported,supported,supported,supported,unsupported
dns,default.promises.FILE,supported,supported,supported,supported,supported,unsupported
dns,default.promises.FORMERR,supported,supported,supported,supported,supported,unsupported
dns,default.promises.LOADIPHLPAPI,supported,supported,supported,supported,supported,unsupported
dns,default.promises.NODATA,supported,supported,supported,supported,supported,unsupported
dns,default.promises.NOMEM,supported,supported,supported,supported,supported,unsupported
dns,default.promises.NONAME,supported,supported,supported,supported,supported,unsupported
dns,default.promises.NOTFOUND,supported,supported,supported,supported,supported,unsupported
dns,default.promises.NOTIMP,supported,supported,supported,supported,supported,unsupported
dns,default.promises.NOTINITIALIZED,supported,supported,supported,supported,supported,unsupported
dns,default.promises.REFUSED,supported,supported,supported,supported,supported,unsupported
dns,default.promises.Resolver,supported,supported,supported,supported,supported,unsupported
dns,default.promises.SERVFAIL,supported,supported,supported,supported,supported,unsupported
dns,default.promises.TIMEOUT,supported,supported,supported,supported,supported,unsupported
dns,default.promises.getDefaultResultOrder,supported,supported,supported,unsupported,unsupported,unsupported
dns,default.promises.getServers,supported,supported,supported,unsupported,supported,unsupported
dns,default.promises.lookup,supported,supported,supported,supported,supported,unsupported
dns,default.promises.lookupService,supported,supported,supported,supported,unsupported,unsupported
dns,default.promises.resolve,supported,supported,supported,supported,supported,unsupported
dns,default.promises.resolve4,supported,supported,supported,supported,supported,unsupported
dns,default.promises.resolve6,supported,supported,supported,supported,supported,unsupported
dns,default.promises.resolveAny,supported,supported,supported,supported,supported,unsupported
dns,default.promises.resolveCaa,supported,supported,supported,supported,supported,unsupported
dns,default.promises.resolveCname,supported,supported,supported,supported,supported,unsupported
dns,default.promises.resolveMx,supported,supported,supported,supported,supported,unsupported
dns,default.promises.resolveNaptr,supported,supported,supported,supported,supported,unsupported
dns,default.promises.resolveNs,supported,supported,supported,supported,supported,unsupported
dns,default.promises.resolvePtr,supported,supported,supported,supported,supported,unsupported
dns,default.promises.resolveSoa,supported,supported,supported,supported,supported,unsupported
dns,default.promises.resolveSrv,supported,supported,supported,supported,supported,unsupported
dns,default.promises.resolveTxt,supported,supported,supported,supported,supported,unsupported
dns,default.promises.reverse,supported,supported,supported,supported,supported,unsupported
dns,default.promises.setDefaultResultOrder,supported,supported,supported,supported,supported,unsupported
dns,default.promises.setServers,supported,supported,supported,supported,supported,unsupported
dns,default.resolve,supported,supported,supported,supported,supported,unsupported
dns,default.resolve4,supported,supported,supported,supported,supported,unsupported
dns,default.resolve6,supported,supported,supported,supported,supported,unsupported
dns,default.resolveAny,supported,supported,supported,supported,supported,unsupported
dns,default.resolveCaa,supported,supported,supported,supported,supported,unsupported
dns,default.resolveCname,supported,supported,supported,supported,supported,unsupported
dns,default.resolveMx,supported,supported,supported,supported,supported,unsupported
dns,default.resolveNaptr,supported,supported,supported,supported,supported,unsupported
dns,default.resolveNs,supported,supported,supported,supported,supported,unsupported
dns,default.resolvePtr,supported,supported,supported,supported,supported,unsupported
dns,default.resolveSoa,supported,supported,supported,supported,supported,unsupported
dns,default.resolveSrv,supported,supported,supported,supported,supported,unsupported
dns,default.resolveTxt,supported,supported,supported,supported,supported,unsupported
dns,default.reverse,supported,supported,supported,supported,supported,unsupported
dns,default.setDefaultResultOrder,supported,supported,supported,supported,supported,unsupported
dns,default.setServers,supported,supported,supported,supported,supported,unsupported
dns,ADDRCONFIG,supported,supported,supported,supported,supported,unsupported
dns,ADDRGETNETWORKPARAMS,supported,supported,supported,supported,supported,unsupported
dns,ALL,supported,supported,supported,supported,supported,unsupported
dns,BADFAMILY,supported,supported,supported,supported,supported,unsupported
dns,BADFLAGS,supported,supported,supported,supported,supported,unsupported
dns,BADHINTS,supported,supported,supported,supported,supported,unsupported
dns,BADNAME,supported,supported,supported,supported,supported,unsupported
dns,BADQUERY,supported,supported,supported,supported,supported,unsupported
dns,BADRESP,supported,supported,supported,supported,supported,unsupported
dns,BADSTR,supported,supported,supported,supported,supported,unsupported
dns,CANCELLED,supported,supported,supported,supported,supported,unsupported
dns,CONNREFUSED,supported,supported,supported,supported,supported,unsupported
dns,DESTRUCTION,supported,supported,supported,supported,supported,unsupported
dns,EOF,supported,supported,supported,supported,supported,unsupported
dns,FILE,supported,supported,supported,supported,supported,unsupported
dns,FORMERR,supported,supported,supported,supported,supported,unsupported
dns,LOADIPHLPAPI,supported,supported,supported,supported,supported,unsupported
dns,NODATA,supported,supported,supported,supported,supported,unsupported
dns,NOMEM,supported,supported,supported,supported,supported,unsupported
dns,NONAME,supported,supported,supported,supported,supported,unsupported
dns,NOTFOUND,supported,supported,supported,supported,supported,unsupported
dns,NOTIMP,supported,supported,supported,supported,supported,unsupported
dns,NOTINITIALIZED,supported,supported,supported,supported,supported,unsupported
dns,REFUSED,supported,supported,supported,supported,supported,unsupported
dns,Resolver,supported,supported,supported,supported,supported,unsupported
dns,SERVFAIL,supported,supported,supported,supported,supported,unsupported
dns,TIMEOUT,supported,supported,supported,supported,supported,unsupported
dns,V4MAPPED,supported,supported,supported,supported,supported,unsupported
dns,getDefaultResultOrder,supported,supported,supported,supported,unsupported,unsupported
dns,getServers,supported,supported,supported,supported,supported,unsupported
dns,lookup,supported,supported,supported,supported,supported,unsupported
dns,lookupService,supported,supported,supported,supported,unsupported,unsupported
dns,promises.*self*,supported,supported,supported,supported,supported,unsupported
dns,promises.ADDRGETNETWORKPARAMS,supported,supported,supported,supported,supported,unsupported
dns,promises.BADFAMILY,supported,supported,supported,supported,supported,unsupported
dns,promises.BADFLAGS,supported,supported,supported,supported,supported,unsupported
dns,promises.BADHINTS,supported,supported,supported,supported,supported,unsupported
dns,promises.BADNAME,supported,supported,supported,supported,supported,unsupported
dns,promises.BADQUERY,supported,supported,supported,supported,supported,unsupported
dns,promises.BADRESP,supported,supported,supported,supported,supported,unsupported
dns,promises.BADSTR,supported,supported,supported,supported,supported,unsupported
dns,promises.CANCELLED,supported,supported,supported,supported,supported,unsupported
dns,promises.CONNREFUSED,supported,supported,supported,supported,supported,unsupported
dns,promises.DESTRUCTION,supported,supported,supported,supported,supported,unsupported
dns,promises.EOF,supported,supported,supported,supported,supported,unsupported
dns,promises.FILE,supported,supported,supported,supported,supported,unsupported
dns,promises.FORMERR,supported,supported,supported,supported,supported,unsupported
dns,promises.LOADIPHLPAPI,supported,supported,supported,supported,supported,unsupported
dns,promises.NODATA,supported,supported,supported,supported,supported,unsupported
dns,promises.NOMEM,supported,supported,supported,supported,supported,unsupported
dns,promises.NONAME,supported,supported,supported,supported,supported,unsupported
dns,promises.NOTFOUND,supported,supported,supported,supported,supported,unsupported
dns,promises.NOTIMP,supported,supported,supported,supported,supported,unsupported
dns,promises.NOTINITIALIZED,supported,supported,supported,supported,supported,unsupported
dns,promises.REFUSED,supported,supported,supported,supported,supported,unsupported
dns,promises.Resolver,supported,supported,supported,supported,supported,unsupported
dns,promises.SERVFAIL,supported,supported,supported,supported,supported,unsupported
dns,promises.TIMEOUT,supported,supported,supported,supported,supported,unsupported
dns,promises.getDefaultResultOrder,supported,supported,supported,unsupported,unsupported,unsupported
dns,promises.getServers,supported,supported,supported,unsupported,supported,unsupported
dns,promises.lookup,supported,supported,supported,supported,supported,unsupported
dns,promises.lookupService,supported,supported,supported,supported,unsupported,unsupported
dns,promises.resolve,supported,supported,supported,supported,supported,unsupported
dns,promises.resolve4,supported,supported,supported,supported,supported,unsupported
dns,promises.resolve6,supported,supported,supported,supported,supported,unsupported
dns,promises.resolveAny,supported,supported,supported,supported,supported,unsupported
dns,promises.resolveCaa,supported,supported,supported,supported,supported,unsupported
dns,promises.resolveCname,supported,supported,supported,supported,supported,unsupported
dns,promises.resolveMx,supported,supported,supported,supported,supported,unsupported
dns,promises.resolveNaptr,supported,supported,supported,supported,supported,unsupported
dns,promises.resolveNs,supported,supported,supported,supported,supported,unsupported
dns,promises.resolvePtr,supported,supported,supported,supported,supported,unsupported
dns,promises.resolveSoa,supported,supported,supported,supported,supported,unsupported
dns,promises.resolveSrv,supported,supported,supported,supported,supported,unsupported
dns,promises.resolveTxt,supported,supported,supported,supported,supported,unsupported
dns,promises.reverse,supported,supported,supported,supported,supported,unsupported
dns,promises.setDefaultResultOrder,supported,supported,supported,supported,supported,unsupported
dns,promises.setServers,supported,supported,supported,supported,supported,unsupported
dns,resolve,supported,supported,supported,supported,supported,unsupported
dns,resolve4,supported,supported,supported,supported,supported,unsupported
dns,resolve6,supported,supported,supported,supported,supported,unsupported
dns,resolveAny,supported,supported,supported,supported,supported,unsupported
dns,resolveCaa,supported,supported,supported,supported,supported,unsupported
dns,resolveCname,supported,supported,supported,supported,supported,unsupported
dns,resolveMx,supported,supported,supported,supported,supported,unsupported
dns,resolveNaptr,supported,supported,supported,supported,supported,unsupported
dns,resolveNs,supported,supported,supported,supported,supported,unsupported
dns,resolvePtr,supported,supported,supported,supported,supported,unsupported
dns,resolveSoa,supported,supported,supported,supported,supported,unsupported
dns,resolveSrv,supported,supported,supported,supported,supported,unsupported
dns,resolveTxt,supported,supported,supported,supported,supported,unsupported
dns,reverse,supported,supported,supported,supported,supported,unsupported
dns,setDefaultResultOrder,supported,supported,supported,supported,supported,unsupported
dns,setServers,supported,supported,supported,supported,supported,unsupported
dns/promises,*self*,supported,supported,supported,supported,supported,unsupported
dns/promises,default.*self*,supported,supported,supported,supported,supported,unsupported
dns/promises,default.ADDRGETNETWORKPARAMS,supported,supported,supported,supported,supported,unsupported
dns/promises,default.BADFAMILY,supported,supported,supported,supported,supported,unsupported
dns/promises,default.BADFLAGS,supported,supported,supported,supported,supported,unsupported
dns/promises,default.BADHINTS,supported,supported,supported,supported,supported,unsupported
dns/promises,default.BADNAME,supported,supported,supported,supported,supported,unsupported
dns/promises,default.BADQUERY,supported,supported,supported,supported,supported,unsupported
dns/promises,default.BADRESP,supported,supported,supported,supported,supported,unsupported
dns/promises,default.BADSTR,supported,supported,supported,supported,supported,unsupported
dns/promises,default.CANCELLED,supported,supported,supported,supported,supported,unsupported
dns/promises,default.CONNREFUSED,supported,supported,supported,supported,supported,unsupported
dns/promises,default.DESTRUCTION,supported,supported,supported,supported,supported,unsupported
dns/promises,default.EOF,supported,supported,supported,supported,supported,unsupported
dns/promises,default.FILE,supported,supported,supported,supported,supported,unsupported
dns/promises,default.FORMERR,supported,supported,supported,supported,supported,unsupported
dns/promises,default.LOADIPHLPAPI,supported,supported,supported,supported,supported,unsupported
dns/promises,default.NODATA,supported,supported,supported,supported,supported,unsupported
dns/promises,default.NOMEM,supported,supported,supported,supported,supported,unsupported
dns/promises,default.NONAME,supported,supported,supported,supported,supported,unsupported
dns/promises,default.NOTFOUND,supported,supported,supported,supported,supported,unsupported
dns/promises,default.NOTIMP,supported,supported,supported,supported,supported,unsupported
dns/promises,default.NOTINITIALIZED,supported,supported,supported,supported,supported,unsupported
dns/promises,default.REFUSED,supported,supported,supported,supported,supported,unsupported
dns/promises,default.Resolver,supported,supported,supported,supported,supported,unsupported
dns/promises,default.SERVFAIL,supported,supported,supported,supported,supported,unsupported
dns/promises,default.TIMEOUT,supported,supported,supported,supported,supported,unsupported
dns/promises,default.getDefaultResultOrder,supported,supported,supported,unsupported,unsupported,unsupported
dns/promises,default.getServers,supported,supported,supported,unsupported,supported,unsupported
dns/promises,default.lookup,supported,supported,supported,supported,supported,unsupported
dns/promises,default.lookupService,supported,supported,supported,supported,unsupported,unsupported
dns/promises,default.resolve,supported,supported,supported,supported,supported,unsupported
dns/promises,default.resolve4,supported,supported,supported,supported,supported,unsupported
dns/promises,default.resolve6,supported,supported,supported,supported,supported,unsupported
dns/promises,default.resolveAny,supported,supported,supported,supported,supported,unsupported
dns/promises,default.resolveCaa,supported,supported,supported,supported,supported,unsupported
dns/promises,default.resolveCname,supported,supported,supported,supported,supported,unsupported
dns/promises,default.resolveMx,supported,supported,supported,supported,supported,unsupported
dns/promises,default.resolveNaptr,supported,supported,supported,supported,supported,unsupported
dns/promises,default.resolveNs,supported,supported,supported,supported,supported,unsupported
dns/promises,default.resolvePtr,supported,supported,supported,supported,supported,unsupported
dns/promises,default.resolveSoa,supported,supported,supported,supported,supported,unsupported
dns/promises,default.resolveSrv,supported,supported,supported,supported,supported,unsupported
dns/promises,default.resolveTxt,supported,supported,supported,supported,supported,unsupported
dns/promises,default.reverse,supported,supported,supported,supported,supported,unsupported
dns/promises,default.setDefaultResultOrder,supported,supported,supported,supported,supported,unsupported
dns/promises,default.setServers,supported,supported,supported,supported,supported,unsupported
dns/promises,ADDRGETNETWORKPARAMS,supported,supported,supported,supported,supported,unsupported
dns/promises,BADFAMILY,supported,supported,supported,supported,supported,unsupported
dns/promises,BADFLAGS,supported,supported,supported,supported,supported,unsupported
dns/promises,BADHINTS,supported,supported,supported,supported,supported,unsupported
dns/promises,BADNAME,supported,supported,supported,supported,supported,unsupported
dns/promises,BADQUERY,supported,supported,supported,supported,supported,unsupported
dns/promises,BADRESP,supported,supported,supported,supported,supported,unsupported
dns/promises,BADSTR,supported,supported,supported,supported,supported,unsupported
dns/promises,CANCELLED,supported,supported,supported,supported,supported,unsupported
dns/promises,CONNREFUSED,supported,supported,supported,supported,supported,unsupported
dns/promises,DESTRUCTION,supported,supported,supported,supported,supported,unsupported
dns/promises,EOF,supported,supported,supported,supported,supported,unsupported
dns/promises,FILE,supported,supported,supported,supported,supported,unsupported
dns/promises,FORMERR,supported,supported,supported,supported,supported,unsupported
dns/promises,LOADIPHLPAPI,supported,supported,supported,supported,supported,unsupported
dns/promises,NODATA,supported,supported,supported,supported,supported,unsupported
dns/promises,NOMEM,supported,supported,supported,supported,supported,unsupported
dns/promises,NONAME,supported,supported,supported,supported,supported,unsupported
dns/promises,NOTFOUND,supported,supported,supported,supported,supported,unsupported
dns/promises,NOTIMP,supported,supported,supported,supported,supported,unsupported
dns/promises,NOTINITIALIZED,supported,supported,supported,supported,supported,unsupported
dns/promises,REFUSED,supported,supported,supported,supported,supported,unsupported
dns/promises,Resolver,supported,supported,supported,supported,supported,unsupported
dns/promises,SERVFAIL,supported,supported,supported,supported,supported,unsupported
dns/promises,TIMEOUT,supported,supported,supported,supported,supported,unsupported
dns/promises,getDefaultResultOrder,supported,supported,supported,unsupported,unsupported,unsupported
dns/promises,getServers,supported,supported,supported,unsupported,supported,unsupported
dns/promises,lookup,supported,supported,supported,supported,supported,unsupported
dns/promises,lookupService,supported,supported,supported,supported,unsupported,unsupported
dns/promises,resolve,supported,supported,supported,supported,supported,unsupported
dns/promises,resolve4,supported,supported,supported,supported,supported,unsupported
dns/promises,resolve6,supported,supported,supported,supported,supported,unsupported
dns/promises,resolveAny,supported,supported,supported,supported,supported,unsupported
dns/promises,resolveCaa,supported,supported,supported,supported,supported,unsupported
dns/promises,resolveCname,supported,supported,supported,supported,supported,unsupported
dns/promises,resolveMx,supported,supported,supported,supported,supported,unsupported
dns/promises,resolveNaptr,supported,supported,supported,supported,supported,unsupported
dns/promises,resolveNs,supported,supported,supported,supported,supported,unsupported
dns/promises,resolvePtr,supported,supported,supported,supported,supported,unsupported
dns/promises,resolveSoa,supported,supported,supported,supported,supported,unsupported
dns/promises,resolveSrv,supported,supported,supported,supported,supported,unsupported
dns/promises,resolveTxt,supported,supported,supported,supported,supported,unsupported
dns/promises,reverse,supported,supported,supported,supported,supported,unsupported
dns/promises,setDefaultResultOrder,supported,supported,supported,supported,supported,unsupported
dns/promises,setServers,supported,supported,supported,supported,supported,unsupported
events,*self*,supported,supported,supported,supported,supported,unsupported
events,default.*self*,supported,supported,supported,supported,supported,unsupported
events,default.EventEmitter,supported,supported,supported,supported,supported,unsupported
events,default.EventEmitterAsyncResource,supported,supported,supported,supported,supported,unsupported
events,default.addAbortListener,supported,supported,supported,supported,unsupported,unsupported
events,default.captureRejectionSymbol,supported,supported,supported,supported,supported,unsupported
events,default.captureRejections,supported,supported,supported,supported,supported,unsupported
events,default.defaultMaxListeners,supported,supported,supported,supported,supported,unsupported
events,default.errorMonitor,supported,supported,supported,supported,supported,unsupported
events,default.getEventListeners,supported,supported,supported,supported,supported,unsupported
events,default.getMaxListeners,supported,supported,supported,supported,unsupported,unsupported
events,default.init,supported,supported,supported,supported,supported,unsupported
events,default.kMaxEventTargetListeners,supported,supported,supported,supported,supported,unsupported
events,default.kMaxEventTargetListenersWarned,supported,supported,supported,supported,supported,unsupported
events,default.length,supported,supported,supported,supported,supported,unsupported
events,default.listenerCount,supported,supported,supported,supported,supported,unsupported
events,default.name,supported,supported,supported,supported,supported,unsupported
events,default.on,supported,supported,supported,supported,supported,unsupported
events,default.once,supported,supported,supported,supported,supported,unsupported
events,default.prototype.*self*,supported,supported,supported,supported,supported,unsupported
events,default.prototype._events,supported,supported,supported,unsupported,supported,unsupported
events,default.prototype._eventsCount,supported,supported,supported,unsupported,supported,unsupported
events,default.prototype._maxListeners,supported,supported,supported,unsupported,supported,unsupported
events,default.prototype.addListener,supported,supported,supported,supported,supported,unsupported
events,default.prototype.emit,supported,supported,supported,supported,supported,unsupported
events,default.prototype.eventNames,supported,supported,supported,supported,supported,unsupported
events,default.prototype.getMaxListeners,supported,supported,supported,supported,supported,unsupported
events,default.prototype.listenerCount,supported,supported,supported,supported,supported,unsupported
events,default.prototype.listeners,supported,supported,supported,supported,supported,unsupported
events,default.prototype.off,supported,supported,supported,supported,supported,unsupported
events,default.prototype.on,supported,supported,supported,supported,supported,unsupported
events,default.prototype.once,supported,supported,supported,supported,supported,unsupported
events,default.prototype.prependListener,supported,supported,supported,supported,supported,unsupported
events,default.prototype.prependOnceListener,supported,supported,supported,supported,supported,unsupported
events,default.prototype.rawListeners,supported,supported,supported,supported,supported,unsupported
events,default.prototype.removeAllListeners,supported,supported,supported,supported,supported,unsupported
events,default.prototype.removeListener,supported,supported,supported,supported,supported,unsupported
events,default.prototype.setMaxListeners,supported,supported,supported,supported,supported,unsupported
events,default.setMaxListeners,supported,supported,supported,supported,supported,unsupported
events,default.usingDomains,supported,supported,supported,supported,supported,unsupported
events,EventEmitter,supported,supported,supported,supported,supported,unsupported
events,EventEmitterAsyncResource,supported,supported,supported,supported,supported,unsupported
events,addAbortListener,supported,supported,supported,supported,supported,unsupported
events,captureRejectionSymbol,supported,supported,supported,supported,supported,unsupported
events,captureRejections,supported,supported,unsupported,supported,unsupported,unsupported
events,defaultMaxListeners,supported,supported,supported,supported,supported,unsupported
events,errorMonitor,supported,supported,supported,supported,mismatch,unsupported
events,getEventListeners,supported,supported,supported,supported,supported,unsupported
events,getMaxListeners,supported,supported,supported,supported,unsupported,unsupported
events,init,supported,supported,unsupported,supported,unsupported,unsupported
events,listenerCount,supported,supported,supported,supported,supported,unsupported
events,on,supported,supported,supported,supported,supported,unsupported
events,once,supported,supported,supported,supported,supported,unsupported
events,setMaxListeners,supported,supported,supported,supported,supported,unsupported
events,usingDomains,supported,supported,supported,supported,unsupported,unsupported
fs,*self*,supported,supported,supported,supported,supported,unsupported
fs,default.*self*,supported,supported,supported,supported,supported,unsupported
fs,default.Dir,supported,supported,supported,supported,supported,unsupported
fs,default.Dirent,supported,supported,supported,supported,stub,unsupported
fs,default.F_OK,supported,supported,supported,supported,supported,unsupported
fs,default.FileReadStream,supported,supported,supported,mismatch,unsupported,unsupported
fs,default.FileWriteStream,supported,supported,supported,mismatch,unsupported,unsupported
fs,default.R_OK,supported,supported,supported,supported,supported,unsupported
fs,default.ReadStream,supported,supported,supported,supported,supported,unsupported
fs,default.Stats,supported,supported,supported,supported,supported,unsupported
fs,default.W_OK,supported,supported,supported,supported,supported,unsupported
fs,default.WriteStream,supported,supported,supported,supported,supported,unsupported
fs,default.X_OK,supported,supported,supported,supported,supported,unsupported
fs,default.access,supported,supported,supported,supported,supported,unsupported
fs,default.accessSync,supported,supported,stub,supported,supported,unsupported
fs,default.appendFile,supported,supported,supported,supported,supported,unsupported
fs,default.appendFileSync,supported,supported,stub,supported,supported,unsupported
fs,default.chmod,supported,supported,supported,supported,supported,unsupported
fs,default.chmodSync,supported,supported,stub,supported,supported,unsupported
fs,default.chown,supported,supported,supported,supported,supported,unsupported
fs,default.chownSync,supported,supported,stub,supported,supported,unsupported
fs,default.close,supported,supported,stub,supported,supported,unsupported
fs,default.closeSync,supported,supported,stub,supported,supported,unsupported
fs,default.constants.*self*,supported,supported,supported,supported,supported,unsupported
fs,default.constants.COPYFILE_EXCL,supported,supported,supported,supported,supported,unsupported
fs,default.constants.COPYFILE_FICLONE,supported,supported,supported,supported,supported,unsupported
fs,default.constants.COPYFILE_FICLONE_FORCE,supported,supported,supported,supported,supported,unsupported
fs,default.constants.EXTENSIONLESS_FORMAT_JAVASCRIPT,supported,supported,supported,supported,unsupported,unsupported
fs,default.constants.EXTENSIONLESS_FORMAT_WASM,supported,supported,supported,supported,unsupported,unsupported
fs,default.constants.F_OK,supported,supported,supported,supported,supported,unsupported
fs,default.constants.O_APPEND,supported,supported,supported,supported,supported,unsupported
fs,default.constants.O_CREAT,supported,supported,supported,supported,supported,unsupported
fs,default.constants.O_DIRECTORY,supported,supported,supported,supported,supported,unsupported
fs,default.constants.O_DSYNC,supported,supported,supported,supported,supported,unsupported
fs,default.constants.O_EXCL,supported,supported,supported,supported,supported,unsupported
fs,default.constants.O_NOCTTY,supported,supported,supported,supported,supported,unsupported
fs,default.constants.O_NOFOLLOW,supported,supported,supported,supported,supported,unsupported
fs,default.constants.O_NONBLOCK,supported,supported,supported,supported,supported,unsupported
fs,default.constants.O_RDONLY,supported,supported,supported,supported,supported,unsupported
fs,default.constants.O_RDWR,supported,supported,supported,supported,supported,unsupported
fs,default.constants.O_SYMLINK,supported,supported,unsupported,supported,supported,unsupported
fs,default.constants.O_SYNC,supported,supported,supported,supported,supported,unsupported
fs,default.constants.O_TRUNC,supported,supported,supported,supported,supported,unsupported
fs,default.constants.O_WRONLY,supported,supported,supported,supported,supported,unsupported
fs,default.constants.R_OK,supported,supported,supported,supported,supported,unsupported
fs,default.constants.S_IFBLK,supported,supported,supported,supported,supported,unsupported
fs,default.constants.S_IFCHR,supported,supported,supported,supported,supported,unsupported
fs,default.constants.S_IFDIR,supported,supported,supported,supported,supported,unsupported
fs,default.constants.S_IFIFO,supported,supported,supported,supported,supported,unsupported
fs,default.constants.S_IFLNK,supported,supported,supported,supported,supported,unsupported
fs,default.constants.S_IFMT,supported,supported,supported,supported,supported,unsupported
fs,default.constants.S_IFREG,supported,supported,supported,supported,supported,unsupported
fs,default.constants.S_IFSOCK,supported,supported,supported,supported,supported,unsupported
fs,default.constants.S_IRGRP,supported,supported,supported,supported,supported,unsupported
fs,default.constants.S_IROTH,supported,supported,supported,supported,supported,unsupported
fs,default.constants.S_IRUSR,supported,supported,supported,supported,supported,unsupported
fs,default.constants.S_IRWXG,supported,supported,supported,supported,supported,unsupported
fs,default.constants.S_IRWXO,supported,supported,supported,supported,supported,unsupported
fs,default.constants.S_IRWXU,supported,supported,supported,supported,supported,unsupported
fs,default.constants.S_IWGRP,supported,supported,supported,supported,supported,unsupported
fs,default.constants.S_IWOTH,supported,supported,supported,supported,supported,unsupported
fs,default.constants.S_IWUSR,supported,supported,supported,supported,supported,unsupported
fs,default.constants.S_IXGRP,supported,supported,supported,supported,supported,unsupported
fs,default.constants.S_IXOTH,supported,supported,supported,supported,supported,unsupported
fs,default.constants.S_IXUSR,supported,supported,supported,supported,supported,unsupported
fs,default.constants.UV_DIRENT_BLOCK,supported,supported,supported,supported,supported,unsupported
fs,default.constants.UV_DIRENT_CHAR,supported,supported,supported,supported,supported,unsupported
fs,default.constants.UV_DIRENT_DIR,supported,supported,supported,supported,supported,unsupported
fs,default.constants.UV_DIRENT_FIFO,supported,supported,supported,supported,supported,unsupported
fs,default.constants.UV_DIRENT_FILE,supported,supported,supported,supported,supported,unsupported
fs,default.constants.UV_DIRENT_LINK,supported,supported,supported,supported,supported,unsupported
fs,default.constants.UV_DIRENT_SOCKET,supported,supported,supported,supported,supported,unsupported
fs,default.constants.UV_DIRENT_UNKNOWN,supported,supported,supported,supported,supported,unsupported
fs,default.constants.UV_FS_COPYFILE_EXCL,supported,supported,supported,supported,supported,unsupported
fs,default.constants.UV_FS_COPYFILE_FICLONE,supported,supported,supported,supported,supported,unsupported
fs,default.constants.UV_FS_COPYFILE_FICLONE_FORCE,supported,supported,supported,supported,supported,unsupported
fs,default.constants.UV_FS_O_FILEMAP,supported,supported,supported,supported,supported,unsupported
fs,default.constants.UV_FS_SYMLINK_DIR,supported,supported,supported,supported,supported,unsupported
fs,default.constants.UV_FS_SYMLINK_JUNCTION,supported,supported,supported,supported,supported,unsupported
fs,default.constants.W_OK,supported,supported,supported,supported,supported,unsupported
fs,default.constants.X_OK,supported,supported,supported,supported,supported,unsupported
fs,default.copyFile,supported,supported,supported,supported,supported,unsupported
fs,default.copyFileSync,supported,supported,stub,supported,supported,unsupported
fs,default.cp,supported,supported,supported,supported,supported,unsupported
fs,default.cpSync,supported,supported,stub,supported,supported,unsupported
fs,default.createReadStream,supported,supported,stub,supported,supported,unsupported
fs,default.createWriteStream,supported,supported,stub,supported,supported,unsupported
fs,default.exists,supported,supported,stub,supported,supported,unsupported
fs,default.existsSync,supported,supported,supported,supported,supported,unsupported
fs,default.fchmod,supported,supported,stub,supported,unsupported,unsupported
fs,default.fchmodSync,supported,supported,stub,supported,unsupported,unsupported
fs,default.fchown,supported,supported,stub,supported,unsupported,unsupported
fs,default.fchownSync,supported,supported,stub,supported,unsupported,unsupported
fs,default.fdatasync,supported,supported,stub,supported,supported,unsupported
fs,default.fdatasyncSync,supported,supported,stub,supported,supported,unsupported
fs,default.fstat,supported,supported,stub,supported,supported,unsupported
fs,default.fstatSync,supported,supported,stub,supported,supported,unsupported
fs,default.fsync,supported,supported,stub,supported,supported,unsupported
fs,default.fsyncSync,supported,supported,stub,supported,supported,unsupported
fs,default.ftruncate,supported,supported,stub,supported,supported,unsupported
fs,default.ftruncateSync,supported,supported,stub,supported,supported,unsupported
fs,default.futimes,supported,supported,stub,supported,supported,unsupported
fs,default.futimesSync,supported,supported,stub,supported,supported,unsupported
fs,default.glob,supported,supported,stub,unsupported,unsupported,unsupported
fs,default.globSync,supported,supported,stub,unsupported,unsupported,unsupported
fs,default.lchmod,supported,supported,supported,supported,unsupported,unsupported
fs,default.lchmodSync,supported,supported,stub,supported,unsupported,unsupported
fs,default.lchown,supported,supported,supported,supported,supported,unsupported
fs,default.lchownSync,supported,supported,stub,supported,supported,unsupported
fs,default.link,supported,supported,supported,supported,supported,unsupported
fs,default.linkSync,supported,supported,stub,supported,supported,unsupported
fs,default.lstat,supported,supported,supported,supported,supported,unsupported
fs,default.lstatSync,supported,supported,stub,supported,supported,unsupported
fs,default.lutimes,supported,supported,supported,supported,supported,unsupported
fs,default.lutimesSync,supported,supported,stub,supported,supported,unsupported
fs,default.mkdir,supported,supported,supported,supported,supported,unsupported
fs,default.mkdirSync,supported,supported,stub,supported,supported,unsupported
fs,default.mkdtemp,supported,supported,supported,supported,supported,unsupported
fs,default.mkdtempSync,supported,supported,stub,supported,supported,unsupported
fs,default.open,supported,supported,supported,supported,supported,unsupported
fs,default.openAsBlob,supported,supported,stub,supported,unsupported,unsupported
fs,default.openSync,supported,supported,stub,supported,supported,unsupported
fs,default.opendir,supported,supported,supported,supported,supported,unsupported
fs,default.opendirSync,supported,supported,stub,supported,supported,unsupported
fs,default.promises.*self*,supported,supported,supported,supported,supported,unsupported
fs,default.promises.access,supported,supported,stub,supported,supported,unsupported
fs,default.promises.appendFile,supported,supported,stub,supported,supported,unsupported
fs,default.promises.chmod,supported,supported,stub,supported,supported,unsupported
fs,default.promises.chown,supported,supported,stub,supported,supported,unsupported
fs,default.promises.constants,supported,supported,supported,supported,supported,unsupported
fs,default.promises.copyFile,supported,supported,stub,supported,supported,unsupported
fs,default.promises.cp,supported,supported,stub,supported,supported,unsupported
fs,default.promises.glob,supported,supported,stub,unsupported,unsupported,unsupported
fs,default.promises.lchmod,supported,supported,stub,supported,unsupported,unsupported
fs,default.promises.lchown,supported,supported,stub,supported,supported,unsupported
fs,default.promises.link,supported,supported,stub,supported,supported,unsupported
fs,default.promises.lstat,supported,supported,stub,supported,supported,unsupported
fs,default.promises.lutimes,supported,supported,stub,supported,supported,unsupported
fs,default.promises.mkdir,supported,supported,stub,supported,supported,unsupported
fs,default.promises.mkdtemp,supported,supported,stub,supported,supported,unsupported
fs,default.promises.open,supported,supported,stub,supported,supported,unsupported
fs,default.promises.opendir,supported,supported,stub,supported,supported,unsupported
fs,default.promises.readFile,supported,supported,stub,supported,supported,unsupported
fs,default.promises.readdir,supported,supported,stub,supported,supported,unsupported
fs,default.promises.readlink,supported,supported,stub,supported,supported,unsupported
fs,default.promises.realpath,supported,supported,stub,supported,supported,unsupported
fs,default.promises.rename,supported,supported,stub,supported,supported,unsupported
fs,default.promises.rm,supported,supported,stub,supported,supported,unsupported
fs,default.promises.rmdir,supported,supported,stub,supported,supported,unsupported
fs,default.promises.stat,supported,supported,stub,supported,supported,unsupported
fs,default.promises.statfs,supported,supported,stub,supported,supported,unsupported
fs,default.promises.symlink,supported,supported,stub,supported,supported,unsupported
fs,default.promises.truncate,supported,supported,stub,supported,supported,unsupported
fs,default.promises.unlink,supported,supported,stub,supported,supported,unsupported
fs,default.promises.utimes,supported,supported,stub,supported,supported,unsupported
fs,default.promises.watch,supported,supported,stub,supported,supported,unsupported
fs,default.promises.writeFile,supported,supported,stub,supported,supported,unsupported
fs,default.read,supported,supported,stub,supported,supported,unsupported
fs,default.readFile,supported,supported,supported,supported,supported,unsupported
fs,default.readFileSync,supported,supported,stub,supported,supported,unsupported
fs,default.readSync,supported,supported,stub,supported,supported,unsupported
fs,default.readdir,supported,supported,supported,supported,supported,unsupported
fs,default.readdirSync,supported,supported,stub,supported,supported,unsupported
fs,default.readlink,supported,supported,supported,supported,supported,unsupported
fs,default.readlinkSync,supported,supported,stub,supported,supported,unsupported
fs,default.readv,supported,supported,stub,supported,supported,unsupported
fs,default.readvSync,supported,supported,stub,supported,supported,unsupported
fs,default.realpath,supported,supported,supported,supported,supported,unsupported
fs,default.realpathSync,supported,supported,stub,supported,supported,unsupported
fs,default.rename,supported,supported,supported,supported,supported,unsupported
fs,default.renameSync,supported,supported,stub,supported,supported,unsupported
fs,default.rm,supported,supported,supported,supported,supported,unsupported
fs,default.rmSync,supported,supported,stub,supported,supported,unsupported
fs,default.rmdir,supported,supported,supported,supported,supported,unsupported
fs,default.rmdirSync,supported,supported,stub,supported,supported,unsupported
fs,default.stat,supported,supported,supported,supported,supported,unsupported
fs,default.statSync,supported,supported,stub,supported,supported,unsupported
fs,default.statfs,supported,supported,supported,supported,supported,unsupported
fs,default.statfsSync,supported,supported,stub,supported,supported,unsupported
fs,default.symlink,supported,supported,supported,supported,supported,unsupported
fs,default.symlinkSync,supported,supported,stub,supported,supported,unsupported
fs,default.truncate,supported,supported,supported,supported,supported,unsupported
fs,default.truncateSync,supported,supported,stub,supported,supported,unsupported
fs,default.unlink,supported,supported,supported,supported,supported,unsupported
fs,default.unlinkSync,supported,supported,stub,supported,supported,unsupported
fs,default.unwatchFile,supported,supported,stub,supported,supported,unsupported
fs,default.utimes,supported,supported,supported,supported,supported,unsupported
fs,default.utimesSync,supported,supported,stub,supported,supported,unsupported
fs,default.watch,supported,supported,stub,supported,supported,unsupported
fs,default.watchFile,supported,supported,stub,supported,supported,unsupported
fs,default.write,supported,supported,stub,supported,supported,unsupported
fs,default.writeFile,supported,supported,supported,supported,supported,unsupported
fs,default.writeFileSync,supported,supported,stub,supported,supported,unsupported
fs,default.writeSync,supported,supported,stub,supported,supported,unsupported
fs,default.writev,supported,supported,stub,supported,supported,unsupported
fs,default.writevSync,supported,supported,stub,supported,supported,unsupported
fs,Dir,supported,supported,supported,supported,supported,unsupported
fs,Dirent,supported,supported,supported,supported,stub,unsupported
fs,F_OK,supported,supported,supported,supported,supported,unsupported
fs,FileReadStream,supported,supported,supported,mismatch,unsupported,unsupported
fs,FileWriteStream,supported,supported,supported,mismatch,unsupported,unsupported
fs,R_OK,supported,supported,supported,supported,supported,unsupported
fs,ReadStream,supported,supported,supported,supported,supported,unsupported
fs,Stats,supported,supported,supported,supported,supported,unsupported
fs,W_OK,supported,supported,supported,supported,supported,unsupported
fs,WriteStream,supported,supported,supported,supported,supported,unsupported
fs,X_OK,supported,supported,supported,supported,supported,unsupported
fs,access,supported,supported,supported,supported,supported,unsupported
fs,accessSync,supported,supported,stub,supported,supported,unsupported
fs,appendFile,supported,supported,supported,supported,supported,unsupported
fs,appendFileSync,supported,supported,stub,supported,supported,unsupported
fs,chmod,supported,supported,supported,supported,supported,unsupported
fs,chmodSync,supported,supported,stub,supported,supported,unsupported
fs,chown,supported,supported,supported,supported,supported,unsupported
fs,chownSync,supported,supported,stub,supported,supported,unsupported
fs,close,supported,supported,stub,supported,supported,unsupported
fs,closeSync,supported,supported,stub,supported,supported,unsupported
fs,constants.*self*,supported,supported,supported,supported,supported,unsupported
fs,constants.COPYFILE_EXCL,supported,supported,supported,supported,supported,unsupported
fs,constants.COPYFILE_FICLONE,supported,supported,supported,supported,supported,unsupported
fs,constants.COPYFILE_FICLONE_FORCE,supported,supported,supported,supported,supported,unsupported
fs,constants.EXTENSIONLESS_FORMAT_JAVASCRIPT,supported,supported,supported,supported,unsupported,unsupported
fs,constants.EXTENSIONLESS_FORMAT_WASM,supported,supported,supported,supported,unsupported,unsupported
fs,constants.F_OK,supported,supported,supported,supported,supported,unsupported
fs,constants.O_APPEND,supported,supported,supported,supported,supported,unsupported
fs,constants.O_CREAT,supported,supported,supported,supported,supported,unsupported
fs,constants.O_DIRECTORY,supported,supported,supported,supported,supported,unsupported
fs,constants.O_DSYNC,supported,supported,supported,supported,supported,unsupported
fs,constants.O_EXCL,supported,supported,supported,supported,supported,unsupported
fs,constants.O_NOCTTY,supported,supported,supported,supported,supported,unsupported
fs,constants.O_NOFOLLOW,supported,supported,supported,supported,supported,unsupported
fs,constants.O_NONBLOCK,supported,supported,supported,supported,supported,unsupported
fs,constants.O_RDONLY,supported,supported,supported,supported,supported,unsupported
fs,constants.O_RDWR,supported,supported,supported,supported,supported,unsupported
fs,constants.O_SYMLINK,supported,supported,unsupported,supported,supported,unsupported
fs,constants.O_SYNC,supported,supported,supported,supported,supported,unsupported
fs,constants.O_TRUNC,supported,supported,supported,supported,supported,unsupported
fs,constants.O_WRONLY,supported,supported,supported,supported,supported,unsupported
fs,constants.R_OK,supported,supported,supported,supported,supported,unsupported
fs,constants.S_IFBLK,supported,supported,supported,supported,supported,unsupported
fs,constants.S_IFCHR,supported,supported,supported,supported,supported,unsupported
fs,constants.S_IFDIR,supported,supported,supported,supported,supported,unsupported
fs,constants.S_IFIFO,supported,supported,supported,supported,supported,unsupported
fs,constants.S_IFLNK,supported,supported,supported,supported,supported,unsupported
fs,constants.S_IFMT,supported,supported,supported,supported,supported,unsupported
fs,constants.S_IFREG,supported,supported,supported,supported,supported,unsupported
fs,constants.S_IFSOCK,supported,supported,supported,supported,supported,unsupported
fs,constants.S_IRGRP,supported,supported,supported,supported,supported,unsupported
fs,constants.S_IROTH,supported,supported,supported,supported,supported,unsupported
fs,constants.S_IRUSR,supported,supported,supported,supported,supported,unsupported
fs,constants.S_IRWXG,supported,supported,supported,supported,supported,unsupported
fs,constants.S_IRWXO,supported,supported,supported,supported,supported,unsupported
fs,constants.S_IRWXU,supported,supported,supported,supported,supported,unsupported
fs,constants.S_IWGRP,supported,supported,supported,supported,supported,unsupported
fs,constants.S_IWOTH,supported,supported,supported,supported,supported,unsupported
fs,constants.S_IWUSR,supported,supported,supported,supported,supported,unsupported
fs,constants.S_IXGRP,supported,supported,supported,supported,supported,unsupported
fs,constants.S_IXOTH,supported,supported,supported,supported,supported,unsupported
fs,constants.S_IXUSR,supported,supported,supported,supported,supported,unsupported
fs,constants.UV_DIRENT_BLOCK,supported,supported,supported,supported,supported,unsupported
fs,constants.UV_DIRENT_CHAR,supported,supported,supported,supported,supported,unsupported
fs,constants.UV_DIRENT_DIR,supported,supported,supported,supported,supported,unsupported
fs,constants.UV_DIRENT_FIFO,supported,supported,supported,supported,supported,unsupported
fs,constants.UV_DIRENT_FILE,supported,supported,supported,supported,supported,unsupported
fs,constants.UV_DIRENT_LINK,supported,supported,supported,supported,supported,unsupported
fs,constants.UV_DIRENT_SOCKET,supported,supported,supported,supported,supported,unsupported
fs,constants.UV_DIRENT_UNKNOWN,supported,supported,supported,supported,supported,unsupported
fs,constants.UV_FS_COPYFILE_EXCL,supported,supported,supported,supported,supported,unsupported
fs,constants.UV_FS_COPYFILE_FICLONE,supported,supported,supported,supported,supported,unsupported
fs,constants.UV_FS_COPYFILE_FICLONE_FORCE,supported,supported,supported,supported,supported,unsupported
fs,constants.UV_FS_O_FILEMAP,supported,supported,supported,supported,supported,unsupported
fs,constants.UV_FS_SYMLINK_DIR,supported,supported,supported,supported,supported,unsupported
fs,constants.UV_FS_SYMLINK_JUNCTION,supported,supported,supported,supported,supported,unsupported
fs,constants.W_OK,supported,supported,supported,supported,supported,unsupported
fs,constants.X_OK,supported,supported,supported,supported,supported,unsupported
fs,copyFile,supported,supported,supported,supported,supported,unsupported
fs,copyFileSync,supported,supported,stub,supported,supported,unsupported
fs,cp,supported,supported,supported,supported,supported,unsupported
fs,cpSync,supported,supported,stub,supported,supported,unsupported
fs,createReadStream,supported,supported,stub,supported,supported,unsupported
fs,createWriteStream,supported,supported,stub,supported,supported,unsupported
fs,exists,supported,supported,stub,supported,supported,unsupported
fs,existsSync,supported,supported,supported,supported,supported,unsupported
fs,fchmod,supported,supported,stub,supported,unsupported,unsupported
fs,fchmodSync,supported,supported,stub,supported,unsupported,unsupported
fs,fchown,supported,supported,stub,supported,unsupported,unsupported
fs,fchownSync,supported,supported,stub,supported,unsupported,unsupported
fs,fdatasync,supported,supported,stub,supported,supported,unsupported
fs,fdatasyncSync,supported,supported,stub,supported,supported,unsupported
fs,fstat,supported,supported,stub,supported,supported,unsupported
fs,fstatSync,supported,supported,stub,supported,supported,unsupported
fs,fsync,supported,supported,stub,supported,supported,unsupported
fs,fsyncSync,supported,supported,stub,supported,supported,unsupported
fs,ftruncate,supported,supported,stub,supported,supported,unsupported
fs,ftruncateSync,supported,supported,stub,supported,supported,unsupported
fs,futimes,supported,supported,stub,supported,supported,unsupported
fs,futimesSync,supported,supported,stub,supported,supported,unsupported
fs,glob,supported,supported,stub,unsupported,unsupported,unsupported
fs,globSync,supported,supported,stub,unsupported,unsupported,unsupported
fs,lchmod,supported,supported,supported,supported,unsupported,unsupported
fs,lchmodSync,supported,supported,stub,supported,unsupported,unsupported
fs,lchown,supported,supported,supported,supported,unsupported,unsupported
fs,lchownSync,supported,supported,stub,supported,unsupported,unsupported
fs,link,supported,supported,supported,supported,supported,unsupported
fs,linkSync,supported,supported,stub,supported,supported,unsupported
fs,lstat,supported,supported,supported,supported,supported,unsupported
fs,lstatSync,supported,supported,stub,supported,supported,unsupported
fs,lutimes,supported,supported,supported,supported,supported,unsupported
fs,lutimesSync,supported,supported,stub,supported,supported,unsupported
fs,mkdir,supported,supported,supported,supported,supported,unsupported
fs,mkdirSync,supported,supported,stub,supported,supported,unsupported
fs,mkdtemp,supported,supported,supported,supported,supported,unsupported
fs,mkdtempSync,supported,supported,stub,supported,supported,unsupported
fs,open,supported,supported,supported,supported,supported,unsupported
fs,openAsBlob,supported,supported,stub,supported,unsupported,unsupported
fs,openSync,supported,supported,stub,supported,supported,unsupported
fs,opendir,supported,supported,supported,supported,supported,unsupported
fs,opendirSync,supported,supported,stub,supported,supported,unsupported
fs,promises.*self*,supported,supported,supported,supported,supported,unsupported
fs,promises.access,supported,supported,stub,supported,supported,unsupported
fs,promises.appendFile,supported,supported,stub,supported,supported,unsupported
fs,promises.chmod,supported,supported,stub,supported,supported,unsupported
fs,promises.chown,supported,supported,stub,supported,supported,unsupported
fs,promises.constants.*self*,supported,supported,supported,supported,supported,unsupported
fs,promises.constants.COPYFILE_EXCL,supported,supported,supported,supported,supported,unsupported
fs,promises.constants.COPYFILE_FICLONE,supported,supported,supported,supported,supported,unsupported
fs,promises.constants.COPYFILE_FICLONE_FORCE,supported,supported,supported,supported,supported,unsupported
fs,promises.constants.EXTENSIONLESS_FORMAT_JAVASCRIPT,supported,supported,supported,supported,unsupported,unsupported
fs,promises.constants.EXTENSIONLESS_FORMAT_WASM,supported,supported,supported,supported,unsupported,unsupported
fs,promises.constants.F_OK,supported,supported,supported,supported,supported,unsupported
fs,promises.constants.O_APPEND,supported,supported,supported,supported,supported,unsupported
fs,promises.constants.O_CREAT,supported,supported,supported,supported,supported,unsupported
fs,promises.constants.O_DIRECTORY,supported,supported,supported,supported,supported,unsupported
fs,promises.constants.O_DSYNC,supported,supported,supported,supported,supported,unsupported
fs,promises.constants.O_EXCL,supported,supported,supported,supported,supported,unsupported
fs,promises.constants.O_NOCTTY,supported,supported,supported,supported,supported,unsupported
fs,promises.constants.O_NOFOLLOW,supported,supported,supported,supported,supported,unsupported
fs,promises.constants.O_NONBLOCK,supported,supported,supported,supported,supported,unsupported
fs,promises.constants.O_RDONLY,supported,supported,supported,supported,supported,unsupported
fs,promises.constants.O_RDWR,supported,supported,supported,supported,supported,unsupported
fs,promises.constants.O_SYMLINK,supported,supported,unsupported,supported,supported,unsupported
fs,promises.constants.O_SYNC,supported,supported,supported,supported,supported,unsupported
fs,promises.constants.O_TRUNC,supported,supported,supported,supported,supported,unsupported
fs,promises.constants.O_WRONLY,supported,supported,supported,supported,supported,unsupported
fs,promises.constants.R_OK,supported,supported,supported,supported,supported,unsupported
fs,promises.constants.S_IFBLK,supported,supported,supported,supported,supported,unsupported
fs,promises.constants.S_IFCHR,supported,supported,supported,supported,supported,unsupported
fs,promises.constants.S_IFDIR,supported,supported,supported,supported,supported,unsupported
fs,promises.constants.S_IFIFO,supported,supported,supported,supported,supported,unsupported
fs,promises.constants.S_IFLNK,supported,supported,supported,supported,supported,unsupported
fs,promises.constants.S_IFMT,supported,supported,supported,supported,supported,unsupported
fs,promises.constants.S_IFREG,supported,supported,supported,supported,supported,unsupported
fs,promises.constants.S_IFSOCK,supported,supported,supported,supported,supported,unsupported
fs,promises.constants.S_IRGRP,supported,supported,supported,supported,supported,unsupported
fs,promises.constants.S_IROTH,supported,supported,supported,supported,supported,unsupported
fs,promises.constants.S_IRUSR,supported,supported,supported,supported,supported,unsupported
fs,promises.constants.S_IRWXG,supported,supported,supported,supported,supported,unsupported
fs,promises.constants.S_IRWXO,supported,supported,supported,supported,supported,unsupported
fs,promises.constants.S_IRWXU,supported,supported,supported,supported,supported,unsupported
fs,promises.constants.S_IWGRP,supported,supported,supported,supported,supported,unsupported
fs,promises.constants.S_IWOTH,supported,supported,supported,supported,supported,unsupported
fs,promises.constants.S_IWUSR,supported,supported,supported,supported,supported,unsupported
fs,promises.constants.S_IXGRP,supported,supported,supported,supported,supported,unsupported
fs,promises.constants.S_IXOTH,supported,supported,supported,supported,supported,unsupported
fs,promises.constants.S_IXUSR,supported,supported,supported,supported,supported,unsupported
fs,promises.constants.UV_DIRENT_BLOCK,supported,supported,supported,supported,supported,unsupported
fs,promises.constants.UV_DIRENT_CHAR,supported,supported,supported,supported,supported,unsupported
fs,promises.constants.UV_DIRENT_DIR,supported,supported,supported,supported,supported,unsupported
fs,promises.constants.UV_DIRENT_FIFO,supported,supported,supported,supported,supported,unsupported
fs,promises.constants.UV_DIRENT_FILE,supported,supported,supported,supported,supported,unsupported
fs,promises.constants.UV_DIRENT_LINK,supported,supported,supported,supported,supported,unsupported
fs,promises.constants.UV_DIRENT_SOCKET,supported,supported,supported,supported,supported,unsupported
fs,promises.constants.UV_DIRENT_UNKNOWN,supported,supported,supported,supported,supported,unsupported
fs,promises.constants.UV_FS_COPYFILE_EXCL,supported,supported,supported,supported,supported,unsupported
fs,promises.constants.UV_FS_COPYFILE_FICLONE,supported,supported,supported,supported,supported,unsupported
fs,promises.constants.UV_FS_COPYFILE_FICLONE_FORCE,supported,supported,supported,supported,supported,unsupported
fs,promises.constants.UV_FS_O_FILEMAP,supported,supported,supported,supported,supported,unsupported
fs,promises.constants.UV_FS_SYMLINK_DIR,supported,supported,supported,supported,supported,unsupported
fs,promises.constants.UV_FS_SYMLINK_JUNCTION,supported,supported,supported,supported,supported,unsupported
fs,promises.constants.W_OK,supported,supported,supported,supported,supported,unsupported
fs,promises.constants.X_OK,supported,supported,supported,supported,supported,unsupported
fs,promises.copyFile,supported,supported,stub,supported,supported,unsupported
fs,promises.cp,supported,supported,stub,supported,supported,unsupported
fs,promises.glob,supported,supported,stub,unsupported,unsupported,unsupported
fs,promises.lchmod,supported,supported,stub,supported,unsupported,unsupported
fs,promises.lchown,supported,supported,stub,supported,supported,unsupported
fs,promises.link,supported,supported,stub,supported,supported,unsupported
fs,promises.lstat,supported,supported,stub,supported,supported,unsupported
fs,promises.lutimes,supported,supported,stub,supported,supported,unsupported
fs,promises.mkdir,supported,supported,stub,supported,supported,unsupported
fs,promises.mkdtemp,supported,supported,stub,supported,supported,unsupported
fs,promises.open,supported,supported,stub,supported,supported,unsupported
fs,promises.opendir,supported,supported,stub,supported,supported,unsupported
fs,promises.readFile,supported,supported,stub,supported,supported,unsupported
fs,promises.readdir,supported,supported,stub,supported,supported,unsupported
fs,promises.readlink,supported,supported,stub,supported,supported,unsupported
fs,promises.realpath,supported,supported,stub,supported,supported,unsupported
fs,promises.rename,supported,supported,stub,supported,supported,unsupported
fs,promises.rm,supported,supported,stub,supported,supported,unsupported
fs,promises.rmdir,supported,supported,stub,supported,supported,unsupported
fs,promises.stat,supported,supported,stub,supported,supported,unsupported
fs,promises.statfs,supported,supported,stub,supported,supported,unsupported
fs,promises.symlink,supported,supported,stub,supported,supported,unsupported
fs,promises.truncate,supported,supported,stub,supported,supported,unsupported
fs,promises.unlink,supported,supported,stub,supported,supported,unsupported
fs,promises.utimes,supported,supported,stub,supported,supported,unsupported
fs,promises.watch,supported,supported,stub,supported,supported,unsupported
fs,promises.writeFile,supported,supported,stub,supported,supported,unsupported
fs,read,supported,supported,stub,supported,supported,unsupported
fs,readFile,supported,supported,supported,supported,supported,unsupported
fs,readFileSync,supported,supported,stub,supported,supported,unsupported
fs,readSync,supported,supported,stub,supported,supported,unsupported
fs,readdir,supported,supported,supported,supported,supported,unsupported
fs,readdirSync,supported,supported,stub,supported,supported,unsupported
fs,readlink,supported,supported,supported,supported,supported,unsupported
fs,readlinkSync,supported,supported,stub,supported,supported,unsupported
fs,readv,supported,supported,stub,supported,supported,unsupported
fs,readvSync,supported,supported,stub,supported,supported,unsupported
fs,realpath,supported,supported,supported,supported,supported,unsupported
fs,realpathSync,supported,supported,stub,supported,supported,unsupported
fs,rename,supported,supported,supported,supported,supported,unsupported
fs,renameSync,supported,supported,stub,supported,supported,unsupported
fs,rm,supported,supported,supported,supported,supported,unsupported
fs,rmSync,supported,supported,stub,supported,supported,unsupported
fs,rmdir,supported,supported,supported,supported,supported,unsupported
fs,rmdirSync,supported,supported,stub,supported,supported,unsupported
fs,stat,supported,supported,supported,supported,supported,unsupported
fs,statSync,supported,supported,stub,supported,supported,unsupported
fs,statfs,supported,supported,supported,supported,supported,unsupported
fs,statfsSync,supported,supported,stub,supported,supported,unsupported
fs,symlink,supported,supported,supported,supported,supported,unsupported
fs,symlinkSync,supported,supported,stub,supported,supported,unsupported
fs,truncate,supported,supported,supported,supported,supported,unsupported
fs,truncateSync,supported,supported,stub,supported,supported,unsupported
fs,unlink,supported,supported,supported,supported,supported,unsupported
fs,unlinkSync,supported,supported,stub,supported,supported,unsupported
fs,unwatchFile,supported,supported,stub,supported,supported,unsupported
fs,utimes,supported,supported,supported,supported,supported,unsupported
fs,utimesSync,supported,supported,stub,supported,supported,unsupported
fs,watch,supported,supported,stub,supported,supported,unsupported
fs,watchFile,supported,supported,stub,supported,supported,unsupported
fs,write,supported,supported,stub,supported,supported,unsupported
fs,writeFile,supported,supported,supported,supported,supported,unsupported
fs,writeFileSync,supported,supported,stub,supported,supported,unsupported
fs,writeSync,supported,supported,stub,supported,supported,unsupported
fs,writev,supported,supported,stub,supported,supported,unsupported
fs,writevSync,supported,supported,stub,supported,supported,unsupported
fs/promises,*self*,supported,supported,supported,supported,supported,unsupported
fs/promises,default.*self*,supported,supported,supported,supported,supported,unsupported
fs/promises,default.access,supported,supported,stub,supported,supported,unsupported
fs/promises,default.appendFile,supported,supported,stub,supported,supported,unsupported
fs/promises,default.chmod,supported,supported,stub,supported,supported,unsupported
fs/promises,default.chown,supported,supported,stub,supported,supported,unsupported
fs/promises,default.constants.*self*,supported,supported,supported,supported,supported,unsupported
fs/promises,default.constants.COPYFILE_EXCL,supported,supported,supported,supported,supported,unsupported
fs/promises,default.constants.COPYFILE_FICLONE,supported,supported,supported,supported,supported,unsupported
fs/promises,default.constants.COPYFILE_FICLONE_FORCE,supported,supported,supported,supported,supported,unsupported
fs/promises,default.constants.EXTENSIONLESS_FORMAT_JAVASCRIPT,supported,supported,supported,supported,unsupported,unsupported
fs/promises,default.constants.EXTENSIONLESS_FORMAT_WASM,supported,supported,supported,supported,unsupported,unsupported
fs/promises,default.constants.F_OK,supported,supported,supported,supported,supported,unsupported
fs/promises,default.constants.O_APPEND,supported,supported,supported,supported,supported,unsupported
fs/promises,default.constants.O_CREAT,supported,supported,supported,supported,supported,unsupported
fs/promises,default.constants.O_DIRECTORY,supported,supported,supported,supported,supported,unsupported
fs/promises,default.constants.O_DSYNC,supported,supported,supported,supported,supported,unsupported
fs/promises,default.constants.O_EXCL,supported,supported,supported,supported,supported,unsupported
fs/promises,default.constants.O_NOCTTY,supported,supported,supported,supported,supported,unsupported
fs/promises,default.constants.O_NOFOLLOW,supported,supported,supported,supported,supported,unsupported
fs/promises,default.constants.O_NONBLOCK,supported,supported,supported,supported,supported,unsupported
fs/promises,default.constants.O_RDONLY,supported,supported,supported,supported,supported,unsupported
fs/promises,default.constants.O_RDWR,supported,supported,supported,supported,supported,unsupported
fs/promises,default.constants.O_SYMLINK,supported,supported,unsupported,supported,supported,unsupported
fs/promises,default.constants.O_SYNC,supported,supported,supported,supported,supported,unsupported
fs/promises,default.constants.O_TRUNC,supported,supported,supported,supported,supported,unsupported
fs/promises,default.constants.O_WRONLY,supported,supported,supported,supported,supported,unsupported
fs/promises,default.constants.R_OK,supported,supported,supported,supported,supported,unsupported
fs/promises,default.constants.S_IFBLK,supported,supported,supported,supported,supported,unsupported
fs/promises,default.constants.S_IFCHR,supported,supported,supported,supported,supported,unsupported
fs/promises,default.constants.S_IFDIR,supported,supported,supported,supported,supported,unsupported
fs/promises,default.constants.S_IFIFO,supported,supported,supported,supported,supported,unsupported
fs/promises,default.constants.S_IFLNK,supported,supported,supported,supported,supported,unsupported
fs/promises,default.constants.S_IFMT,supported,supported,supported,supported,supported,unsupported
fs/promises,default.constants.S_IFREG,supported,supported,supported,supported,supported,unsupported
fs/promises,default.constants.S_IFSOCK,supported,supported,supported,supported,supported,unsupported
fs/promises,default.constants.S_IRGRP,supported,supported,supported,supported,supported,unsupported
fs/promises,default.constants.S_IROTH,supported,supported,supported,supported,supported,unsupported
fs/promises,default.constants.S_IRUSR,supported,supported,supported,supported,supported,unsupported
fs/promises,default.constants.S_IRWXG,supported,supported,supported,supported,supported,unsupported
fs/promises,default.constants.S_IRWXO,supported,supported,supported,supported,supported,unsupported
fs/promises,default.constants.S_IRWXU,supported,supported,supported,supported,supported,unsupported
fs/promises,default.constants.S_IWGRP,supported,supported,supported,supported,supported,unsupported
fs/promises,default.constants.S_IWOTH,supported,supported,supported,supported,supported,unsupported
fs/promises,default.constants.S_IWUSR,supported,supported,supported,supported,supported,unsupported
fs/promises,default.constants.S_IXGRP,supported,supported,supported,supported,supported,unsupported
fs/promises,default.constants.S_IXOTH,supported,supported,supported,supported,supported,unsupported
fs/promises,default.constants.S_IXUSR,supported,supported,supported,supported,supported,unsupported
fs/promises,default.constants.UV_DIRENT_BLOCK,supported,supported,supported,supported,supported,unsupported
fs/promises,default.constants.UV_DIRENT_CHAR,supported,supported,supported,supported,supported,unsupported
fs/promises,default.constants.UV_DIRENT_DIR,supported,supported,supported,supported,supported,unsupported
fs/promises,default.constants.UV_DIRENT_FIFO,supported,supported,supported,supported,supported,unsupported
fs/promises,default.constants.UV_DIRENT_FILE,supported,supported,supported,supported,supported,unsupported
fs/promises,default.constants.UV_DIRENT_LINK,supported,supported,supported,supported,supported,unsupported
fs/promises,default.constants.UV_DIRENT_SOCKET,supported,supported,supported,supported,supported,unsupported
fs/promises,default.constants.UV_DIRENT_UNKNOWN,supported,supported,supported,supported,supported,unsupported
fs/promises,default.constants.UV_FS_COPYFILE_EXCL,supported,supported,supported,supported,supported,unsupported
fs/promises,default.constants.UV_FS_COPYFILE_FICLONE,supported,supported,supported,supported,supported,unsupported
fs/promises,default.constants.UV_FS_COPYFILE_FICLONE_FORCE,supported,supported,supported,supported,supported,unsupported
fs/promises,default.constants.UV_FS_O_FILEMAP,supported,supported,supported,supported,supported,unsupported
fs/promises,default.constants.UV_FS_SYMLINK_DIR,supported,supported,supported,supported,supported,unsupported
fs/promises,default.constants.UV_FS_SYMLINK_JUNCTION,supported,supported,supported,supported,supported,unsupported
fs/promises,default.constants.W_OK,supported,supported,supported,supported,supported,unsupported
fs/promises,default.constants.X_OK,supported,supported,supported,supported,supported,unsupported
fs/promises,default.copyFile,supported,supported,stub,supported,supported,unsupported
fs/promises,default.cp,supported,supported,stub,supported,supported,unsupported
fs/promises,default.glob,supported,supported,stub,unsupported,unsupported,unsupported
fs/promises,default.lchmod,supported,supported,stub,supported,unsupported,unsupported
fs/promises,default.lchown,supported,supported,stub,supported,supported,unsupported
fs/promises,default.link,supported,supported,stub,supported,supported,unsupported
fs/promises,default.lstat,supported,supported,stub,supported,supported,unsupported
fs/promises,default.lutimes,supported,supported,stub,supported,supported,unsupported
fs/promises,default.mkdir,supported,supported,stub,supported,supported,unsupported
fs/promises,default.mkdtemp,supported,supported,stub,supported,supported,unsupported
fs/promises,default.open,supported,supported,stub,supported,supported,unsupported
fs/promises,default.opendir,supported,supported,stub,supported,supported,unsupported
fs/promises,default.readFile,supported,supported,stub,supported,supported,unsupported
fs/promises,default.readdir,supported,supported,stub,supported,supported,unsupported
fs/promises,default.readlink,supported,supported,stub,supported,supported,unsupported
fs/promises,default.realpath,supported,supported,stub,supported,supported,unsupported
fs/promises,default.rename,supported,supported,stub,supported,supported,unsupported
fs/promises,default.rm,supported,supported,stub,supported,supported,unsupported
fs/promises,default.rmdir,supported,supported,stub,supported,supported,unsupported
fs/promises,default.stat,supported,supported,stub,supported,supported,unsupported
fs/promises,default.statfs,supported,supported,stub,supported,supported,unsupported
fs/promises,default.symlink,supported,supported,stub,supported,supported,unsupported
fs/promises,default.truncate,supported,supported,stub,supported,supported,unsupported
fs/promises,default.unlink,supported,supported,stub,supported,supported,unsupported
fs/promises,default.utimes,supported,supported,stub,supported,supported,unsupported
fs/promises,default.watch,supported,supported,stub,supported,supported,unsupported
fs/promises,default.writeFile,supported,supported,stub,supported,supported,unsupported
fs/promises,access,supported,supported,stub,supported,supported,unsupported
fs/promises,appendFile,supported,supported,stub,supported,supported,unsupported
fs/promises,chmod,supported,supported,stub,supported,supported,unsupported
fs/promises,chown,supported,supported,stub,supported,supported,unsupported
fs/promises,constants.*self*,supported,supported,supported,supported,supported,unsupported
fs/promises,constants.COPYFILE_EXCL,supported,supported,supported,supported,supported,unsupported
fs/promises,constants.COPYFILE_FICLONE,supported,supported,supported,supported,supported,unsupported
fs/promises,constants.COPYFILE_FICLONE_FORCE,supported,supported,supported,supported,supported,unsupported
fs/promises,constants.EXTENSIONLESS_FORMAT_JAVASCRIPT,supported,supported,supported,supported,unsupported,unsupported
fs/promises,constants.EXTENSIONLESS_FORMAT_WASM,supported,supported,supported,supported,unsupported,unsupported
fs/promises,constants.F_OK,supported,supported,supported,supported,supported,unsupported
fs/promises,constants.O_APPEND,supported,supported,supported,supported,supported,unsupported
fs/promises,constants.O_CREAT,supported,supported,supported,supported,supported,unsupported
fs/promises,constants.O_DIRECTORY,supported,supported,supported,supported,supported,unsupported
fs/promises,constants.O_DSYNC,supported,supported,supported,supported,supported,unsupported
fs/promises,constants.O_EXCL,supported,supported,supported,supported,supported,unsupported
fs/promises,constants.O_NOCTTY,supported,supported,supported,supported,supported,unsupported
fs/promises,constants.O_NOFOLLOW,supported,supported,supported,supported,supported,unsupported
fs/promises,constants.O_NONBLOCK,supported,supported,supported,supported,supported,unsupported
fs/promises,constants.O_RDONLY,supported,supported,supported,supported,supported,unsupported
fs/promises,constants.O_RDWR,supported,supported,supported,supported,supported,unsupported
fs/promises,constants.O_SYMLINK,supported,supported,unsupported,supported,supported,unsupported
fs/promises,constants.O_SYNC,supported,supported,supported,supported,supported,unsupported
fs/promises,constants.O_TRUNC,supported,supported,supported,supported,supported,unsupported
fs/promises,constants.O_WRONLY,supported,supported,supported,supported,supported,unsupported
fs/promises,constants.R_OK,supported,supported,supported,supported,supported,unsupported
fs/promises,constants.S_IFBLK,supported,supported,supported,supported,supported,unsupported
fs/promises,constants.S_IFCHR,supported,supported,supported,supported,supported,unsupported
fs/promises,constants.S_IFDIR,supported,supported,supported,supported,supported,unsupported
fs/promises,constants.S_IFIFO,supported,supported,supported,supported,supported,unsupported
fs/promises,constants.S_IFLNK,supported,supported,supported,supported,supported,unsupported
fs/promises,constants.S_IFMT,supported,supported,supported,supported,supported,unsupported
fs/promises,constants.S_IFREG,supported,supported,supported,supported,supported,unsupported
fs/promises,constants.S_IFSOCK,supported,supported,supported,supported,supported,unsupported
fs/promises,constants.S_IRGRP,supported,supported,supported,supported,supported,unsupported
fs/promises,constants.S_IROTH,supported,supported,supported,supported,supported,unsupported
fs/promises,constants.S_IRUSR,supported,supported,supported,supported,supported,unsupported
fs/promises,constants.S_IRWXG,supported,supported,supported,supported,supported,unsupported
fs/promises,constants.S_IRWXO,supported,supported,supported,supported,supported,unsupported
fs/promises,constants.S_IRWXU,supported,supported,supported,supported,supported,unsupported
fs/promises,constants.S_IWGRP,supported,supported,supported,supported,supported,unsupported
fs/promises,constants.S_IWOTH,supported,supported,supported,supported,supported,unsupported
fs/promises,constants.S_IWUSR,supported,supported,supported,supported,supported,unsupported
fs/promises,constants.S_IXGRP,supported,supported,supported,supported,supported,unsupported
fs/promises,constants.S_IXOTH,supported,supported,supported,supported,supported,unsupported
fs/promises,constants.S_IXUSR,supported,supported,supported,supported,supported,unsupported
fs/promises,constants.UV_DIRENT_BLOCK,supported,supported,supported,supported,supported,unsupported
fs/promises,constants.UV_DIRENT_CHAR,supported,supported,supported,supported,supported,unsupported
fs/promises,constants.UV_DIRENT_DIR,supported,supported,supported,supported,supported,unsupported
fs/promises,constants.UV_DIRENT_FIFO,supported,supported,supported,supported,supported,unsupported
fs/promises,constants.UV_DIRENT_FILE,supported,supported,supported,supported,supported,unsupported
fs/promises,constants.UV_DIRENT_LINK,supported,supported,supported,supported,supported,unsupported
fs/promises,constants.UV_DIRENT_SOCKET,supported,supported,supported,supported,supported,unsupported
fs/promises,constants.UV_DIRENT_UNKNOWN,supported,supported,supported,supported,supported,unsupported
fs/promises,constants.UV_FS_COPYFILE_EXCL,supported,supported,supported,supported,supported,unsupported
fs/promises,constants.UV_FS_COPYFILE_FICLONE,supported,supported,supported,supported,supported,unsupported
fs/promises,constants.UV_FS_COPYFILE_FICLONE_FORCE,supported,supported,supported,supported,supported,unsupported
fs/promises,constants.UV_FS_O_FILEMAP,supported,supported,supported,supported,supported,unsupported
fs/promises,constants.UV_FS_SYMLINK_DIR,supported,supported,supported,supported,supported,unsupported
fs/promises,constants.UV_FS_SYMLINK_JUNCTION,supported,supported,supported,supported,supported,unsupported
fs/promises,constants.W_OK,supported,supported,supported,supported,supported,unsupported
fs/promises,constants.X_OK,supported,supported,supported,supported,supported,unsupported
fs/promises,copyFile,supported,supported,stub,supported,supported,unsupported
fs/promises,cp,supported,supported,stub,supported,supported,unsupported
fs/promises,glob,supported,supported,stub,unsupported,unsupported,unsupported
fs/promises,lchmod,supported,supported,stub,supported,unsupported,unsupported
fs/promises,lchown,supported,supported,stub,supported,unsupported,unsupported
fs/promises,link,supported,supported,stub,supported,supported,unsupported
fs/promises,lstat,supported,supported,stub,supported,supported,unsupported
fs/promises,lutimes,supported,supported,stub,supported,unsupported,unsupported
fs/promises,mkdir,supported,supported,stub,supported,supported,unsupported
fs/promises,mkdtemp,supported,supported,stub,supported,supported,unsupported
fs/promises,open,supported,supported,stub,supported,supported,unsupported
fs/promises,opendir,supported,supported,stub,supported,supported,unsupported
fs/promises,readFile,supported,supported,stub,supported,supported,unsupported
fs/promises,readdir,supported,supported,stub,supported,supported,unsupported
fs/promises,readlink,supported,supported,stub,supported,supported,unsupported
fs/promises,realpath,supported,supported,stub,supported,supported,unsupported
fs/promises,rename,supported,supported,stub,supported,supported,unsupported
fs/promises,rm,supported,supported,stub,supported,supported,unsupported
fs/promises,rmdir,supported,supported,stub,supported,supported,unsupported
fs/promises,stat,supported,supported,stub,supported,supported,unsupported
fs/promises,statfs,supported,supported,stub,supported,unsupported,unsupported
fs/promises,symlink,supported,supported,stub,supported,supported,unsupported
fs/promises,truncate,supported,supported,stub,supported,supported,unsupported
fs/promises,unlink,supported,supported,stub,supported,supported,unsupported
fs/promises,utimes,supported,supported,stub,supported,supported,unsupported
fs/promises,watch,supported,supported,stub,supported,supported,unsupported
fs/promises,writeFile,supported,supported,stub,supported,supported,unsupported
http,*self*,supported,supported,supported,supported,supported,unsupported
http,default.*self*,supported,supported,supported,supported,supported,unsupported
http,default.Agent,supported,supported,supported,supported,supported,unsupported
http,default.ClientRequest,supported,supported,supported,supported,stub,unsupported
http,default.CloseEvent,supported,supported,supported,unsupported,unsupported,unsupported
http,default.IncomingMessage,supported,supported,supported,supported,supported,unsupported
http,default.METHODS,supported,supported,supported,supported,supported,unsupported
http,default.MessageEvent,supported,supported,supported,unsupported,unsupported,unsupported
http,default.OutgoingMessage,supported,supported,supported,supported,supported,unsupported
http,default.STATUS_CODES.100,supported,supported,supported,supported,supported,unsupported
http,default.STATUS_CODES.101,supported,supported,supported,supported,supported,unsupported
http,default.STATUS_CODES.102,supported,supported,supported,supported,supported,unsupported
http,default.STATUS_CODES.103,supported,supported,supported,supported,supported,unsupported
http,default.STATUS_CODES.200,supported,supported,supported,supported,supported,unsupported
http,default.STATUS_CODES.201,supported,supported,supported,supported,supported,unsupported
http,default.STATUS_CODES.202,supported,supported,supported,supported,supported,unsupported
http,default.STATUS_CODES.203,supported,supported,supported,supported,supported,unsupported
http,default.STATUS_CODES.204,supported,supported,supported,supported,supported,unsupported
http,default.STATUS_CODES.205,supported,supported,supported,supported,supported,unsupported
http,default.STATUS_CODES.206,supported,supported,supported,supported,supported,unsupported
http,default.STATUS_CODES.207,supported,supported,supported,supported,supported,unsupported
http,default.STATUS_CODES.208,supported,supported,supported,supported,supported,unsupported
http,default.STATUS_CODES.226,supported,supported,supported,supported,supported,unsupported
http,default.STATUS_CODES.300,supported,supported,supported,supported,supported,unsupported
http,default.STATUS_CODES.301,supported,supported,supported,supported,supported,unsupported
http,default.STATUS_CODES.302,supported,supported,supported,supported,supported,unsupported
http,default.STATUS_CODES.303,supported,supported,supported,supported,supported,unsupported
http,default.STATUS_CODES.304,supported,supported,supported,supported,supported,unsupported
http,default.STATUS_CODES.305,supported,supported,supported,supported,supported,unsupported
http,default.STATUS_CODES.307,supported,supported,supported,supported,supported,unsupported
http,default.STATUS_CODES.308,supported,supported,supported,supported,supported,unsupported
http,default.STATUS_CODES.400,supported,supported,supported,supported,supported,unsupported
http,default.STATUS_CODES.401,supported,supported,supported,supported,supported,unsupported
http,default.STATUS_CODES.402,supported,supported,supported,supported,supported,unsupported
http,default.STATUS_CODES.403,supported,supported,supported,supported,supported,unsupported
http,default.STATUS_CODES.404,supported,supported,supported,supported,supported,unsupported
http,default.STATUS_CODES.405,supported,supported,supported,supported,supported,unsupported
http,default.STATUS_CODES.406,supported,supported,supported,supported,supported,unsupported
http,default.STATUS_CODES.407,supported,supported,supported,supported,supported,unsupported
http,default.STATUS_CODES.408,supported,supported,supported,supported,supported,unsupported
http,default.STATUS_CODES.409,supported,supported,supported,supported,supported,unsupported
http,default.STATUS_CODES.410,supported,supported,supported,supported,supported,unsupported
http,default.STATUS_CODES.411,supported,supported,supported,supported,supported,unsupported
http,default.STATUS_CODES.412,supported,supported,supported,supported,supported,unsupported
http,default.STATUS_CODES.413,supported,supported,supported,supported,supported,unsupported
http,default.STATUS_CODES.414,supported,supported,supported,supported,supported,unsupported
http,default.STATUS_CODES.415,supported,supported,supported,supported,supported,unsupported
http,default.STATUS_CODES.416,supported,supported,supported,supported,supported,unsupported
http,default.STATUS_CODES.417,supported,supported,supported,supported,supported,unsupported
http,default.STATUS_CODES.418,supported,supported,supported,supported,supported,unsupported
http,default.STATUS_CODES.421,supported,supported,supported,supported,supported,unsupported
http,default.STATUS_CODES.422,supported,supported,supported,supported,supported,unsupported
http,default.STATUS_CODES.423,supported,supported,supported,supported,supported,unsupported
http,default.STATUS_CODES.424,supported,supported,supported,supported,supported,unsupported
http,default.STATUS_CODES.425,supported,supported,supported,supported,supported,unsupported
http,default.STATUS_CODES.426,supported,supported,supported,supported,supported,unsupported
http,default.STATUS_CODES.428,supported,supported,supported,supported,supported,unsupported
http,default.STATUS_CODES.429,supported,supported,supported,supported,supported,unsupported
http,default.STATUS_CODES.431,supported,supported,supported,supported,supported,unsupported
http,default.STATUS_CODES.451,supported,supported,supported,supported,supported,unsupported
http,default.STATUS_CODES.500,supported,supported,supported,supported,supported,unsupported
http,default.STATUS_CODES.501,supported,supported,supported,supported,supported,unsupported
http,default.STATUS_CODES.502,supported,supported,supported,supported,supported,unsupported
http,default.STATUS_CODES.503,supported,supported,supported,supported,supported,unsupported
http,default.STATUS_CODES.504,supported,supported,supported,supported,supported,unsupported
http,default.STATUS_CODES.505,supported,supported,supported,supported,supported,unsupported
http,default.STATUS_CODES.506,supported,supported,supported,supported,supported,unsupported
http,default.STATUS_CODES.507,supported,supported,supported,supported,supported,unsupported
http,default.STATUS_CODES.508,supported,supported,supported,supported,supported,unsupported
http,default.STATUS_CODES.509,supported,supported,supported,supported,unsupported,unsupported
http,default.STATUS_CODES.510,supported,supported,supported,supported,supported,unsupported
http,default.STATUS_CODES.511,supported,supported,supported,supported,supported,unsupported
http,default.STATUS_CODES.*self*,supported,supported,supported,supported,supported,unsupported
http,default.Server,supported,supported,supported,supported,supported,unsupported
http,default.ServerResponse,supported,supported,supported,supported,supported,unsupported
http,default.WebSocket,supported,supported,supported,unsupported,unsupported,unsupported
http,default.createServer,supported,supported,stub,supported,supported,unsupported
http,default.get,supported,supported,stub,supported,supported,unsupported
http,default.globalAgent.*self*,supported,supported,supported,supported,supported,unsupported
http,default.globalAgent._events,supported,supported,supported,supported,supported,unsupported
http,default.globalAgent._eventsCount,supported,supported,supported,supported,supported,unsupported
http,default.globalAgent._maxListeners,supported,supported,supported,supported,supported,unsupported
http,default.globalAgent.addListener,supported,supported,supported,supported,supported,unsupported
http,default.globalAgent.addRequest,supported,supported,unsupported,supported,supported,unsupported
http,default.globalAgent.createConnection,supported,supported,unsupported,supported,supported,unsupported
http,default.globalAgent.createSocket,supported,supported,unsupported,supported,supported,unsupported
http,default.globalAgent.defaultPort,supported,supported,unsupported,supported,supported,unsupported
http,default.globalAgent.destroy,supported,supported,supported,supported,supported,unsupported
http,default.globalAgent.emit,supported,supported,supported,supported,supported,unsupported
http,default.globalAgent.eventNames,supported,supported,supported,supported,supported,unsupported
http,default.globalAgent.freeSockets,supported,supported,supported,supported,supported,unsupported
http,default.globalAgent.getMaxListeners,supported,supported,supported,supported,supported,unsupported
http,default.globalAgent.getName,supported,supported,unsupported,supported,supported,unsupported
http,default.globalAgent.keepAlive,supported,supported,unsupported,supported,supported,unsupported
http,default.globalAgent.keepAliveMsecs,supported,supported,unsupported,supported,supported,unsupported
http,default.globalAgent.keepSocketAlive,supported,supported,unsupported,supported,supported,unsupported
http,default.globalAgent.listenerCount,supported,supported,supported,supported,supported,unsupported
http,default.globalAgent.listeners,supported,supported,supported,supported,supported,unsupported
http,default.globalAgent.maxFreeSockets,supported,supported,supported,supported,supported,unsupported
http,default.globalAgent.maxSockets,supported,supported,supported,supported,supported,unsupported
http,default.globalAgent.maxTotalSockets,supported,supported,supported,mismatch,supported,unsupported
http,default.globalAgent.off,supported,supported,supported,supported,supported,unsupported
http,default.globalAgent.on,supported,supported,supported,supported,supported,unsupported
http,default.globalAgent.once,supported,supported,supported,supported,supported,unsupported
http,default.globalAgent.options,supported,supported,unsupported,supported,supported,unsupported
http,default.globalAgent.prependListener,supported,supported,supported,supported,supported,unsupported
http,default.globalAgent.prependOnceListener,supported,supported,supported,supported,supported,unsupported
http,default.globalAgent.protocol,supported,supported,unsupported,supported,supported,unsupported
http,default.globalAgent.rawListeners,supported,supported,supported,supported,supported,unsupported
http,default.globalAgent.removeAllListeners,supported,supported,supported,supported,supported,unsupported
http,default.globalAgent.removeListener,supported,supported,supported,supported,supported,unsupported
http,default.globalAgent.removeSocket,supported,supported,unsupported,supported,supported,unsupported
http,default.globalAgent.requests,supported,supported,supported,supported,supported,unsupported
http,default.globalAgent.reuseSocket,supported,supported,unsupported,supported,supported,unsupported
http,default.globalAgent.scheduling,supported,supported,unsupported,supported,supported,unsupported
http,default.globalAgent.setMaxListeners,supported,supported,supported,supported,supported,unsupported
http,default.globalAgent.sockets,supported,supported,supported,supported,supported,unsupported
http,default.globalAgent.totalSocketCount,supported,supported,unsupported,supported,supported,unsupported
http,default.maxHeaderSize,supported,supported,supported,supported,supported,unsupported
http,default.request,supported,supported,stub,supported,supported,unsupported
http,default.setMaxIdleHTTPParsers,supported,supported,stub,supported,unsupported,unsupported
http,default.validateHeaderName,supported,supported,stub,supported,supported,unsupported
http,default.validateHeaderValue,supported,supported,stub,supported,supported,unsupported
http,Agent,supported,supported,supported,supported,supported,unsupported
http,ClientRequest,supported,supported,supported,supported,stub,unsupported
http,CloseEvent,supported,supported,supported,unsupported,unsupported,unsupported
http,IncomingMessage,supported,supported,supported,supported,supported,unsupported
http,METHODS,supported,supported,supported,supported,supported,unsupported
http,MessageEvent,supported,supported,supported,unsupported,unsupported,unsupported
http,OutgoingMessage,supported,supported,supported,supported,supported,unsupported
http,STATUS_CODES.100,supported,supported,supported,supported,supported,unsupported
http,STATUS_CODES.101,supported,supported,supported,supported,supported,unsupported
http,STATUS_CODES.102,supported,supported,supported,supported,supported,unsupported
http,STATUS_CODES.103,supported,supported,supported,supported,supported,unsupported
http,STATUS_CODES.200,supported,supported,supported,supported,supported,unsupported
http,STATUS_CODES.201,supported,supported,supported,supported,supported,unsupported
http,STATUS_CODES.202,supported,supported,supported,supported,supported,unsupported
http,STATUS_CODES.203,supported,supported,supported,supported,supported,unsupported
http,STATUS_CODES.204,supported,supported,supported,supported,supported,unsupported
http,STATUS_CODES.205,supported,supported,supported,supported,supported,unsupported
http,STATUS_CODES.206,supported,supported,supported,supported,supported,unsupported
http,STATUS_CODES.207,supported,supported,supported,supported,supported,unsupported
http,STATUS_CODES.208,supported,supported,supported,supported,supported,unsupported
http,STATUS_CODES.226,supported,supported,supported,supported,supported,unsupported
http,STATUS_CODES.300,supported,supported,supported,supported,supported,unsupported
http,STATUS_CODES.301,supported,supported,supported,supported,supported,unsupported
http,STATUS_CODES.302,supported,supported,supported,supported,supported,unsupported
http,STATUS_CODES.303,supported,supported,supported,supported,supported,unsupported
http,STATUS_CODES.304,supported,supported,supported,supported,supported,unsupported
http,STATUS_CODES.305,supported,supported,supported,supported,supported,unsupported
http,STATUS_CODES.307,supported,supported,supported,supported,supported,unsupported
http,STATUS_CODES.308,supported,supported,supported,supported,supported,unsupported
http,STATUS_CODES.400,supported,supported,supported,supported,supported,unsupported
http,STATUS_CODES.401,supported,supported,supported,supported,supported,unsupported
http,STATUS_CODES.402,supported,supported,supported,supported,supported,unsupported
http,STATUS_CODES.403,supported,supported,supported,supported,supported,unsupported
http,STATUS_CODES.404,supported,supported,supported,supported,supported,unsupported
http,STATUS_CODES.405,supported,supported,supported,supported,supported,unsupported
http,STATUS_CODES.406,supported,supported,supported,supported,supported,unsupported
http,STATUS_CODES.407,supported,supported,supported,supported,supported,unsupported
http,STATUS_CODES.408,supported,supported,supported,supported,supported,unsupported
http,STATUS_CODES.409,supported,supported,supported,supported,supported,unsupported
http,STATUS_CODES.410,supported,supported,supported,supported,supported,unsupported
http,STATUS_CODES.411,supported,supported,supported,supported,supported,unsupported
http,STATUS_CODES.412,supported,supported,supported,supported,supported,unsupported
http,STATUS_CODES.413,supported,supported,supported,supported,supported,unsupported
http,STATUS_CODES.414,supported,supported,supported,supported,supported,unsupported
http,STATUS_CODES.415,supported,supported,supported,supported,supported,unsupported
http,STATUS_CODES.416,supported,supported,supported,supported,supported,unsupported
http,STATUS_CODES.417,supported,supported,supported,supported,supported,unsupported
http,STATUS_CODES.418,supported,supported,supported,supported,supported,unsupported
http,STATUS_CODES.421,supported,supported,supported,supported,supported,unsupported
http,STATUS_CODES.422,supported,supported,supported,supported,supported,unsupported
http,STATUS_CODES.423,supported,supported,supported,supported,supported,unsupported
http,STATUS_CODES.424,supported,supported,supported,supported,supported,unsupported
http,STATUS_CODES.425,supported,supported,supported,supported,supported,unsupported
http,STATUS_CODES.426,supported,supported,supported,supported,supported,unsupported
http,STATUS_CODES.428,supported,supported,supported,supported,supported,unsupported
http,STATUS_CODES.429,supported,supported,supported,supported,supported,unsupported
http,STATUS_CODES.431,supported,supported,supported,supported,supported,unsupported
http,STATUS_CODES.451,supported,supported,supported,supported,supported,unsupported
http,STATUS_CODES.500,supported,supported,supported,supported,supported,unsupported
http,STATUS_CODES.501,supported,supported,supported,supported,supported,unsupported
http,STATUS_CODES.502,supported,supported,supported,supported,supported,unsupported
http,STATUS_CODES.503,supported,supported,supported,supported,supported,unsupported
http,STATUS_CODES.504,supported,supported,supported,supported,supported,unsupported
http,STATUS_CODES.505,supported,supported,supported,supported,supported,unsupported
http,STATUS_CODES.506,supported,supported,supported,supported,supported,unsupported
http,STATUS_CODES.507,supported,supported,supported,supported,supported,unsupported
http,STATUS_CODES.508,supported,supported,supported,supported,supported,unsupported
http,STATUS_CODES.509,supported,supported,supported,supported,unsupported,unsupported
http,STATUS_CODES.510,supported,supported,supported,supported,supported,unsupported
http,STATUS_CODES.511,supported,supported,supported,supported,supported,unsupported
http,STATUS_CODES.*self*,supported,supported,supported,supported,supported,unsupported
http,Server,supported,supported,supported,supported,supported,unsupported
http,ServerResponse,supported,supported,supported,supported,supported,unsupported
http,WebSocket,supported,supported,supported,unsupported,unsupported,unsupported
http,createServer,supported,supported,stub,supported,supported,unsupported
http,get,supported,supported,stub,supported,supported,unsupported
http,globalAgent.*self*,supported,supported,supported,supported,supported,unsupported
http,globalAgent._events.*self*,supported,supported,supported,supported,supported,unsupported
http,globalAgent._events.free,supported,supported,unsupported,unsupported,supported,unsupported
http,globalAgent._events.newListener,supported,supported,unsupported,unsupported,supported,unsupported
http,globalAgent._eventsCount,supported,supported,supported,supported,supported,unsupported
http,globalAgent._maxListeners,supported,supported,supported,supported,supported,unsupported
http,globalAgent.addListener,supported,supported,supported,supported,supported,unsupported
http,globalAgent.addRequest,supported,supported,unsupported,supported,supported,unsupported
http,globalAgent.createConnection,supported,supported,unsupported,supported,supported,unsupported
http,globalAgent.createSocket,supported,supported,unsupported,supported,supported,unsupported
http,globalAgent.defaultPort,supported,supported,unsupported,supported,supported,unsupported
http,globalAgent.destroy,supported,supported,supported,supported,supported,unsupported
http,globalAgent.emit,supported,supported,supported,supported,supported,unsupported
http,globalAgent.eventNames,supported,supported,supported,supported,supported,unsupported
http,globalAgent.freeSockets.*self*,supported,supported,supported,supported,supported,unsupported
http,globalAgent.getMaxListeners,supported,supported,supported,supported,supported,unsupported
http,globalAgent.getName,supported,supported,unsupported,supported,supported,unsupported
http,globalAgent.keepAlive,supported,supported,unsupported,supported,supported,unsupported
http,globalAgent.keepAliveMsecs,supported,supported,unsupported,supported,supported,unsupported
http,globalAgent.keepSocketAlive,supported,supported,unsupported,supported,supported,unsupported
http,globalAgent.listenerCount,supported,supported,supported,supported,supported,unsupported
http,globalAgent.listeners,supported,supported,supported,supported,supported,unsupported
http,globalAgent.maxFreeSockets,supported,supported,supported,supported,supported,unsupported
http,globalAgent.maxSockets,supported,supported,supported,supported,supported,unsupported
http,globalAgent.maxTotalSockets,supported,supported,supported,mismatch,supported,unsupported
http,globalAgent.off,supported,supported,supported,supported,supported,unsupported
http,globalAgent.on,supported,supported,supported,supported,supported,unsupported
http,globalAgent.once,supported,supported,supported,supported,supported,unsupported
http,globalAgent.options.*self*,supported,supported,unsupported,supported,supported,unsupported
http,globalAgent.options.keepAlive,supported,supported,unsupported,unsupported,unsupported,unsupported
http,globalAgent.options.noDelay,supported,supported,unsupported,supported,unsupported,unsupported
http,globalAgent.options.path,supported,supported,unsupported,supported,supported,unsupported
http,globalAgent.options.scheduling,supported,supported,unsupported,unsupported,unsupported,unsupported
http,globalAgent.options.timeout,supported,supported,unsupported,unsupported,unsupported,unsupported
http,globalAgent.prependListener,supported,supported,supported,supported,supported,unsupported
http,globalAgent.prependOnceListener,supported,supported,supported,supported,supported,unsupported
http,globalAgent.protocol,supported,supported,unsupported,supported,supported,unsupported
http,globalAgent.rawListeners,supported,supported,supported,supported,supported,unsupported
http,globalAgent.removeAllListeners,supported,supported,supported,supported,supported,unsupported
http,globalAgent.removeListener,supported,supported,supported,supported,supported,unsupported
http,globalAgent.removeSocket,supported,supported,unsupported,supported,supported,unsupported
http,globalAgent.requests.*self*,supported,supported,supported,supported,supported,unsupported
http,globalAgent.reuseSocket,supported,supported,unsupported,supported,supported,unsupported
http,globalAgent.scheduling,supported,supported,unsupported,supported,supported,unsupported
http,globalAgent.setMaxListeners,supported,supported,supported,supported,supported,unsupported
http,globalAgent.sockets.*self*,supported,supported,supported,supported,supported,unsupported
http,globalAgent.totalSocketCount,supported,supported,unsupported,supported,supported,unsupported
http,maxHeaderSize,supported,supported,supported,supported,supported,unsupported
http,request,supported,supported,stub,supported,supported,unsupported
http,setMaxIdleHTTPParsers,supported,supported,stub,supported,unsupported,unsupported
http,validateHeaderName,supported,supported,stub,supported,supported,unsupported
http,validateHeaderValue,supported,supported,stub,supported,supported,unsupported
http2,*self*,supported,supported,supported,supported,supported,unsupported
http2,default.*self*,supported,supported,supported,supported,supported,unsupported
http2,default.Http2ServerRequest,supported,supported,supported,supported,supported,unsupported
http2,default.Http2ServerResponse,supported,supported,supported,supported,supported,unsupported
http2,default.connect,supported,supported,stub,supported,supported,unsupported
http2,default.constants.*self*,supported,supported,supported,supported,supported,unsupported
http2,default.constants.DEFAULT_SETTINGS_ENABLE_CONNECT_PROTOCOL,supported,supported,supported,supported,supported,unsupported
http2,default.constants.DEFAULT_SETTINGS_ENABLE_PUSH,supported,supported,supported,supported,supported,unsupported
http2,default.constants.DEFAULT_SETTINGS_HEADER_TABLE_SIZE,supported,supported,supported,supported,supported,unsupported
http2,default.constants.DEFAULT_SETTINGS_INITIAL_WINDOW_SIZE,supported,supported,supported,supported,supported,unsupported
http2,default.constants.DEFAULT_SETTINGS_MAX_CONCURRENT_STREAMS,supported,supported,supported,supported,supported,unsupported
http2,default.constants.DEFAULT_SETTINGS_MAX_FRAME_SIZE,supported,supported,supported,supported,supported,unsupported
http2,default.constants.DEFAULT_SETTINGS_MAX_HEADER_LIST_SIZE,supported,supported,supported,supported,supported,unsupported
http2,default.constants.HTTP2_HEADER_ACCEPT,supported,supported,supported,supported,supported,unsupported
http2,default.constants.HTTP2_HEADER_ACCEPT_CHARSET,supported,supported,supported,supported,supported,unsupported
http2,default.constants.HTTP2_HEADER_ACCEPT_ENCODING,supported,supported,supported,supported,supported,unsupported
http2,default.constants.HTTP2_HEADER_ACCEPT_LANGUAGE,supported,supported,supported,supported,supported,unsupported
http2,default.constants.HTTP2_HEADER_ACCEPT_RANGES,supported,supported,supported,supported,supported,unsupported
http2,default.constants.HTTP2_HEADER_ACCESS_CONTROL_ALLOW_CREDENTIALS,supported,supported,supported,supported,supported,unsupported
http2,default.constants.HTTP2_HEADER_ACCESS_CONTROL_ALLOW_HEADERS,supported,supported,supported,supported,supported,unsupported
http2,default.constants.HTTP2_HEADER_ACCESS_CONTROL_ALLOW_METHODS,supported,supported,supported,supported,supported,unsupported
http2,default.constants.HTTP2_HEADER_ACCESS_CONTROL_ALLOW_ORIGIN,supported,supported,supported,supported,supported,unsupported
http2,default.constants.HTTP2_HEADER_ACCESS_CONTROL_EXPOSE_HEADERS,supported,supported,supported,supported,supported,unsupported
http2,default.constants.HTTP2_HEADER_ACCESS_CONTROL_MAX_AGE,supported,supported,supported,supported,supported,unsupported
http2,default.constants.HTTP2_HEADER_ACCESS_CONTROL_REQUEST_HEADERS,supported,supported,supported,supported,supported,unsupported
http2,default.constants.HTTP2_HEADER_ACCESS_CONTROL_REQUEST_METHOD,supported,supported,supported,supported,supported,unsupported
http2,default.constants.HTTP2_HEADER_AGE,supported,supported,supported,supported,supported,unsupported
http2,default.constants.HTTP2_HEADER_ALLOW,supported,supported,supported,supported,supported,unsupported
http2,default.constants.HTTP2_HEADER_ALT_SVC,supported,supported,supported,supported,supported,unsupported
http2,default.constants.HTTP2_HEADER_AUTHORITY,supported,supported,supported,supported,supported,unsupported
http2,default.constants.HTTP2_HEADER_AUTHORIZATION,supported,supported,supported,supported,supported,unsupported
http2,default.constants.HTTP2_HEADER_CACHE_CONTROL,supported,supported,supported,supported,supported,unsupported
http2,default.constants.HTTP2_HEADER_CONNECTION,supported,supported,supported,supported,supported,unsupported
http2,default.constants.HTTP2_HEADER_CONTENT_DISPOSITION,supported,supported,supported,supported,supported,unsupported
http2,default.constants.HTTP2_HEADER_CONTENT_ENCODING,supported,supported,supported,supported,supported,unsupported
http2,default.constants.HTTP2_HEADER_CONTENT_LANGUAGE,supported,supported,supported,supported,supported,unsupported
http2,default.constants.HTTP2_HEADER_CONTENT_LENGTH,supported,supported,supported,supported,supported,unsupported
http2,default.constants.HTTP2_HEADER_CONTENT_LOCATION,supported,supported,supported,supported,supported,unsupported
http2,default.constants.HTTP2_HEADER_CONTENT_MD5,supported,supported,supported,supported,supported,unsupported
http2,default.constants.HTTP2_HEADER_CONTENT_RANGE,supported,supported,supported,supported,supported,unsupported
http2,default.constants.HTTP2_HEADER_CONTENT_SECURITY_POLICY,supported,supported,supported,supported,supported,unsupported
http2,default.constants.HTTP2_HEADER_CONTENT_TYPE,supported,supported,supported,supported,supported,unsupported
http2,default.constants.HTTP2_HEADER_COOKIE,supported,supported,supported,supported,supported,unsupported
http2,default.constants.HTTP2_HEADER_DATE,supported,supported,supported,supported,supported,unsupported
http2,default.constants.HTTP2_HEADER_DNT,supported,supported,supported,supported,supported,unsupported
http2,default.constants.HTTP2_HEADER_EARLY_DATA,supported,supported,supported,supported,supported,unsupported
http2,default.constants.HTTP2_HEADER_ETAG,supported,supported,supported,supported,supported,unsupported
http2,default.constants.HTTP2_HEADER_EXPECT,supported,supported,supported,supported,supported,unsupported
http2,default.constants.HTTP2_HEADER_EXPECT_CT,supported,supported,supported,supported,supported,unsupported
http2,default.constants.HTTP2_HEADER_EXPIRES,supported,supported,supported,supported,supported,unsupported
http2,default.constants.HTTP2_HEADER_FORWARDED,supported,supported,supported,supported,supported,unsupported
http2,default.constants.HTTP2_HEADER_FROM,supported,supported,supported,supported,supported,unsupported
http2,default.constants.HTTP2_HEADER_HOST,supported,supported,supported,supported,supported,unsupported
http2,default.constants.HTTP2_HEADER_HTTP2_SETTINGS,supported,supported,supported,supported,supported,unsupported
http2,default.constants.HTTP2_HEADER_IF_MATCH,supported,supported,supported,supported,supported,unsupported
http2,default.constants.HTTP2_HEADER_IF_MODIFIED_SINCE,supported,supported,supported,supported,supported,unsupported
http2,default.constants.HTTP2_HEADER_IF_NONE_MATCH,supported,supported,supported,supported,supported,unsupported
http2,default.constants.HTTP2_HEADER_IF_RANGE,supported,supported,supported,supported,supported,unsupported
http2,default.constants.HTTP2_HEADER_IF_UNMODIFIED_SINCE,supported,supported,supported,supported,supported,unsupported
http2,default.constants.HTTP2_HEADER_KEEP_ALIVE,supported,supported,supported,supported,supported,unsupported
http2,default.constants.HTTP2_HEADER_LAST_MODIFIED,supported,supported,supported,supported,supported,unsupported
http2,default.constants.HTTP2_HEADER_LINK,supported,supported,supported,supported,supported,unsupported
http2,default.constants.HTTP2_HEADER_LOCATION,supported,supported,supported,supported,supported,unsupported
http2,default.constants.HTTP2_HEADER_MAX_FORWARDS,supported,supported,supported,supported,supported,unsupported
http2,default.constants.HTTP2_HEADER_METHOD,supported,supported,supported,supported,supported,unsupported
http2,default.constants.HTTP2_HEADER_ORIGIN,supported,supported,supported,supported,supported,unsupported
http2,default.constants.HTTP2_HEADER_PATH,supported,supported,supported,supported,supported,unsupported
http2,default.constants.HTTP2_HEADER_PREFER,supported,supported,supported,supported,supported,unsupported
http2,default.constants.HTTP2_HEADER_PRIORITY,supported,supported,supported,supported,supported,unsupported
http2,default.constants.HTTP2_HEADER_PROTOCOL,supported,supported,supported,supported,supported,unsupported
http2,default.constants.HTTP2_HEADER_PROXY_AUTHENTICATE,supported,supported,supported,supported,supported,unsupported
http2,default.constants.HTTP2_HEADER_PROXY_AUTHORIZATION,supported,supported,supported,supported,supported,unsupported
http2,default.constants.HTTP2_HEADER_PROXY_CONNECTION,supported,supported,supported,supported,supported,unsupported
http2,default.constants.HTTP2_HEADER_PURPOSE,supported,supported,supported,supported,supported,unsupported
http2,default.constants.HTTP2_HEADER_RANGE,supported,supported,supported,supported,supported,unsupported
http2,default.constants.HTTP2_HEADER_REFERER,supported,supported,supported,supported,supported,unsupported
http2,default.constants.HTTP2_HEADER_REFRESH,supported,supported,supported,supported,supported,unsupported
http2,default.constants.HTTP2_HEADER_RETRY_AFTER,supported,supported,supported,supported,supported,unsupported
http2,default.constants.HTTP2_HEADER_SCHEME,supported,supported,supported,supported,supported,unsupported
http2,default.constants.HTTP2_HEADER_SERVER,supported,supported,supported,supported,supported,unsupported
http2,default.constants.HTTP2_HEADER_SET_COOKIE,supported,supported,supported,supported,supported,unsupported
http2,default.constants.HTTP2_HEADER_STATUS,supported,supported,supported,supported,supported,unsupported
http2,default.constants.HTTP2_HEADER_STRICT_TRANSPORT_SECURITY,supported,supported,supported,supported,supported,unsupported
http2,default.constants.HTTP2_HEADER_TE,supported,supported,supported,supported,supported,unsupported
http2,default.constants.HTTP2_HEADER_TIMING_ALLOW_ORIGIN,supported,supported,supported,supported,supported,unsupported
http2,default.constants.HTTP2_HEADER_TK,supported,supported,supported,supported,supported,unsupported
http2,default.constants.HTTP2_HEADER_TRAILER,supported,supported,supported,supported,supported,unsupported
http2,default.constants.HTTP2_HEADER_TRANSFER_ENCODING,supported,supported,supported,supported,supported,unsupported
http2,default.constants.HTTP2_HEADER_UPGRADE,supported,supported,supported,supported,supported,unsupported
http2,default.constants.HTTP2_HEADER_UPGRADE_INSECURE_REQUESTS,supported,supported,supported,supported,supported,unsupported
http2,default.constants.HTTP2_HEADER_USER_AGENT,supported,supported,supported,supported,supported,unsupported
http2,default.constants.HTTP2_HEADER_VARY,supported,supported,supported,supported,supported,unsupported
http2,default.constants.HTTP2_HEADER_VIA,supported,supported,supported,supported,supported,unsupported
http2,default.constants.HTTP2_HEADER_WARNING,supported,supported,supported,supported,supported,unsupported
http2,default.constants.HTTP2_HEADER_WWW_AUTHENTICATE,supported,supported,supported,supported,supported,unsupported
http2,default.constants.HTTP2_HEADER_X_CONTENT_TYPE_OPTIONS,supported,supported,supported,supported,supported,unsupported
http2,default.constants.HTTP2_HEADER_X_FORWARDED_FOR,supported,supported,supported,supported,supported,unsupported
http2,default.constants.HTTP2_HEADER_X_FRAME_OPTIONS,supported,supported,supported,supported,supported,unsupported
http2,default.constants.HTTP2_HEADER_X_XSS_PROTECTION,supported,supported,supported,supported,supported,unsupported
http2,default.constants.HTTP2_METHOD_ACL,supported,supported,supported,supported,supported,unsupported
http2,default.constants.HTTP2_METHOD_BASELINE_CONTROL,supported,supported,supported,supported,supported,unsupported
http2,default.constants.HTTP2_METHOD_BIND,supported,supported,supported,supported,supported,unsupported
http2,default.constants.HTTP2_METHOD_CHECKIN,supported,supported,supported,supported,supported,unsupported
http2,default.constants.HTTP2_METHOD_CHECKOUT,supported,supported,supported,supported,supported,unsupported
http2,default.constants.HTTP2_METHOD_CONNECT,supported,supported,supported,supported,supported,unsupported
http2,default.constants.HTTP2_METHOD_COPY,supported,supported,supported,supported,supported,unsupported
http2,default.constants.HTTP2_METHOD_DELETE,supported,supported,supported,supported,supported,unsupported
http2,default.constants.HTTP2_METHOD_GET,supported,supported,supported,supported,supported,unsupported
http2,default.constants.HTTP2_METHOD_HEAD,supported,supported,supported,supported,supported,unsupported
http2,default.constants.HTTP2_METHOD_LABEL,supported,supported,supported,supported,supported,unsupported
http2,default.constants.HTTP2_METHOD_LINK,supported,supported,supported,supported,supported,unsupported
http2,default.constants.HTTP2_METHOD_LOCK,supported,supported,supported,supported,supported,unsupported
http2,default.constants.HTTP2_METHOD_MERGE,supported,supported,supported,supported,supported,unsupported
http2,default.constants.HTTP2_METHOD_MKACTIVITY,supported,supported,supported,supported,supported,unsupported
http2,default.constants.HTTP2_METHOD_MKCALENDAR,supported,supported,supported,supported,supported,unsupported
http2,default.constants.HTTP2_METHOD_MKCOL,supported,supported,supported,supported,supported,unsupported
http2,default.constants.HTTP2_METHOD_MKREDIRECTREF,supported,supported,supported,supported,supported,unsupported
http2,default.constants.HTTP2_METHOD_MKWORKSPACE,supported,supported,supported,supported,supported,unsupported
http2,default.constants.HTTP2_METHOD_MOVE,supported,supported,supported,supported,supported,unsupported
http2,default.constants.HTTP2_METHOD_OPTIONS,supported,supported,supported,supported,supported,unsupported
http2,default.constants.HTTP2_METHOD_ORDERPATCH,supported,supported,supported,supported,supported,unsupported
http2,default.constants.HTTP2_METHOD_PATCH,supported,supported,supported,supported,supported,unsupported
http2,default.constants.HTTP2_METHOD_POST,supported,supported,supported,supported,supported,unsupported
http2,default.constants.HTTP2_METHOD_PRI,supported,supported,supported,supported,supported,unsupported
http2,default.constants.HTTP2_METHOD_PROPFIND,supported,supported,supported,supported,supported,unsupported
http2,default.constants.HTTP2_METHOD_PROPPATCH,supported,supported,supported,supported,supported,unsupported
http2,default.constants.HTTP2_METHOD_PUT,supported,supported,supported,supported,supported,unsupported
http2,default.constants.HTTP2_METHOD_REBIND,supported,supported,supported,supported,supported,unsupported
http2,default.constants.HTTP2_METHOD_REPORT,supported,supported,supported,supported,supported,unsupported
http2,default.constants.HTTP2_METHOD_SEARCH,supported,supported,supported,supported,supported,unsupported
http2,default.constants.HTTP2_METHOD_TRACE,supported,supported,supported,supported,supported,unsupported
http2,default.constants.HTTP2_METHOD_UNBIND,supported,supported,supported,supported,supported,unsupported
http2,default.constants.HTTP2_METHOD_UNCHECKOUT,supported,supported,supported,supported,supported,unsupported
http2,default.constants.HTTP2_METHOD_UNLINK,supported,supported,supported,supported,supported,unsupported
http2,default.constants.HTTP2_METHOD_UNLOCK,supported,supported,supported,supported,supported,unsupported
http2,default.constants.HTTP2_METHOD_UPDATE,supported,supported,supported,supported,supported,unsupported
http2,default.constants.HTTP2_METHOD_UPDATEREDIRECTREF,supported,supported,supported,supported,supported,unsupported
http2,default.constants.HTTP2_METHOD_VERSION_CONTROL,supported,supported,supported,supported,supported,unsupported
http2,default.constants.HTTP_STATUS_ACCEPTED,supported,supported,supported,supported,supported,unsupported
http2,default.constants.HTTP_STATUS_ALREADY_REPORTED,supported,supported,supported,supported,supported,unsupported
http2,default.constants.HTTP_STATUS_BAD_GATEWAY,supported,supported,supported,supported,supported,unsupported
http2,default.constants.HTTP_STATUS_BAD_REQUEST,supported,supported,supported,supported,supported,unsupported
http2,default.constants.HTTP_STATUS_BANDWIDTH_LIMIT_EXCEEDED,supported,supported,supported,supported,supported,unsupported
http2,default.constants.HTTP_STATUS_CONFLICT,supported,supported,supported,supported,supported,unsupported
http2,default.constants.HTTP_STATUS_CONTINUE,supported,supported,supported,supported,supported,unsupported
http2,default.constants.HTTP_STATUS_CREATED,supported,supported,supported,supported,supported,unsupported
http2,default.constants.HTTP_STATUS_EARLY_HINTS,supported,supported,supported,supported,supported,unsupported
http2,default.constants.HTTP_STATUS_EXPECTATION_FAILED,supported,supported,supported,supported,supported,unsupported
http2,default.constants.HTTP_STATUS_FAILED_DEPENDENCY,supported,supported,supported,supported,supported,unsupported
http2,default.constants.HTTP_STATUS_FORBIDDEN,supported,supported,supported,supported,supported,unsupported
http2,default.constants.HTTP_STATUS_FOUND,supported,supported,supported,supported,supported,unsupported
http2,default.constants.HTTP_STATUS_GATEWAY_TIMEOUT,supported,supported,supported,supported,supported,unsupported
http2,default.constants.HTTP_STATUS_GONE,supported,supported,supported,supported,supported,unsupported
http2,default.constants.HTTP_STATUS_HTTP_VERSION_NOT_SUPPORTED,supported,supported,supported,supported,supported,unsupported
http2,default.constants.HTTP_STATUS_IM_USED,supported,supported,supported,supported,supported,unsupported
http2,default.constants.HTTP_STATUS_INSUFFICIENT_STORAGE,supported,supported,supported,supported,supported,unsupported
http2,default.constants.HTTP_STATUS_INTERNAL_SERVER_ERROR,supported,supported,supported,supported,supported,unsupported
http2,default.constants.HTTP_STATUS_LENGTH_REQUIRED,supported,supported,supported,supported,supported,unsupported
http2,default.constants.HTTP_STATUS_LOCKED,supported,supported,supported,supported,supported,unsupported
http2,default.constants.HTTP_STATUS_LOOP_DETECTED,supported,supported,supported,supported,supported,unsupported
http2,default.constants.HTTP_STATUS_METHOD_NOT_ALLOWED,supported,supported,supported,supported,supported,unsupported
http2,default.constants.HTTP_STATUS_MISDIRECTED_REQUEST,supported,supported,supported,supported,supported,unsupported
http2,default.constants.HTTP_STATUS_MOVED_PERMANENTLY,supported,supported,supported,supported,supported,unsupported
http2,default.constants.HTTP_STATUS_MULTIPLE_CHOICES,supported,supported,supported,supported,supported,unsupported
http2,default.constants.HTTP_STATUS_MULTI_STATUS,supported,supported,supported,supported,supported,unsupported
http2,default.constants.HTTP_STATUS_NETWORK_AUTHENTICATION_REQUIRED,supported,supported,supported,supported,supported,unsupported
http2,default.constants.HTTP_STATUS_NON_AUTHORITATIVE_INFORMATION,supported,supported,supported,supported,supported,unsupported
http2,default.constants.HTTP_STATUS_NOT_ACCEPTABLE,supported,supported,supported,supported,supported,unsupported
http2,default.constants.HTTP_STATUS_NOT_EXTENDED,supported,supported,supported,supported,supported,unsupported
http2,default.constants.HTTP_STATUS_NOT_FOUND,supported,supported,supported,supported,supported,unsupported
http2,default.constants.HTTP_STATUS_NOT_IMPLEMENTED,supported,supported,supported,supported,supported,unsupported
http2,default.constants.HTTP_STATUS_NOT_MODIFIED,supported,supported,supported,supported,supported,unsupported
http2,default.constants.HTTP_STATUS_NO_CONTENT,supported,supported,supported,supported,supported,unsupported
http2,default.constants.HTTP_STATUS_OK,supported,supported,supported,supported,supported,unsupported
http2,default.constants.HTTP_STATUS_PARTIAL_CONTENT,supported,supported,supported,supported,supported,unsupported
http2,default.constants.HTTP_STATUS_PAYLOAD_TOO_LARGE,supported,supported,supported,supported,supported,unsupported
http2,default.constants.HTTP_STATUS_PAYMENT_REQUIRED,supported,supported,supported,supported,supported,unsupported
http2,default.constants.HTTP_STATUS_PERMANENT_REDIRECT,supported,supported,supported,supported,supported,unsupported
http2,default.constants.HTTP_STATUS_PRECONDITION_FAILED,supported,supported,supported,supported,supported,unsupported
http2,default.constants.HTTP_STATUS_PRECONDITION_REQUIRED,supported,supported,supported,supported,supported,unsupported
http2,default.constants.HTTP_STATUS_PROCESSING,supported,supported,supported,supported,supported,unsupported
http2,default.constants.HTTP_STATUS_PROXY_AUTHENTICATION_REQUIRED,supported,supported,supported,supported,supported,unsupported
http2,default.constants.HTTP_STATUS_RANGE_NOT_SATISFIABLE,supported,supported,supported,supported,supported,unsupported
http2,default.constants.HTTP_STATUS_REQUEST_HEADER_FIELDS_TOO_LARGE,supported,supported,supported,supported,supported,unsupported
http2,default.constants.HTTP_STATUS_REQUEST_TIMEOUT,supported,supported,supported,supported,supported,unsupported
http2,default.constants.HTTP_STATUS_RESET_CONTENT,supported,supported,supported,supported,supported,unsupported
http2,default.constants.HTTP_STATUS_SEE_OTHER,supported,supported,supported,supported,supported,unsupported
http2,default.constants.HTTP_STATUS_SERVICE_UNAVAILABLE,supported,supported,supported,supported,supported,unsupported
http2,default.constants.HTTP_STATUS_SWITCHING_PROTOCOLS,supported,supported,supported,supported,supported,unsupported
http2,default.constants.HTTP_STATUS_TEAPOT,supported,supported,supported,supported,supported,unsupported
http2,default.constants.HTTP_STATUS_TEMPORARY_REDIRECT,supported,supported,supported,supported,supported,unsupported
http2,default.constants.HTTP_STATUS_TOO_EARLY,supported,supported,supported,supported,supported,unsupported
http2,default.constants.HTTP_STATUS_TOO_MANY_REQUESTS,supported,supported,supported,supported,supported,unsupported
http2,default.constants.HTTP_STATUS_UNAUTHORIZED,supported,supported,supported,supported,supported,unsupported
http2,default.constants.HTTP_STATUS_UNAVAILABLE_FOR_LEGAL_REASONS,supported,supported,supported,supported,supported,unsupported
http2,default.constants.HTTP_STATUS_UNPROCESSABLE_ENTITY,supported,supported,supported,supported,supported,unsupported
http2,default.constants.HTTP_STATUS_UNSUPPORTED_MEDIA_TYPE,supported,supported,supported,supported,supported,unsupported
http2,default.constants.HTTP_STATUS_UPGRADE_REQUIRED,supported,supported,supported,supported,supported,unsupported
http2,default.constants.HTTP_STATUS_URI_TOO_LONG,supported,supported,supported,supported,supported,unsupported
http2,default.constants.HTTP_STATUS_USE_PROXY,supported,supported,supported,supported,supported,unsupported
http2,default.constants.HTTP_STATUS_VARIANT_ALSO_NEGOTIATES,supported,supported,supported,supported,supported,unsupported
http2,default.constants.MAX_INITIAL_WINDOW_SIZE,supported,supported,supported,supported,supported,unsupported
http2,default.constants.MAX_MAX_FRAME_SIZE,supported,supported,supported,supported,supported,unsupported
http2,default.constants.MIN_MAX_FRAME_SIZE,supported,supported,supported,supported,supported,unsupported
http2,default.constants.NGHTTP2_CANCEL,supported,supported,supported,supported,supported,unsupported
http2,default.constants.NGHTTP2_COMPRESSION_ERROR,supported,supported,supported,supported,supported,unsupported
http2,default.constants.NGHTTP2_CONNECT_ERROR,supported,supported,supported,supported,supported,unsupported
http2,default.constants.NGHTTP2_DEFAULT_WEIGHT,supported,supported,supported,supported,supported,unsupported
http2,default.constants.NGHTTP2_ENHANCE_YOUR_CALM,supported,supported,supported,supported,supported,unsupported
http2,default.constants.NGHTTP2_ERR_DEFERRED,supported,supported,unsupported,unsupported,unsupported,unsupported
http2,default.constants.NGHTTP2_ERR_FRAME_SIZE_ERROR,supported,supported,supported,supported,supported,unsupported
http2,default.constants.NGHTTP2_ERR_INVALID_ARGUMENT,supported,supported,unsupported,unsupported,unsupported,unsupported
http2,default.constants.NGHTTP2_ERR_NOMEM,supported,supported,unsupported,unsupported,unsupported,unsupported
http2,default.constants.NGHTTP2_ERR_STREAM_CLOSED,supported,supported,unsupported,unsupported,unsupported,unsupported
http2,default.constants.NGHTTP2_ERR_STREAM_ID_NOT_AVAILABLE,supported,supported,unsupported,unsupported,unsupported,unsupported
http2,default.constants.NGHTTP2_FLAG_ACK,supported,supported,supported,supported,supported,unsupported
http2,default.constants.NGHTTP2_FLAG_END_HEADERS,supported,supported,supported,supported,supported,unsupported
http2,default.constants.NGHTTP2_FLAG_END_STREAM,supported,supported,supported,supported,supported,unsupported
http2,default.constants.NGHTTP2_FLAG_NONE,supported,supported,supported,supported,supported,unsupported
http2,default.constants.NGHTTP2_FLAG_PADDED,supported,supported,supported,supported,supported,unsupported
http2,default.constants.NGHTTP2_FLAG_PRIORITY,supported,supported,supported,supported,supported,unsupported
http2,default.constants.NGHTTP2_FLOW_CONTROL_ERROR,supported,supported,supported,supported,supported,unsupported
http2,default.constants.NGHTTP2_FRAME_SIZE_ERROR,supported,supported,supported,supported,supported,unsupported
http2,default.constants.NGHTTP2_HCAT_HEADERS,supported,supported,unsupported,unsupported,unsupported,unsupported
http2,default.constants.NGHTTP2_HCAT_PUSH_RESPONSE,supported,supported,unsupported,unsupported,unsupported,unsupported
http2,default.constants.NGHTTP2_HCAT_REQUEST,supported,supported,unsupported,unsupported,unsupported,unsupported
http2,default.constants.NGHTTP2_HCAT_RESPONSE,supported,supported,unsupported,unsupported,unsupported,unsupported
http2,default.constants.NGHTTP2_HTTP_1_1_REQUIRED,supported,supported,supported,supported,supported,unsupported
http2,default.constants.NGHTTP2_INADEQUATE_SECURITY,supported,supported,supported,supported,supported,unsupported
http2,default.constants.NGHTTP2_INTERNAL_ERROR,supported,supported,supported,supported,supported,unsupported
http2,default.constants.NGHTTP2_NO_ERROR,supported,supported,supported,supported,supported,unsupported
http2,default.constants.NGHTTP2_NV_FLAG_NONE,supported,supported,unsupported,unsupported,supported,unsupported
http2,default.constants.NGHTTP2_NV_FLAG_NO_INDEX,supported,supported,unsupported,unsupported,supported,unsupported
http2,default.constants.NGHTTP2_PROTOCOL_ERROR,supported,supported,supported,supported,supported,unsupported
http2,default.constants.NGHTTP2_REFUSED_STREAM,supported,supported,supported,supported,supported,unsupported
http2,default.constants.NGHTTP2_SESSION_CLIENT,supported,supported,supported,supported,supported,unsupported
http2,default.constants.NGHTTP2_SESSION_SERVER,supported,supported,supported,supported,supported,unsupported
http2,default.constants.NGHTTP2_SETTINGS_ENABLE_CONNECT_PROTOCOL,supported,supported,supported,supported,supported,unsupported
http2,default.constants.NGHTTP2_SETTINGS_ENABLE_PUSH,supported,supported,supported,supported,supported,unsupported
http2,default.constants.NGHTTP2_SETTINGS_HEADER_TABLE_SIZE,supported,supported,supported,supported,supported,unsupported
http2,default.constants.NGHTTP2_SETTINGS_INITIAL_WINDOW_SIZE,supported,supported,supported,supported,supported,unsupported
http2,default.constants.NGHTTP2_SETTINGS_MAX_CONCURRENT_STREAMS,supported,supported,supported,supported,supported,unsupported
http2,default.constants.NGHTTP2_SETTINGS_MAX_FRAME_SIZE,supported,supported,supported,supported,supported,unsupported
http2,default.constants.NGHTTP2_SETTINGS_MAX_HEADER_LIST_SIZE,supported,supported,supported,supported,supported,unsupported
http2,default.constants.NGHTTP2_SETTINGS_TIMEOUT,supported,supported,supported,supported,supported,unsupported
http2,default.constants.NGHTTP2_STREAM_CLOSED,supported,supported,supported,supported,supported,unsupported
http2,default.constants.NGHTTP2_STREAM_STATE_CLOSED,supported,supported,supported,supported,supported,unsupported
http2,default.constants.NGHTTP2_STREAM_STATE_HALF_CLOSED_LOCAL,supported,supported,supported,supported,supported,unsupported
http2,default.constants.NGHTTP2_STREAM_STATE_HALF_CLOSED_REMOTE,supported,supported,supported,supported,supported,unsupported
http2,default.constants.NGHTTP2_STREAM_STATE_IDLE,supported,supported,supported,supported,supported,unsupported
http2,default.constants.NGHTTP2_STREAM_STATE_OPEN,supported,supported,supported,supported,supported,unsupported
http2,default.constants.NGHTTP2_STREAM_STATE_RESERVED_LOCAL,supported,supported,supported,supported,supported,unsupported
http2,default.constants.NGHTTP2_STREAM_STATE_RESERVED_REMOTE,supported,supported,supported,supported,supported,unsupported
http2,default.constants.PADDING_STRATEGY_ALIGNED,supported,supported,supported,supported,supported,unsupported
http2,default.constants.PADDING_STRATEGY_CALLBACK,supported,supported,supported,supported,supported,unsupported
http2,default.constants.PADDING_STRATEGY_MAX,supported,supported,supported,supported,supported,unsupported
http2,default.constants.PADDING_STRATEGY_NONE,supported,supported,supported,supported,supported,unsupported
http2,default.constants.STREAM_OPTION_EMPTY_PAYLOAD,supported,supported,unsupported,unsupported,unsupported,unsupported
http2,default.constants.STREAM_OPTION_GET_TRAILERS,supported,supported,unsupported,unsupported,unsupported,unsupported
http2,default.createSecureServer,supported,supported,stub,supported,stub,unsupported
http2,default.createServer,supported,supported,stub,supported,supported,unsupported
http2,default.getDefaultSettings,supported,supported,supported,supported,stub,unsupported
http2,default.getPackedSettings,supported,supported,supported,supported,stub,unsupported
http2,default.getUnpackedSettings,supported,supported,supported,supported,stub,unsupported
http2,default.performServerHandshake,supported,supported,stub,unsupported,unsupported,unsupported
http2,default.sensitiveHeaders,supported,supported,supported,supported,supported,unsupported
http2,Http2ServerRequest,supported,supported,supported,supported,supported,unsupported
http2,Http2ServerResponse,supported,supported,supported,supported,supported,unsupported
http2,connect,supported,supported,stub,supported,supported,unsupported
http2,constants.*self*,supported,supported,supported,supported,supported,unsupported
http2,constants.DEFAULT_SETTINGS_ENABLE_CONNECT_PROTOCOL,supported,supported,supported,supported,supported,unsupported
http2,constants.DEFAULT_SETTINGS_ENABLE_PUSH,supported,supported,supported,supported,supported,unsupported
http2,constants.DEFAULT_SETTINGS_HEADER_TABLE_SIZE,supported,supported,supported,supported,supported,unsupported
http2,constants.DEFAULT_SETTINGS_INITIAL_WINDOW_SIZE,supported,supported,supported,supported,supported,unsupported
http2,constants.DEFAULT_SETTINGS_MAX_CONCURRENT_STREAMS,supported,supported,supported,supported,supported,unsupported
http2,constants.DEFAULT_SETTINGS_MAX_FRAME_SIZE,supported,supported,supported,supported,supported,unsupported
http2,constants.DEFAULT_SETTINGS_MAX_HEADER_LIST_SIZE,supported,supported,supported,supported,supported,unsupported
http2,constants.HTTP2_HEADER_ACCEPT,supported,supported,supported,supported,supported,unsupported
http2,constants.HTTP2_HEADER_ACCEPT_CHARSET,supported,supported,supported,supported,supported,unsupported
http2,constants.HTTP2_HEADER_ACCEPT_ENCODING,supported,supported,supported,supported,supported,unsupported
http2,constants.HTTP2_HEADER_ACCEPT_LANGUAGE,supported,supported,supported,supported,supported,unsupported
http2,constants.HTTP2_HEADER_ACCEPT_RANGES,supported,supported,supported,supported,supported,unsupported
http2,constants.HTTP2_HEADER_ACCESS_CONTROL_ALLOW_CREDENTIALS,supported,supported,supported,supported,supported,unsupported
http2,constants.HTTP2_HEADER_ACCESS_CONTROL_ALLOW_HEADERS,supported,supported,supported,supported,supported,unsupported
http2,constants.HTTP2_HEADER_ACCESS_CONTROL_ALLOW_METHODS,supported,supported,supported,supported,supported,unsupported
http2,constants.HTTP2_HEADER_ACCESS_CONTROL_ALLOW_ORIGIN,supported,supported,supported,supported,supported,unsupported
http2,constants.HTTP2_HEADER_ACCESS_CONTROL_EXPOSE_HEADERS,supported,supported,supported,supported,supported,unsupported
http2,constants.HTTP2_HEADER_ACCESS_CONTROL_MAX_AGE,supported,supported,supported,supported,supported,unsupported
http2,constants.HTTP2_HEADER_ACCESS_CONTROL_REQUEST_HEADERS,supported,supported,supported,supported,supported,unsupported
http2,constants.HTTP2_HEADER_ACCESS_CONTROL_REQUEST_METHOD,supported,supported,supported,supported,supported,unsupported
http2,constants.HTTP2_HEADER_AGE,supported,supported,supported,supported,supported,unsupported
http2,constants.HTTP2_HEADER_ALLOW,supported,supported,supported,supported,supported,unsupported
http2,constants.HTTP2_HEADER_ALT_SVC,supported,supported,supported,supported,supported,unsupported
http2,constants.HTTP2_HEADER_AUTHORITY,supported,supported,supported,supported,supported,unsupported
http2,constants.HTTP2_HEADER_AUTHORIZATION,supported,supported,supported,supported,supported,unsupported
http2,constants.HTTP2_HEADER_CACHE_CONTROL,supported,supported,supported,supported,supported,unsupported
http2,constants.HTTP2_HEADER_CONNECTION,supported,supported,supported,supported,supported,unsupported
http2,constants.HTTP2_HEADER_CONTENT_DISPOSITION,supported,supported,supported,supported,supported,unsupported
http2,constants.HTTP2_HEADER_CONTENT_ENCODING,supported,supported,supported,supported,supported,unsupported
http2,constants.HTTP2_HEADER_CONTENT_LANGUAGE,supported,supported,supported,supported,supported,unsupported
http2,constants.HTTP2_HEADER_CONTENT_LENGTH,supported,supported,supported,supported,supported,unsupported
http2,constants.HTTP2_HEADER_CONTENT_LOCATION,supported,supported,supported,supported,supported,unsupported
http2,constants.HTTP2_HEADER_CONTENT_MD5,supported,supported,supported,supported,supported,unsupported
http2,constants.HTTP2_HEADER_CONTENT_RANGE,supported,supported,supported,supported,supported,unsupported
http2,constants.HTTP2_HEADER_CONTENT_SECURITY_POLICY,supported,supported,supported,supported,supported,unsupported
http2,constants.HTTP2_HEADER_CONTENT_TYPE,supported,supported,supported,supported,supported,unsupported
http2,constants.HTTP2_HEADER_COOKIE,supported,supported,supported,supported,supported,unsupported
http2,constants.HTTP2_HEADER_DATE,supported,supported,supported,supported,supported,unsupported
http2,constants.HTTP2_HEADER_DNT,supported,supported,supported,supported,supported,unsupported
http2,constants.HTTP2_HEADER_EARLY_DATA,supported,supported,supported,supported,supported,unsupported
http2,constants.HTTP2_HEADER_ETAG,supported,supported,supported,supported,supported,unsupported
http2,constants.HTTP2_HEADER_EXPECT,supported,supported,supported,supported,supported,unsupported
http2,constants.HTTP2_HEADER_EXPECT_CT,supported,supported,supported,supported,supported,unsupported
http2,constants.HTTP2_HEADER_EXPIRES,supported,supported,supported,supported,supported,unsupported
http2,constants.HTTP2_HEADER_FORWARDED,supported,supported,supported,supported,supported,unsupported
http2,constants.HTTP2_HEADER_FROM,supported,supported,supported,supported,supported,unsupported
http2,constants.HTTP2_HEADER_HOST,supported,supported,supported,supported,supported,unsupported
http2,constants.HTTP2_HEADER_HTTP2_SETTINGS,supported,supported,supported,supported,supported,unsupported
http2,constants.HTTP2_HEADER_IF_MATCH,supported,supported,supported,supported,supported,unsupported
http2,constants.HTTP2_HEADER_IF_MODIFIED_SINCE,supported,supported,supported,supported,supported,unsupported
http2,constants.HTTP2_HEADER_IF_NONE_MATCH,supported,supported,supported,supported,supported,unsupported
http2,constants.HTTP2_HEADER_IF_RANGE,supported,supported,supported,supported,supported,unsupported
http2,constants.HTTP2_HEADER_IF_UNMODIFIED_SINCE,supported,supported,supported,supported,supported,unsupported
http2,constants.HTTP2_HEADER_KEEP_ALIVE,supported,supported,supported,supported,supported,unsupported
http2,constants.HTTP2_HEADER_LAST_MODIFIED,supported,supported,supported,supported,supported,unsupported
http2,constants.HTTP2_HEADER_LINK,supported,supported,supported,supported,supported,unsupported
http2,constants.HTTP2_HEADER_LOCATION,supported,supported,supported,supported,supported,unsupported
http2,constants.HTTP2_HEADER_MAX_FORWARDS,supported,supported,supported,supported,supported,unsupported
http2,constants.HTTP2_HEADER_METHOD,supported,supported,supported,supported,supported,unsupported
http2,constants.HTTP2_HEADER_ORIGIN,supported,supported,supported,supported,supported,unsupported
http2,constants.HTTP2_HEADER_PATH,supported,supported,supported,supported,supported,unsupported
http2,constants.HTTP2_HEADER_PREFER,supported,supported,supported,supported,supported,unsupported
http2,constants.HTTP2_HEADER_PRIORITY,supported,supported,supported,supported,supported,unsupported
http2,constants.HTTP2_HEADER_PROTOCOL,supported,supported,supported,supported,supported,unsupported
http2,constants.HTTP2_HEADER_PROXY_AUTHENTICATE,supported,supported,supported,supported,supported,unsupported
http2,constants.HTTP2_HEADER_PROXY_AUTHORIZATION,supported,supported,supported,supported,supported,unsupported
http2,constants.HTTP2_HEADER_PROXY_CONNECTION,supported,supported,supported,supported,supported,unsupported
http2,constants.HTTP2_HEADER_PURPOSE,supported,supported,supported,supported,supported,unsupported
http2,constants.HTTP2_HEADER_RANGE,supported,supported,supported,supported,supported,unsupported
http2,constants.HTTP2_HEADER_REFERER,supported,supported,supported,supported,supported,unsupported
http2,constants.HTTP2_HEADER_REFRESH,supported,supported,supported,supported,supported,unsupported
http2,constants.HTTP2_HEADER_RETRY_AFTER,supported,supported,supported,supported,supported,unsupported
http2,constants.HTTP2_HEADER_SCHEME,supported,supported,supported,supported,supported,unsupported
http2,constants.HTTP2_HEADER_SERVER,supported,supported,supported,supported,supported,unsupported
http2,constants.HTTP2_HEADER_SET_COOKIE,supported,supported,supported,supported,supported,unsupported
http2,constants.HTTP2_HEADER_STATUS,supported,supported,supported,supported,supported,unsupported
http2,constants.HTTP2_HEADER_STRICT_TRANSPORT_SECURITY,supported,supported,supported,supported,supported,unsupported
http2,constants.HTTP2_HEADER_TE,supported,supported,supported,supported,supported,unsupported
http2,constants.HTTP2_HEADER_TIMING_ALLOW_ORIGIN,supported,supported,supported,supported,supported,unsupported
http2,constants.HTTP2_HEADER_TK,supported,supported,supported,supported,supported,unsupported
http2,constants.HTTP2_HEADER_TRAILER,supported,supported,supported,supported,supported,unsupported
http2,constants.HTTP2_HEADER_TRANSFER_ENCODING,supported,supported,supported,supported,supported,unsupported
http2,constants.HTTP2_HEADER_UPGRADE,supported,supported,supported,supported,supported,unsupported
http2,constants.HTTP2_HEADER_UPGRADE_INSECURE_REQUESTS,supported,supported,supported,supported,supported,unsupported
http2,constants.HTTP2_HEADER_USER_AGENT,supported,supported,supported,supported,supported,unsupported
http2,constants.HTTP2_HEADER_VARY,supported,supported,supported,supported,supported,unsupported
http2,constants.HTTP2_HEADER_VIA,supported,supported,supported,supported,supported,unsupported
http2,constants.HTTP2_HEADER_WARNING,supported,supported,supported,supported,supported,unsupported
http2,constants.HTTP2_HEADER_WWW_AUTHENTICATE,supported,supported,supported,supported,supported,unsupported
http2,constants.HTTP2_HEADER_X_CONTENT_TYPE_OPTIONS,supported,supported,supported,supported,supported,unsupported
http2,constants.HTTP2_HEADER_X_FORWARDED_FOR,supported,supported,supported,supported,supported,unsupported
http2,constants.HTTP2_HEADER_X_FRAME_OPTIONS,supported,supported,supported,supported,supported,unsupported
http2,constants.HTTP2_HEADER_X_XSS_PROTECTION,supported,supported,supported,supported,supported,unsupported
http2,constants.HTTP2_METHOD_ACL,supported,supported,supported,supported,supported,unsupported
http2,constants.HTTP2_METHOD_BASELINE_CONTROL,supported,supported,supported,supported,supported,unsupported
http2,constants.HTTP2_METHOD_BIND,supported,supported,supported,supported,supported,unsupported
http2,constants.HTTP2_METHOD_CHECKIN,supported,supported,supported,supported,supported,unsupported
http2,constants.HTTP2_METHOD_CHECKOUT,supported,supported,supported,supported,supported,unsupported
http2,constants.HTTP2_METHOD_CONNECT,supported,supported,supported,supported,supported,unsupported
http2,constants.HTTP2_METHOD_COPY,supported,supported,supported,supported,supported,unsupported
http2,constants.HTTP2_METHOD_DELETE,supported,supported,supported,supported,supported,unsupported
http2,constants.HTTP2_METHOD_GET,supported,supported,supported,supported,supported,unsupported
http2,constants.HTTP2_METHOD_HEAD,supported,supported,supported,supported,supported,unsupported
http2,constants.HTTP2_METHOD_LABEL,supported,supported,supported,supported,supported,unsupported
http2,constants.HTTP2_METHOD_LINK,supported,supported,supported,supported,supported,unsupported
http2,constants.HTTP2_METHOD_LOCK,supported,supported,supported,supported,supported,unsupported
http2,constants.HTTP2_METHOD_MERGE,supported,supported,supported,supported,supported,unsupported
http2,constants.HTTP2_METHOD_MKACTIVITY,supported,supported,supported,supported,supported,unsupported
http2,constants.HTTP2_METHOD_MKCALENDAR,supported,supported,supported,supported,supported,unsupported
http2,constants.HTTP2_METHOD_MKCOL,supported,supported,supported,supported,supported,unsupported
http2,constants.HTTP2_METHOD_MKREDIRECTREF,supported,supported,supported,supported,supported,unsupported
http2,constants.HTTP2_METHOD_MKWORKSPACE,supported,supported,supported,supported,supported,unsupported
http2,constants.HTTP2_METHOD_MOVE,supported,supported,supported,supported,supported,unsupported
http2,constants.HTTP2_METHOD_OPTIONS,supported,supported,supported,supported,supported,unsupported
http2,constants.HTTP2_METHOD_ORDERPATCH,supported,supported,supported,supported,supported,unsupported
http2,constants.HTTP2_METHOD_PATCH,supported,supported,supported,supported,supported,unsupported
http2,constants.HTTP2_METHOD_POST,supported,supported,supported,supported,supported,unsupported
http2,constants.HTTP2_METHOD_PRI,supported,supported,supported,supported,supported,unsupported
http2,constants.HTTP2_METHOD_PROPFIND,supported,supported,supported,supported,supported,unsupported
http2,constants.HTTP2_METHOD_PROPPATCH,supported,supported,supported,supported,supported,unsupported
http2,constants.HTTP2_METHOD_PUT,supported,supported,supported,supported,supported,unsupported
http2,constants.HTTP2_METHOD_REBIND,supported,supported,supported,supported,supported,unsupported
http2,constants.HTTP2_METHOD_REPORT,supported,supported,supported,supported,supported,unsupported
http2,constants.HTTP2_METHOD_SEARCH,supported,supported,supported,supported,supported,unsupported
http2,constants.HTTP2_METHOD_TRACE,supported,supported,supported,supported,supported,unsupported
http2,constants.HTTP2_METHOD_UNBIND,supported,supported,supported,supported,supported,unsupported
http2,constants.HTTP2_METHOD_UNCHECKOUT,supported,supported,supported,supported,supported,unsupported
http2,constants.HTTP2_METHOD_UNLINK,supported,supported,supported,supported,supported,unsupported
http2,constants.HTTP2_METHOD_UNLOCK,supported,supported,supported,supported,supported,unsupported
http2,constants.HTTP2_METHOD_UPDATE,supported,supported,supported,supported,supported,unsupported
http2,constants.HTTP2_METHOD_UPDATEREDIRECTREF,supported,supported,supported,supported,supported,unsupported
http2,constants.HTTP2_METHOD_VERSION_CONTROL,supported,supported,supported,supported,supported,unsupported
http2,constants.HTTP_STATUS_ACCEPTED,supported,supported,supported,supported,supported,unsupported
http2,constants.HTTP_STATUS_ALREADY_REPORTED,supported,supported,supported,supported,supported,unsupported
http2,constants.HTTP_STATUS_BAD_GATEWAY,supported,supported,supported,supported,supported,unsupported
http2,constants.HTTP_STATUS_BAD_REQUEST,supported,supported,supported,supported,supported,unsupported
http2,constants.HTTP_STATUS_BANDWIDTH_LIMIT_EXCEEDED,supported,supported,supported,supported,supported,unsupported
http2,constants.HTTP_STATUS_CONFLICT,supported,supported,supported,supported,supported,unsupported
http2,constants.HTTP_STATUS_CONTINUE,supported,supported,supported,supported,supported,unsupported
http2,constants.HTTP_STATUS_CREATED,supported,supported,supported,supported,supported,unsupported
http2,constants.HTTP_STATUS_EARLY_HINTS,supported,supported,supported,supported,supported,unsupported
http2,constants.HTTP_STATUS_EXPECTATION_FAILED,supported,supported,supported,supported,supported,unsupported
http2,constants.HTTP_STATUS_FAILED_DEPENDENCY,supported,supported,supported,supported,supported,unsupported
http2,constants.HTTP_STATUS_FORBIDDEN,supported,supported,supported,supported,supported,unsupported
http2,constants.HTTP_STATUS_FOUND,supported,supported,supported,supported,supported,unsupported
http2,constants.HTTP_STATUS_GATEWAY_TIMEOUT,supported,supported,supported,supported,supported,unsupported
http2,constants.HTTP_STATUS_GONE,supported,supported,supported,supported,supported,unsupported
http2,constants.HTTP_STATUS_HTTP_VERSION_NOT_SUPPORTED,supported,supported,supported,supported,supported,unsupported
http2,constants.HTTP_STATUS_IM_USED,supported,supported,supported,supported,supported,unsupported
http2,constants.HTTP_STATUS_INSUFFICIENT_STORAGE,supported,supported,supported,supported,supported,unsupported
http2,constants.HTTP_STATUS_INTERNAL_SERVER_ERROR,supported,supported,supported,supported,supported,unsupported
http2,constants.HTTP_STATUS_LENGTH_REQUIRED,supported,supported,supported,supported,supported,unsupported
http2,constants.HTTP_STATUS_LOCKED,supported,supported,supported,supported,supported,unsupported
http2,constants.HTTP_STATUS_LOOP_DETECTED,supported,supported,supported,supported,supported,unsupported
http2,constants.HTTP_STATUS_METHOD_NOT_ALLOWED,supported,supported,supported,supported,supported,unsupported
http2,constants.HTTP_STATUS_MISDIRECTED_REQUEST,supported,supported,supported,supported,supported,unsupported
http2,constants.HTTP_STATUS_MOVED_PERMANENTLY,supported,supported,supported,supported,supported,unsupported
http2,constants.HTTP_STATUS_MULTIPLE_CHOICES,supported,supported,supported,supported,supported,unsupported
http2,constants.HTTP_STATUS_MULTI_STATUS,supported,supported,supported,supported,supported,unsupported
http2,constants.HTTP_STATUS_NETWORK_AUTHENTICATION_REQUIRED,supported,supported,supported,supported,supported,unsupported
http2,constants.HTTP_STATUS_NON_AUTHORITATIVE_INFORMATION,supported,supported,supported,supported,supported,unsupported
http2,constants.HTTP_STATUS_NOT_ACCEPTABLE,supported,supported,supported,supported,supported,unsupported
http2,constants.HTTP_STATUS_NOT_EXTENDED,supported,supported,supported,supported,supported,unsupported
http2,constants.HTTP_STATUS_NOT_FOUND,supported,supported,supported,supported,supported,unsupported
http2,constants.HTTP_STATUS_NOT_IMPLEMENTED,supported,supported,supported,supported,supported,unsupported
http2,constants.HTTP_STATUS_NOT_MODIFIED,supported,supported,supported,supported,supported,unsupported
http2,constants.HTTP_STATUS_NO_CONTENT,supported,supported,supported,supported,supported,unsupported
http2,constants.HTTP_STATUS_OK,supported,supported,supported,supported,supported,unsupported
http2,constants.HTTP_STATUS_PARTIAL_CONTENT,supported,supported,supported,supported,supported,unsupported
http2,constants.HTTP_STATUS_PAYLOAD_TOO_LARGE,supported,supported,supported,supported,supported,unsupported
http2,constants.HTTP_STATUS_PAYMENT_REQUIRED,supported,supported,supported,supported,supported,unsupported
http2,constants.HTTP_STATUS_PERMANENT_REDIRECT,supported,supported,supported,supported,supported,unsupported
http2,constants.HTTP_STATUS_PRECONDITION_FAILED,supported,supported,supported,supported,supported,unsupported
http2,constants.HTTP_STATUS_PRECONDITION_REQUIRED,supported,supported,supported,supported,supported,unsupported
http2,constants.HTTP_STATUS_PROCESSING,supported,supported,supported,supported,supported,unsupported
http2,constants.HTTP_STATUS_PROXY_AUTHENTICATION_REQUIRED,supported,supported,supported,supported,supported,unsupported
http2,constants.HTTP_STATUS_RANGE_NOT_SATISFIABLE,supported,supported,supported,supported,supported,unsupported
http2,constants.HTTP_STATUS_REQUEST_HEADER_FIELDS_TOO_LARGE,supported,supported,supported,supported,supported,unsupported
http2,constants.HTTP_STATUS_REQUEST_TIMEOUT,supported,supported,supported,supported,supported,unsupported
http2,constants.HTTP_STATUS_RESET_CONTENT,supported,supported,supported,supported,supported,unsupported
http2,constants.HTTP_STATUS_SEE_OTHER,supported,supported,supported,supported,supported,unsupported
http2,constants.HTTP_STATUS_SERVICE_UNAVAILABLE,supported,supported,supported,supported,supported,unsupported
http2,constants.HTTP_STATUS_SWITCHING_PROTOCOLS,supported,supported,supported,supported,supported,unsupported
http2,constants.HTTP_STATUS_TEAPOT,supported,supported,supported,supported,supported,unsupported
http2,constants.HTTP_STATUS_TEMPORARY_REDIRECT,supported,supported,supported,supported,supported,unsupported
http2,constants.HTTP_STATUS_TOO_EARLY,supported,supported,supported,supported,supported,unsupported
http2,constants.HTTP_STATUS_TOO_MANY_REQUESTS,supported,supported,supported,supported,supported,unsupported
http2,constants.HTTP_STATUS_UNAUTHORIZED,supported,supported,supported,supported,supported,unsupported
http2,constants.HTTP_STATUS_UNAVAILABLE_FOR_LEGAL_REASONS,supported,supported,supported,supported,supported,unsupported
http2,constants.HTTP_STATUS_UNPROCESSABLE_ENTITY,supported,supported,supported,supported,supported,unsupported
http2,constants.HTTP_STATUS_UNSUPPORTED_MEDIA_TYPE,supported,supported,supported,supported,supported,unsupported
http2,constants.HTTP_STATUS_UPGRADE_REQUIRED,supported,supported,supported,supported,supported,unsupported
http2,constants.HTTP_STATUS_URI_TOO_LONG,supported,supported,supported,supported,supported,unsupported
http2,constants.HTTP_STATUS_USE_PROXY,supported,supported,supported,supported,supported,unsupported
http2,constants.HTTP_STATUS_VARIANT_ALSO_NEGOTIATES,supported,supported,supported,supported,supported,unsupported
http2,constants.MAX_INITIAL_WINDOW_SIZE,supported,supported,supported,supported,supported,unsupported
http2,constants.MAX_MAX_FRAME_SIZE,supported,supported,supported,supported,supported,unsupported
http2,constants.MIN_MAX_FRAME_SIZE,supported,supported,supported,supported,supported,unsupported
http2,constants.NGHTTP2_CANCEL,supported,supported,supported,supported,supported,unsupported
http2,constants.NGHTTP2_COMPRESSION_ERROR,supported,supported,supported,supported,supported,unsupported
http2,constants.NGHTTP2_CONNECT_ERROR,supported,supported,supported,supported,supported,unsupported
http2,constants.NGHTTP2_DEFAULT_WEIGHT,supported,supported,supported,supported,supported,unsupported
http2,constants.NGHTTP2_ENHANCE_YOUR_CALM,supported,supported,supported,supported,supported,unsupported
http2,constants.NGHTTP2_ERR_DEFERRED,supported,supported,unsupported,unsupported,unsupported,unsupported
http2,constants.NGHTTP2_ERR_FRAME_SIZE_ERROR,supported,supported,supported,supported,supported,unsupported
http2,constants.NGHTTP2_ERR_INVALID_ARGUMENT,supported,supported,unsupported,unsupported,unsupported,unsupported
http2,constants.NGHTTP2_ERR_NOMEM,supported,supported,unsupported,unsupported,unsupported,unsupported
http2,constants.NGHTTP2_ERR_STREAM_CLOSED,supported,supported,unsupported,unsupported,unsupported,unsupported
http2,constants.NGHTTP2_ERR_STREAM_ID_NOT_AVAILABLE,supported,supported,unsupported,unsupported,unsupported,unsupported
http2,constants.NGHTTP2_FLAG_ACK,supported,supported,supported,supported,supported,unsupported
http2,constants.NGHTTP2_FLAG_END_HEADERS,supported,supported,supported,supported,supported,unsupported
http2,constants.NGHTTP2_FLAG_END_STREAM,supported,supported,supported,supported,supported,unsupported
http2,constants.NGHTTP2_FLAG_NONE,supported,supported,supported,supported,supported,unsupported
http2,constants.NGHTTP2_FLAG_PADDED,supported,supported,supported,supported,supported,unsupported
http2,constants.NGHTTP2_FLAG_PRIORITY,supported,supported,supported,supported,supported,unsupported
http2,constants.NGHTTP2_FLOW_CONTROL_ERROR,supported,supported,supported,supported,supported,unsupported
http2,constants.NGHTTP2_FRAME_SIZE_ERROR,supported,supported,supported,supported,supported,unsupported
http2,constants.NGHTTP2_HCAT_HEADERS,supported,supported,unsupported,unsupported,unsupported,unsupported
http2,constants.NGHTTP2_HCAT_PUSH_RESPONSE,supported,supported,unsupported,unsupported,unsupported,unsupported
http2,constants.NGHTTP2_HCAT_REQUEST,supported,supported,unsupported,unsupported,unsupported,unsupported
http2,constants.NGHTTP2_HCAT_RESPONSE,supported,supported,unsupported,unsupported,unsupported,unsupported
http2,constants.NGHTTP2_HTTP_1_1_REQUIRED,supported,supported,supported,supported,supported,unsupported
http2,constants.NGHTTP2_INADEQUATE_SECURITY,supported,supported,supported,supported,supported,unsupported
http2,constants.NGHTTP2_INTERNAL_ERROR,supported,supported,supported,supported,supported,unsupported
http2,constants.NGHTTP2_NO_ERROR,supported,supported,supported,supported,supported,unsupported
http2,constants.NGHTTP2_NV_FLAG_NONE,supported,supported,unsupported,unsupported,supported,unsupported
http2,constants.NGHTTP2_NV_FLAG_NO_INDEX,supported,supported,unsupported,unsupported,supported,unsupported
http2,constants.NGHTTP2_PROTOCOL_ERROR,supported,supported,supported,supported,supported,unsupported
http2,constants.NGHTTP2_REFUSED_STREAM,supported,supported,supported,supported,supported,unsupported
http2,constants.NGHTTP2_SESSION_CLIENT,supported,supported,supported,supported,supported,unsupported
http2,constants.NGHTTP2_SESSION_SERVER,supported,supported,supported,supported,supported,unsupported
http2,constants.NGHTTP2_SETTINGS_ENABLE_CONNECT_PROTOCOL,supported,supported,supported,supported,supported,unsupported
http2,constants.NGHTTP2_SETTINGS_ENABLE_PUSH,supported,supported,supported,supported,supported,unsupported
http2,constants.NGHTTP2_SETTINGS_HEADER_TABLE_SIZE,supported,supported,supported,supported,supported,unsupported
http2,constants.NGHTTP2_SETTINGS_INITIAL_WINDOW_SIZE,supported,supported,supported,supported,supported,unsupported
http2,constants.NGHTTP2_SETTINGS_MAX_CONCURRENT_STREAMS,supported,supported,supported,supported,supported,unsupported
http2,constants.NGHTTP2_SETTINGS_MAX_FRAME_SIZE,supported,supported,supported,supported,supported,unsupported
http2,constants.NGHTTP2_SETTINGS_MAX_HEADER_LIST_SIZE,supported,supported,supported,supported,supported,unsupported
http2,constants.NGHTTP2_SETTINGS_TIMEOUT,supported,supported,supported,supported,supported,unsupported
http2,constants.NGHTTP2_STREAM_CLOSED,supported,supported,supported,supported,supported,unsupported
http2,constants.NGHTTP2_STREAM_STATE_CLOSED,supported,supported,supported,supported,supported,unsupported
http2,constants.NGHTTP2_STREAM_STATE_HALF_CLOSED_LOCAL,supported,supported,supported,supported,supported,unsupported
http2,constants.NGHTTP2_STREAM_STATE_HALF_CLOSED_REMOTE,supported,supported,supported,supported,supported,unsupported
http2,constants.NGHTTP2_STREAM_STATE_IDLE,supported,supported,supported,supported,supported,unsupported
http2,constants.NGHTTP2_STREAM_STATE_OPEN,supported,supported,supported,supported,supported,unsupported
http2,constants.NGHTTP2_STREAM_STATE_RESERVED_LOCAL,supported,supported,supported,supported,supported,unsupported
http2,constants.NGHTTP2_STREAM_STATE_RESERVED_REMOTE,supported,supported,supported,supported,supported,unsupported
http2,constants.PADDING_STRATEGY_ALIGNED,supported,supported,supported,supported,supported,unsupported
http2,constants.PADDING_STRATEGY_CALLBACK,supported,supported,supported,supported,supported,unsupported
http2,constants.PADDING_STRATEGY_MAX,supported,supported,supported,supported,supported,unsupported
http2,constants.PADDING_STRATEGY_NONE,supported,supported,supported,supported,supported,unsupported
http2,constants.STREAM_OPTION_EMPTY_PAYLOAD,supported,supported,unsupported,unsupported,unsupported,unsupported
http2,constants.STREAM_OPTION_GET_TRAILERS,supported,supported,unsupported,unsupported,unsupported,unsupported
http2,createSecureServer,supported,supported,stub,supported,stub,unsupported
http2,createServer,supported,supported,stub,supported,supported,unsupported
http2,getDefaultSettings,supported,supported,supported,supported,stub,unsupported
http2,getPackedSettings,supported,supported,supported,supported,stub,unsupported
http2,getUnpackedSettings,supported,supported,supported,supported,stub,unsupported
http2,performServerHandshake,supported,supported,stub,unsupported,unsupported,unsupported
http2,sensitiveHeaders,supported,supported,supported,supported,supported,unsupported
https,*self*,supported,supported,supported,supported,supported,unsupported
https,default.*self*,supported,supported,supported,supported,supported,unsupported
https,default.Agent,supported,supported,supported,supported,supported,unsupported
https,default.Server,supported,supported,supported,supported,stub,unsupported
https,default.createServer,supported,supported,stub,supported,supported,unsupported
https,default.get,supported,supported,stub,supported,supported,unsupported
https,default.globalAgent.*self*,supported,supported,supported,supported,supported,unsupported
https,default.globalAgent._cacheSession,supported,supported,unsupported,unsupported,unsupported,unsupported
https,default.globalAgent._events,supported,supported,supported,supported,supported,unsupported
https,default.globalAgent._eventsCount,supported,supported,supported,supported,supported,unsupported
https,default.globalAgent._evictSession,supported,supported,unsupported,unsupported,unsupported,unsupported
https,default.globalAgent._getSession,supported,supported,unsupported,unsupported,unsupported,unsupported
https,default.globalAgent._maxListeners,supported,supported,supported,supported,supported,unsupported
https,default.globalAgent._sessionCache,supported,supported,unsupported,unsupported,supported,unsupported
https,default.globalAgent.addListener,supported,supported,supported,supported,supported,unsupported
https,default.globalAgent.addRequest,supported,supported,unsupported,supported,supported,unsupported
https,default.globalAgent.createConnection,supported,supported,unsupported,mismatch,supported,unsupported
https,default.globalAgent.createSocket,supported,supported,unsupported,supported,supported,unsupported
https,default.globalAgent.defaultPort,supported,supported,unsupported,supported,supported,unsupported
https,default.globalAgent.destroy,supported,supported,supported,supported,supported,unsupported
https,default.globalAgent.domain,supported,supported,unsupported,unsupported,unsupported,unsupported
https,default.globalAgent.emit,supported,supported,supported,supported,supported,unsupported
https,default.globalAgent.eventNames,supported,supported,supported,supported,supported,unsupported
https,default.globalAgent.freeSockets,supported,supported,supported,supported,supported,unsupported
https,default.globalAgent.getMaxListeners,supported,supported,supported,supported,supported,unsupported
https,default.globalAgent.getName,supported,supported,unsupported,supported,supported,unsupported
https,default.globalAgent.keepAlive,supported,supported,unsupported,supported,supported,unsupported
https,default.globalAgent.keepAliveMsecs,supported,supported,unsupported,supported,supported,unsupported
https,default.globalAgent.keepSocketAlive,supported,supported,unsupported,supported,supported,unsupported
https,default.globalAgent.listenerCount,supported,supported,supported,supported,supported,unsupported
https,default.globalAgent.listeners,supported,supported,supported,supported,supported,unsupported
https,default.globalAgent.maxCachedSessions,supported,supported,unsupported,supported,supported,unsupported
https,default.globalAgent.maxFreeSockets,supported,supported,supported,supported,supported,unsupported
https,default.globalAgent.maxSockets,supported,supported,supported,supported,supported,unsupported
https,default.globalAgent.maxTotalSockets,supported,supported,supported,mismatch,supported,unsupported
https,default.globalAgent.off,supported,supported,supported,supported,supported,unsupported
https,default.globalAgent.on,supported,supported,supported,supported,supported,unsupported
https,default.globalAgent.once,supported,supported,supported,supported,supported,unsupported
https,default.globalAgent.options,supported,supported,unsupported,supported,supported,unsupported
https,default.globalAgent.prependListener,supported,supported,supported,supported,supported,unsupported
https,default.globalAgent.prependOnceListener,supported,supported,supported,supported,supported,unsupported
https,default.globalAgent.protocol,supported,supported,unsupported,supported,supported,unsupported
https,default.globalAgent.rawListeners,supported,supported,supported,supported,supported,unsupported
https,default.globalAgent.removeAllListeners,supported,supported,supported,supported,supported,unsupported
https,default.globalAgent.removeListener,supported,supported,supported,supported,supported,unsupported
https,default.globalAgent.removeSocket,supported,supported,unsupported,supported,supported,unsupported
https,default.globalAgent.requests,supported,supported,supported,supported,supported,unsupported
https,default.globalAgent.reuseSocket,supported,supported,unsupported,supported,supported,unsupported
https,default.globalAgent.scheduling,supported,supported,unsupported,supported,supported,unsupported
https,default.globalAgent.setMaxListeners,supported,supported,supported,supported,supported,unsupported
https,default.globalAgent.sockets,supported,supported,supported,supported,supported,unsupported
https,default.globalAgent.totalSocketCount,supported,supported,unsupported,supported,supported,unsupported
https,default.request,supported,supported,stub,supported,supported,unsupported
https,Agent,supported,supported,supported,supported,supported,unsupported
https,Server,supported,supported,supported,supported,stub,unsupported
https,createServer,supported,supported,stub,supported,supported,unsupported
https,get,supported,supported,stub,supported,supported,unsupported
https,globalAgent.*self*,supported,supported,supported,supported,supported,unsupported
https,globalAgent._cacheSession,supported,supported,unsupported,unsupported,unsupported,unsupported
https,globalAgent._events.*self*,supported,supported,supported,supported,supported,unsupported
https,globalAgent._events.free,supported,supported,unsupported,unsupported,supported,unsupported
https,globalAgent._events.newListener,supported,supported,unsupported,unsupported,supported,unsupported
https,globalAgent._eventsCount,supported,supported,supported,supported,supported,unsupported
https,globalAgent._evictSession,supported,supported,unsupported,unsupported,unsupported,unsupported
https,globalAgent._getSession,supported,supported,unsupported,unsupported,unsupported,unsupported
https,globalAgent._maxListeners,supported,supported,supported,supported,supported,unsupported
https,globalAgent._sessionCache.*self*,supported,supported,unsupported,unsupported,supported,unsupported
https,globalAgent._sessionCache.list,supported,supported,unsupported,unsupported,supported,unsupported
https,globalAgent._sessionCache.map,supported,supported,unsupported,unsupported,supported,unsupported
https,globalAgent.addListener,supported,supported,supported,supported,supported,unsupported
https,globalAgent.addRequest,supported,supported,unsupported,supported,supported,unsupported
https,globalAgent.createConnection,supported,supported,unsupported,mismatch,supported,unsupported
https,globalAgent.createSocket,supported,supported,unsupported,supported,supported,unsupported
https,globalAgent.defaultPort,supported,supported,unsupported,supported,supported,unsupported
https,globalAgent.destroy,supported,supported,supported,supported,supported,unsupported
https,globalAgent.domain,supported,supported,unsupported,unsupported,unsupported,unsupported
https,globalAgent.emit,supported,supported,supported,supported,supported,unsupported
https,globalAgent.eventNames,supported,supported,supported,supported,supported,unsupported
https,globalAgent.freeSockets.*self*,supported,supported,supported,supported,supported,unsupported
https,globalAgent.getMaxListeners,supported,supported,supported,supported,supported,unsupported
https,globalAgent.getName,supported,supported,unsupported,supported,supported,unsupported
https,globalAgent.keepAlive,supported,supported,unsupported,supported,supported,unsupported
https,globalAgent.keepAliveMsecs,supported,supported,unsupported,supported,supported,unsupported
https,globalAgent.keepSocketAlive,supported,supported,unsupported,supported,supported,unsupported
https,globalAgent.listenerCount,supported,supported,supported,supported,supported,unsupported
https,globalAgent.listeners,supported,supported,supported,supported,supported,unsupported
https,globalAgent.maxCachedSessions,supported,supported,unsupported,supported,supported,unsupported
https,globalAgent.maxFreeSockets,supported,supported,supported,supported,supported,unsupported
https,globalAgent.maxSockets,supported,supported,supported,supported,supported,unsupported
https,globalAgent.maxTotalSockets,supported,supported,supported,mismatch,supported,unsupported
https,globalAgent.off,supported,supported,supported,supported,supported,unsupported
https,globalAgent.on,supported,supported,supported,supported,supported,unsupported
https,globalAgent.once,supported,supported,supported,supported,supported,unsupported
https,globalAgent.options.*self*,supported,supported,unsupported,supported,supported,unsupported
https,globalAgent.options.keepAlive,supported,supported,unsupported,supported,supported,unsupported
https,globalAgent.options.noDelay,supported,supported,unsupported,supported,unsupported,unsupported
https,globalAgent.options.path,supported,supported,unsupported,supported,supported,unsupported
https,globalAgent.options.scheduling,supported,supported,unsupported,supported,supported,unsupported
https,globalAgent.options.timeout,supported,supported,unsupported,supported,supported,unsupported
https,globalAgent.prependListener,supported,supported,supported,supported,supported,unsupported
https,globalAgent.prependOnceListener,supported,supported,supported,supported,supported,unsupported
https,globalAgent.protocol,supported,supported,unsupported,supported,supported,unsupported
https,globalAgent.rawListeners,supported,supported,supported,supported,supported,unsupported
https,globalAgent.removeAllListeners,supported,supported,supported,supported,supported,unsupported
https,globalAgent.removeListener,supported,supported,supported,supported,supported,unsupported
https,globalAgent.removeSocket,supported,supported,unsupported,supported,supported,unsupported
https,globalAgent.requests.*self*,supported,supported,supported,supported,supported,unsupported
https,globalAgent.reuseSocket,supported,supported,unsupported,supported,supported,unsupported
https,globalAgent.scheduling,supported,supported,unsupported,supported,supported,unsupported
https,globalAgent.setMaxListeners,supported,supported,supported,supported,supported,unsupported
https,globalAgent.sockets.*self*,supported,supported,supported,supported,supported,unsupported
https,globalAgent.totalSocketCount,supported,supported,unsupported,supported,supported,unsupported
https,request,supported,supported,stub,supported,supported,unsupported
module,*self*,supported,supported,supported,supported,supported,unsupported
module,default.*self*,supported,supported,mismatch,supported,supported,unsupported
module,default.Module,supported,supported,mismatch,supported,supported,unsupported
module,default.SourceMap,supported,supported,supported,supported,unsupported,unsupported
module,default._readPackage,supported,supported,unsupported,unsupported,unsupported,unsupported
module,default._stat,supported,supported,unsupported,unsupported,unsupported,unsupported
module,default.builtinModules,supported,supported,supported,supported,supported,unsupported
module,default.constants.*self*,supported,supported,supported,supported,unsupported,unsupported
module,default.constants.compileCacheStatus,supported,supported,supported,supported,unsupported,unsupported
module,default.createRequire,supported,supported,stub,supported,supported,unsupported
module,default.enableCompileCache,supported,supported,supported,supported,unsupported,unsupported
module,default.findPackageJSON,supported,supported,unsupported,unsupported,unsupported,unsupported
module,default.findSourceMap,supported,supported,supported,supported,supported,unsupported
module,default.flushCompileCache,supported,supported,unsupported,unsupported,unsupported,unsupported
module,default.getCompileCacheDir,supported,supported,supported,supported,unsupported,unsupported
module,default.getSourceMapsSupport,supported,supported,unsupported,unsupported,unsupported,unsupported
module,default.globalPaths,supported,supported,supported,supported,supported,unsupported
module,default.isBuiltin,supported,supported,supported,supported,supported,unsupported
module,default.length,supported,supported,unsupported,supported,supported,unsupported
module,default.name,supported,supported,unsupported,supported,supported,unsupported
module,default.prototype.*self*,supported,supported,unsupported,supported,supported,unsupported
module,default.prototype._compile,supported,supported,unsupported,unsupported,supported,unsupported
module,default.prototype.isPreloading,supported,supported,unsupported,unsupported,unsupported,unsupported
module,default.prototype.load,supported,supported,unsupported,unsupported,supported,unsupported
module,default.prototype.parent,supported,supported,unsupported,unsupported,unsupported,unsupported
module,default.prototype.require,supported,supported,unsupported,supported,supported,unsupported
module,default.register,supported,supported,stub,supported,unsupported,unsupported
module,default.runMain,supported,supported,stub,supported,supported,unsupported
module,default.setSourceMapsSupport,supported,supported,unsupported,unsupported,unsupported,unsupported
module,default.stripTypeScriptTypes,supported,supported,unsupported,unsupported,unsupported,unsupported
module,default.syncBuiltinESMExports,supported,supported,supported,supported,supported,unsupported
module,default.wrap,supported,supported,supported,supported,supported,unsupported
module,default.wrapper,supported,supported,unsupported,unsupported,supported,unsupported
module,Module,supported,supported,mismatch,supported,supported,unsupported
module,SourceMap,supported,supported,supported,supported,unsupported,unsupported
module,builtinModules,supported,supported,supported,supported,supported,unsupported
module,constants.*self*,supported,supported,supported,supported,unsupported,unsupported
module,constants.compileCacheStatus.*self*,supported,supported,supported,supported,unsupported,unsupported
module,constants.compileCacheStatus.ALREADY_ENABLED,supported,supported,supported,supported,unsupported,unsupported
module,constants.compileCacheStatus.DISABLED,supported,supported,supported,supported,unsupported,unsupported
module,constants.compileCacheStatus.ENABLED,supported,supported,supported,supported,unsupported,unsupported
module,constants.compileCacheStatus.FAILED,supported,supported,supported,supported,unsupported,unsupported
module,createRequire,supported,supported,stub,supported,supported,unsupported
module,enableCompileCache,supported,supported,supported,supported,unsupported,unsupported
module,findPackageJSON,supported,supported,unsupported,unsupported,unsupported,unsupported
module,findSourceMap,supported,supported,supported,supported,supported,unsupported
module,flushCompileCache,supported,supported,unsupported,unsupported,unsupported,unsupported
module,getCompileCacheDir,supported,supported,supported,supported,unsupported,unsupported
module,getSourceMapsSupport,supported,supported,unsupported,unsupported,unsupported,unsupported
module,globalPaths,supported,supported,supported,supported,supported,unsupported
module,isBuiltin,supported,supported,supported,supported,supported,unsupported
module,register,supported,supported,stub,supported,supported,unsupported
module,runMain,supported,supported,stub,supported,unsupported,unsupported
module,setSourceMapsSupport,supported,supported,unsupported,unsupported,unsupported,unsupported
module,stripTypeScriptTypes,supported,supported,unsupported,unsupported,unsupported,unsupported
module,syncBuiltinESMExports,supported,supported,supported,supported,unsupported,unsupported
net,*self*,supported,supported,supported,supported,supported,unsupported
net,default.*self*,supported,supported,supported,supported,supported,unsupported
net,default.BlockList,supported,supported,supported,supported,supported,unsupported
net,default.Server,supported,supported,supported,supported,supported,unsupported
net,default.Socket,supported,supported,supported,supported,stub,unsupported
net,default.SocketAddress,supported,supported,supported,unsupported,supported,unsupported
net,default.Stream,supported,supported,supported,supported,stub,unsupported
net,default.connect,supported,supported,supported,supported,supported,unsupported
net,default.createConnection,supported,supported,supported,supported,supported,unsupported
net,default.createServer,supported,supported,supported,supported,supported,unsupported
net,default.getDefaultAutoSelectFamily,supported,supported,supported,supported,supported,unsupported
net,default.getDefaultAutoSelectFamilyAttemptTimeout,supported,supported,supported,supported,supported,unsupported
net,default.isIP,supported,supported,supported,supported,supported,unsupported
net,default.isIPv4,supported,supported,supported,supported,supported,unsupported
net,default.isIPv6,supported,supported,supported,supported,supported,unsupported
net,default.setDefaultAutoSelectFamily,supported,supported,supported,supported,supported,unsupported
net,default.setDefaultAutoSelectFamilyAttemptTimeout,supported,supported,supported,supported,supported,unsupported
net,BlockList,supported,supported,supported,supported,supported,unsupported
net,Server,supported,supported,supported,supported,supported,unsupported
net,Socket,supported,supported,supported,supported,stub,unsupported
net,SocketAddress,supported,supported,supported,unsupported,supported,unsupported
net,Stream,supported,supported,supported,supported,stub,unsupported
net,connect,supported,supported,supported,supported,supported,unsupported
net,createConnection,supported,supported,supported,supported,supported,unsupported
net,createServer,supported,supported,supported,supported,supported,unsupported
net,getDefaultAutoSelectFamily,supported,supported,supported,supported,supported,unsupported
net,getDefaultAutoSelectFamilyAttemptTimeout,supported,supported,supported,supported,supported,unsupported
net,isIP,supported,supported,supported,supported,supported,unsupported
net,isIPv4,supported,supported,supported,supported,supported,unsupported
net,isIPv6,supported,supported,supported,supported,supported,unsupported
net,setDefaultAutoSelectFamily,supported,supported,supported,supported,supported,unsupported
net,setDefaultAutoSelectFamilyAttemptTimeout,supported,supported,supported,supported,supported,unsupported
os,*self*,supported,supported,supported,supported,supported,unsupported
os,default.*self*,supported,supported,supported,supported,supported,unsupported
os,default.EOL,supported,supported,supported,supported,supported,unsupported
os,default.arch,supported,supported,supported,supported,supported,unsupported
os,default.availableParallelism,supported,supported,supported,supported,supported,unsupported
os,default.constants.*self*,supported,supported,supported,supported,supported,unsupported
os,default.constants.UV_UDP_REUSEADDR,supported,supported,supported,supported,supported,unsupported
os,default.constants.dlopen,supported,supported,supported,supported,supported,unsupported
os,default.constants.errno,supported,supported,supported,supported,supported,unsupported
os,default.constants.priority,supported,supported,supported,supported,supported,unsupported
os,default.constants.signals,supported,supported,supported,supported,supported,unsupported
os,default.cpus,supported,supported,supported,supported,supported,unsupported
os,default.devNull,supported,supported,supported,supported,supported,unsupported
os,default.endianness,supported,supported,supported,supported,supported,unsupported
os,default.freemem,supported,supported,supported,supported,supported,unsupported
os,default.getPriority,supported,supported,supported,supported,supported,unsupported
os,default.homedir,supported,supported,supported,supported,supported,unsupported
os,default.hostname,supported,supported,supported,supported,supported,unsupported
os,default.loadavg,supported,supported,supported,supported,supported,unsupported
os,default.machine,supported,supported,supported,supported,supported,unsupported
os,default.networkInterfaces,supported,supported,supported,supported,supported,unsupported
os,default.platform,supported,supported,supported,supported,supported,unsupported
os,default.release,supported,supported,supported,supported,supported,unsupported
os,default.setPriority,supported,supported,stub,supported,supported,unsupported
os,default.tmpdir,supported,supported,supported,supported,supported,unsupported
os,default.totalmem,supported,supported,supported,supported,supported,unsupported
os,default.type,supported,supported,supported,supported,supported,unsupported
os,default.uptime,supported,supported,supported,supported,supported,unsupported
os,default.userInfo,supported,supported,supported,supported,supported,unsupported
os,default.version,supported,supported,supported,supported,supported,unsupported
os,EOL,supported,supported,supported,supported,supported,unsupported
os,arch,supported,supported,supported,supported,supported,unsupported
os,availableParallelism,supported,supported,supported,supported,supported,unsupported
os,constants.*self*,supported,supported,supported,supported,supported,unsupported
os,constants.UV_UDP_REUSEADDR,supported,supported,supported,supported,supported,unsupported
os,constants.dlopen.*self*,supported,supported,supported,supported,supported,unsupported
os,constants.dlopen.RTLD_GLOBAL,supported,supported,supported,supported,supported,unsupported
os,constants.dlopen.RTLD_LAZY,supported,supported,supported,supported,supported,unsupported
os,constants.dlopen.RTLD_LOCAL,supported,supported,supported,supported,supported,unsupported
os,constants.dlopen.RTLD_NOW,supported,supported,supported,supported,supported,unsupported
os,constants.errno.*self*,supported,supported,supported,supported,supported,unsupported
os,constants.errno.E2BIG,supported,supported,supported,supported,supported,unsupported
os,constants.errno.EACCES,supported,supported,supported,supported,supported,unsupported
os,constants.errno.EADDRINUSE,supported,supported,supported,supported,supported,unsupported
os,constants.errno.EADDRNOTAVAIL,supported,supported,supported,supported,supported,unsupported
os,constants.errno.EAFNOSUPPORT,supported,supported,supported,supported,supported,unsupported
os,constants.errno.EAGAIN,supported,supported,supported,supported,supported,unsupported
os,constants.errno.EALREADY,supported,supported,supported,supported,supported,unsupported
os,constants.errno.EBADF,supported,supported,supported,supported,supported,unsupported
os,constants.errno.EBADMSG,supported,supported,supported,supported,supported,unsupported
os,constants.errno.EBUSY,supported,supported,supported,supported,supported,unsupported
os,constants.errno.ECANCELED,supported,supported,supported,supported,supported,unsupported
os,constants.errno.ECHILD,supported,supported,supported,supported,supported,unsupported
os,constants.errno.ECONNABORTED,supported,supported,supported,supported,supported,unsupported
os,constants.errno.ECONNREFUSED,supported,supported,supported,supported,supported,unsupported
os,constants.errno.ECONNRESET,supported,supported,supported,supported,supported,unsupported
os,constants.errno.EDEADLK,supported,supported,supported,supported,supported,unsupported
os,constants.errno.EDESTADDRREQ,supported,supported,supported,supported,supported,unsupported
os,constants.errno.EDOM,supported,supported,supported,supported,supported,unsupported
os,constants.errno.EDQUOT,supported,supported,supported,supported,supported,unsupported
os,constants.errno.EEXIST,supported,supported,supported,supported,supported,unsupported
os,constants.errno.EFAULT,supported,supported,supported,supported,supported,unsupported
os,constants.errno.EFBIG,supported,supported,supported,supported,supported,unsupported
os,constants.errno.EHOSTUNREACH,supported,supported,supported,supported,supported,unsupported
os,constants.errno.EIDRM,supported,supported,supported,supported,supported,unsupported
os,constants.errno.EILSEQ,supported,supported,supported,supported,supported,unsupported
os,constants.errno.EINPROGRESS,supported,supported,supported,supported,supported,unsupported
os,constants.errno.EINTR,supported,supported,supported,supported,supported,unsupported
os,constants.errno.EINVAL,supported,supported,supported,supported,supported,unsupported
os,constants.errno.EIO,supported,supported,supported,supported,supported,unsupported
os,constants.errno.EISCONN,supported,supported,supported,supported,supported,unsupported
os,constants.errno.EISDIR,supported,supported,supported,supported,supported,unsupported
os,constants.errno.ELOOP,supported,supported,supported,supported,supported,unsupported
os,constants.errno.EMFILE,supported,supported,supported,supported,supported,unsupported
os,constants.errno.EMLINK,supported,supported,supported,supported,supported,unsupported
os,constants.errno.EMSGSIZE,supported,supported,supported,supported,supported,unsupported
os,constants.errno.EMULTIHOP,supported,supported,supported,supported,supported,unsupported
os,constants.errno.ENAMETOOLONG,supported,supported,supported,supported,supported,unsupported
os,constants.errno.ENETDOWN,supported,supported,supported,supported,supported,unsupported
os,constants.errno.ENETRESET,supported,supported,supported,supported,supported,unsupported
os,constants.errno.ENETUNREACH,supported,supported,supported,supported,supported,unsupported
os,constants.errno.ENFILE,supported,supported,supported,supported,supported,unsupported
os,constants.errno.ENOBUFS,supported,supported,supported,supported,supported,unsupported
os,constants.errno.ENODATA,supported,supported,supported,supported,supported,unsupported
os,constants.errno.ENODEV,supported,supported,supported,supported,supported,unsupported
os,constants.errno.ENOENT,supported,supported,supported,supported,supported,unsupported
os,constants.errno.ENOEXEC,supported,supported,supported,supported,supported,unsupported
os,constants.errno.ENOLCK,supported,supported,supported,supported,supported,unsupported
os,constants.errno.ENOLINK,supported,supported,supported,supported,supported,unsupported
os,constants.errno.ENOMEM,supported,supported,supported,supported,supported,unsupported
os,constants.errno.ENOMSG,supported,supported,supported,supported,supported,unsupported
os,constants.errno.ENOPROTOOPT,supported,supported,supported,supported,supported,unsupported
os,constants.errno.ENOSPC,supported,supported,supported,supported,supported,unsupported
os,constants.errno.ENOSR,supported,supported,supported,supported,supported,unsupported
os,constants.errno.ENOSTR,supported,supported,supported,supported,supported,unsupported
os,constants.errno.ENOSYS,supported,supported,supported,supported,supported,unsupported
os,constants.errno.ENOTCONN,supported,supported,supported,supported,supported,unsupported
os,constants.errno.ENOTDIR,supported,supported,supported,supported,supported,unsupported
os,constants.errno.ENOTEMPTY,supported,supported,supported,supported,supported,unsupported
os,constants.errno.ENOTSOCK,supported,supported,supported,supported,supported,unsupported
os,constants.errno.ENOTSUP,supported,supported,supported,supported,supported,unsupported
os,constants.errno.ENOTTY,supported,supported,supported,supported,supported,unsupported
os,constants.errno.ENXIO,supported,supported,supported,supported,supported,unsupported
os,constants.errno.EOPNOTSUPP,supported,supported,supported,supported,supported,unsupported
os,constants.errno.EOVERFLOW,supported,supported,supported,supported,supported,unsupported
os,constants.errno.EPERM,supported,supported,supported,supported,supported,unsupported
os,constants.errno.EPIPE,supported,supported,supported,supported,supported,unsupported
os,constants.errno.EPROTO,supported,supported,supported,supported,supported,unsupported
os,constants.errno.EPROTONOSUPPORT,supported,supported,supported,supported,supported,unsupported
os,constants.errno.EPROTOTYPE,supported,supported,supported,supported,supported,unsupported
os,constants.errno.ERANGE,supported,supported,supported,supported,supported,unsupported
os,constants.errno.EROFS,supported,supported,supported,supported,supported,unsupported
os,constants.errno.ESPIPE,supported,supported,supported,supported,supported,unsupported
os,constants.errno.ESRCH,supported,supported,supported,supported,supported,unsupported
os,constants.errno.ESTALE,supported,supported,supported,supported,supported,unsupported
os,constants.errno.ETIME,supported,supported,supported,supported,supported,unsupported
os,constants.errno.ETIMEDOUT,supported,supported,supported,supported,supported,unsupported
os,constants.errno.ETXTBSY,supported,supported,supported,supported,supported,unsupported
os,constants.errno.EWOULDBLOCK,supported,supported,supported,supported,supported,unsupported
os,constants.errno.EXDEV,supported,supported,supported,supported,supported,unsupported
os,constants.priority.*self*,supported,supported,supported,supported,supported,unsupported
os,constants.priority.PRIORITY_ABOVE_NORMAL,supported,supported,supported,supported,supported,unsupported
os,constants.priority.PRIORITY_BELOW_NORMAL,supported,supported,supported,supported,supported,unsupported
os,constants.priority.PRIORITY_HIGH,supported,supported,supported,supported,supported,unsupported
os,constants.priority.PRIORITY_HIGHEST,supported,supported,supported,supported,supported,unsupported
os,constants.priority.PRIORITY_LOW,supported,supported,supported,supported,supported,unsupported
os,constants.priority.PRIORITY_NORMAL,supported,supported,supported,supported,supported,unsupported
os,constants.signals.*self*,supported,supported,supported,supported,supported,unsupported
os,constants.signals.SIGABRT,supported,supported,supported,supported,supported,unsupported
os,constants.signals.SIGALRM,supported,supported,supported,supported,supported,unsupported
os,constants.signals.SIGBUS,supported,supported,supported,supported,supported,unsupported
os,constants.signals.SIGCHLD,supported,supported,supported,supported,supported,unsupported
os,constants.signals.SIGCONT,supported,supported,supported,supported,supported,unsupported
os,constants.signals.SIGFPE,supported,supported,supported,supported,supported,unsupported
os,constants.signals.SIGHUP,supported,supported,supported,supported,supported,unsupported
os,constants.signals.SIGILL,supported,supported,supported,supported,supported,unsupported
os,constants.signals.SIGINFO,supported,supported,unsupported,supported,supported,unsupported
os,constants.signals.SIGINT,supported,supported,supported,supported,supported,unsupported
os,constants.signals.SIGIO,supported,supported,supported,supported,supported,unsupported
os,constants.signals.SIGIOT,supported,supported,supported,supported,supported,unsupported
os,constants.signals.SIGKILL,supported,supported,supported,supported,supported,unsupported
os,constants.signals.SIGPIPE,supported,supported,supported,supported,supported,unsupported
os,constants.signals.SIGPROF,supported,supported,supported,supported,supported,unsupported
os,constants.signals.SIGQUIT,supported,supported,supported,supported,supported,unsupported
os,constants.signals.SIGSEGV,supported,supported,supported,supported,supported,unsupported
os,constants.signals.SIGSTOP,supported,supported,supported,supported,supported,unsupported
os,constants.signals.SIGSYS,supported,supported,supported,supported,supported,unsupported
os,constants.signals.SIGTERM,supported,supported,supported,supported,supported,unsupported
os,constants.signals.SIGTRAP,supported,supported,supported,supported,supported,unsupported
os,constants.signals.SIGTSTP,supported,supported,supported,supported,supported,unsupported
os,constants.signals.SIGTTIN,supported,supported,supported,supported,supported,unsupported
os,constants.signals.SIGTTOU,supported,supported,supported,supported,supported,unsupported
os,constants.signals.SIGURG,supported,supported,supported,supported,supported,unsupported
os,constants.signals.SIGUSR1,supported,supported,supported,supported,supported,unsupported
os,constants.signals.SIGUSR2,supported,supported,supported,supported,supported,unsupported
os,constants.signals.SIGVTALRM,supported,supported,supported,supported,supported,unsupported
os,constants.signals.SIGWINCH,supported,supported,supported,supported,supported,unsupported
os,constants.signals.SIGXCPU,supported,supported,supported,supported,supported,unsupported
os,constants.signals.SIGXFSZ,supported,supported,supported,supported,supported,unsupported
os,cpus,supported,supported,supported,supported,supported,unsupported
os,devNull,supported,supported,supported,supported,supported,unsupported
os,endianness,supported,supported,supported,supported,supported,unsupported
os,freemem,supported,supported,supported,supported,supported,unsupported
os,getPriority,supported,supported,supported,supported,supported,unsupported
os,homedir,supported,supported,supported,supported,supported,unsupported
os,hostname,supported,supported,supported,supported,supported,unsupported
os,loadavg,supported,supported,supported,supported,supported,unsupported
os,machine,supported,supported,supported,supported,supported,unsupported
os,networkInterfaces,supported,supported,supported,supported,supported,unsupported
os,platform,supported,supported,supported,supported,supported,unsupported
os,release,supported,supported,supported,supported,supported,unsupported
os,setPriority,supported,supported,stub,supported,supported,unsupported
os,tmpdir,supported,supported,supported,supported,supported,unsupported
os,totalmem,supported,supported,supported,supported,supported,unsupported
os,type,supported,supported,supported,supported,supported,unsupported
os,uptime,supported,supported,supported,supported,supported,unsupported
os,userInfo,supported,supported,supported,supported,supported,unsupported
os,version,supported,supported,supported,supported,supported,unsupported
path,*self*,supported,supported,supported,supported,supported,unsupported
path,default.*self*,supported,supported,supported,supported,supported,unsupported
path,default.basename,supported,supported,supported,supported,supported,unsupported
path,default.delimiter,supported,supported,supported,supported,supported,unsupported
path,default.dirname,supported,supported,supported,supported,supported,unsupported
path,default.extname,supported,supported,supported,supported,supported,unsupported
path,default.format,supported,supported,supported,supported,supported,unsupported
path,default.isAbsolute,supported,supported,supported,supported,supported,unsupported
path,default.join,supported,supported,supported,supported,supported,unsupported
path,default.matchesGlob,supported,supported,supported,supported,unsupported,unsupported
path,default.normalize,supported,supported,supported,supported,supported,unsupported
path,default.parse,supported,supported,supported,supported,supported,unsupported
path,default.posix.*self*,supported,supported,supported,supported,supported,unsupported
path,default.posix._makeLong,supported,supported,unsupported,supported,supported,unsupported
path,default.posix.basename,supported,supported,supported,supported,supported,unsupported
path,default.posix.delimiter,supported,supported,supported,supported,supported,unsupported
path,default.posix.dirname,supported,supported,supported,supported,supported,unsupported
path,default.posix.extname,supported,supported,supported,supported,supported,unsupported
path,default.posix.format,supported,supported,supported,supported,supported,unsupported
path,default.posix.isAbsolute,supported,supported,supported,supported,supported,unsupported
path,default.posix.join,supported,supported,supported,supported,supported,unsupported
path,default.posix.matchesGlob,supported,supported,supported,supported,unsupported,unsupported
path,default.posix.normalize,supported,supported,supported,supported,supported,unsupported
path,default.posix.parse,supported,supported,supported,supported,supported,unsupported
path,default.posix.posix,supported,supported,supported,supported,supported,unsupported
path,default.posix.relative,supported,supported,supported,supported,supported,unsupported
path,default.posix.resolve,supported,supported,supported,supported,supported,unsupported
path,default.posix.sep,supported,supported,supported,supported,supported,unsupported
path,default.posix.toNamespacedPath,supported,supported,supported,supported,supported,unsupported
path,default.posix.win32,supported,supported,supported,supported,supported,unsupported
path,default.relative,supported,supported,supported,supported,supported,unsupported
path,default.resolve,supported,supported,supported,supported,supported,unsupported
path,default.sep,supported,supported,supported,supported,supported,unsupported
path,default.toNamespacedPath,supported,supported,supported,supported,supported,unsupported
path,default.win32.*self*,supported,supported,supported,supported,supported,unsupported
path,default.win32._makeLong,supported,supported,unsupported,supported,supported,unsupported
path,default.win32.basename,supported,supported,supported,supported,supported,unsupported
path,default.win32.delimiter,supported,supported,supported,supported,supported,unsupported
path,default.win32.dirname,supported,supported,supported,supported,supported,unsupported
path,default.win32.extname,supported,supported,supported,supported,supported,unsupported
path,default.win32.format,supported,supported,supported,supported,supported,unsupported
path,default.win32.isAbsolute,supported,supported,supported,supported,supported,unsupported
path,default.win32.join,supported,supported,supported,supported,supported,unsupported
path,default.win32.matchesGlob,supported,supported,supported,supported,unsupported,unsupported
path,default.win32.normalize,supported,supported,supported,supported,supported,unsupported
path,default.win32.parse,supported,supported,supported,supported,supported,unsupported
path,default.win32.posix,supported,supported,supported,supported,supported,unsupported
path,default.win32.relative,supported,supported,supported,supported,supported,unsupported
path,default.win32.resolve,supported,supported,supported,supported,supported,unsupported
path,default.win32.sep,supported,supported,supported,supported,supported,unsupported
path,default.win32.toNamespacedPath,supported,supported,supported,supported,supported,unsupported
path,default.win32.win32,supported,supported,supported,supported,supported,unsupported
path,basename,supported,supported,supported,supported,supported,unsupported
path,delimiter,supported,supported,supported,supported,supported,unsupported
path,dirname,supported,supported,supported,supported,supported,unsupported
path,extname,supported,supported,supported,supported,supported,unsupported
path,format,supported,supported,supported,supported,supported,unsupported
path,isAbsolute,supported,supported,supported,supported,supported,unsupported
path,join,supported,supported,supported,supported,supported,unsupported
path,matchesGlob,supported,supported,supported,supported,unsupported,unsupported
path,normalize,supported,supported,supported,supported,supported,unsupported
path,parse,supported,supported,supported,supported,supported,unsupported
path,posix.*self*,supported,supported,supported,supported,supported,unsupported
path,posix._makeLong,supported,supported,unsupported,supported,supported,unsupported
path,posix.basename,supported,supported,supported,supported,supported,unsupported
path,posix.delimiter,supported,supported,supported,supported,supported,unsupported
path,posix.dirname,supported,supported,supported,supported,supported,unsupported
path,posix.extname,supported,supported,supported,supported,supported,unsupported
path,posix.format,supported,supported,supported,supported,supported,unsupported
path,posix.isAbsolute,supported,supported,supported,supported,supported,unsupported
path,posix.join,supported,supported,supported,supported,supported,unsupported
path,posix.matchesGlob,supported,supported,supported,supported,unsupported,unsupported
path,posix.normalize,supported,supported,supported,supported,supported,unsupported
path,posix.parse,supported,supported,supported,supported,supported,unsupported
path,posix.posix.*self*,supported,supported,supported,supported,supported,unsupported
path,posix.posix._makeLong,supported,supported,unsupported,supported,supported,unsupported
path,posix.posix.basename,supported,supported,supported,supported,supported,unsupported
path,posix.posix.delimiter,supported,supported,supported,supported,supported,unsupported
path,posix.posix.dirname,supported,supported,supported,supported,supported,unsupported
path,posix.posix.extname,supported,supported,supported,supported,supported,unsupported
path,posix.posix.format,supported,supported,supported,supported,supported,unsupported
path,posix.posix.isAbsolute,supported,supported,supported,supported,supported,unsupported
path,posix.posix.join,supported,supported,supported,supported,supported,unsupported
path,posix.posix.matchesGlob,supported,supported,supported,supported,unsupported,unsupported
path,posix.posix.normalize,supported,supported,supported,supported,supported,unsupported
path,posix.posix.parse,supported,supported,supported,supported,supported,unsupported
path,posix.posix.posix,supported,supported,supported,supported,supported,unsupported
path,posix.posix.relative,supported,supported,supported,supported,supported,unsupported
path,posix.posix.resolve,supported,supported,supported,supported,supported,unsupported
path,posix.posix.sep,supported,supported,supported,supported,supported,unsupported
path,posix.posix.toNamespacedPath,supported,supported,supported,supported,supported,unsupported
path,posix.posix.win32,supported,supported,supported,supported,supported,unsupported
path,posix.relative,supported,supported,supported,supported,supported,unsupported
path,posix.resolve,supported,supported,supported,supported,supported,unsupported
path,posix.sep,supported,supported,supported,supported,supported,unsupported
path,posix.toNamespacedPath,supported,supported,supported,supported,supported,unsupported
path,posix.win32.*self*,supported,supported,supported,supported,supported,unsupported
path,posix.win32._makeLong,supported,supported,unsupported,supported,supported,unsupported
path,posix.win32.basename,supported,supported,supported,supported,supported,unsupported
path,posix.win32.delimiter,supported,supported,supported,supported,supported,unsupported
path,posix.win32.dirname,supported,supported,supported,supported,supported,unsupported
path,posix.win32.extname,supported,supported,supported,supported,supported,unsupported
path,posix.win32.format,supported,supported,supported,supported,supported,unsupported
path,posix.win32.isAbsolute,supported,supported,supported,supported,supported,unsupported
path,posix.win32.join,supported,supported,supported,supported,supported,unsupported
path,posix.win32.matchesGlob,supported,supported,supported,supported,unsupported,unsupported
path,posix.win32.normalize,supported,supported,supported,supported,supported,unsupported
path,posix.win32.parse,supported,supported,supported,supported,supported,unsupported
path,posix.win32.posix,supported,supported,supported,supported,supported,unsupported
path,posix.win32.relative,supported,supported,supported,supported,supported,unsupported
path,posix.win32.resolve,supported,supported,supported,supported,supported,unsupported
path,posix.win32.sep,supported,supported,supported,supported,supported,unsupported
path,posix.win32.toNamespacedPath,supported,supported,supported,supported,supported,unsupported
path,posix.win32.win32,supported,supported,supported,supported,supported,unsupported
path,relative,supported,supported,supported,supported,supported,unsupported
path,resolve,supported,supported,supported,supported,supported,unsupported
path,sep,supported,supported,supported,supported,supported,unsupported
path,toNamespacedPath,supported,supported,supported,supported,supported,unsupported
path,win32.*self*,supported,supported,supported,supported,supported,unsupported
path,win32._makeLong,supported,supported,unsupported,supported,supported,unsupported
path,win32.basename,supported,supported,supported,supported,supported,unsupported
path,win32.delimiter,supported,supported,supported,supported,supported,unsupported
path,win32.dirname,supported,supported,supported,supported,supported,unsupported
path,win32.extname,supported,supported,supported,supported,supported,unsupported
path,win32.format,supported,supported,supported,supported,supported,unsupported
path,win32.isAbsolute,supported,supported,supported,supported,supported,unsupported
path,win32.join,supported,supported,supported,supported,supported,unsupported
path,win32.matchesGlob,supported,supported,supported,supported,unsupported,unsupported
path,win32.normalize,supported,supported,supported,supported,supported,unsupported
path,win32.parse,supported,supported,supported,supported,supported,unsupported
path,win32.posix.*self*,supported,supported,supported,supported,supported,unsupported
path,win32.posix._makeLong,supported,supported,unsupported,supported,supported,unsupported
path,win32.posix.basename,supported,supported,supported,supported,supported,unsupported
path,win32.posix.delimiter,supported,supported,supported,supported,supported,unsupported
path,win32.posix.dirname,supported,supported,supported,supported,supported,unsupported
path,win32.posix.extname,supported,supported,supported,supported,supported,unsupported
path,win32.posix.format,supported,supported,supported,supported,supported,unsupported
path,win32.posix.isAbsolute,supported,supported,supported,supported,supported,unsupported
path,win32.posix.join,supported,supported,supported,supported,supported,unsupported
path,win32.posix.matchesGlob,supported,supported,supported,supported,unsupported,unsupported
path,win32.posix.normalize,supported,supported,supported,supported,supported,unsupported
path,win32.posix.parse,supported,supported,supported,supported,supported,unsupported
path,win32.posix.posix,supported,supported,supported,supported,supported,unsupported
path,win32.posix.relative,supported,supported,supported,supported,supported,unsupported
path,win32.posix.resolve,supported,supported,supported,supported,supported,unsupported
path,win32.posix.sep,supported,supported,supported,supported,supported,unsupported
path,win32.posix.toNamespacedPath,supported,supported,supported,supported,supported,unsupported
path,win32.posix.win32,supported,supported,supported,supported,supported,unsupported
path,win32.relative,supported,supported,supported,supported,supported,unsupported
path,win32.resolve,supported,supported,supported,supported,supported,unsupported
path,win32.sep,supported,supported,supported,supported,supported,unsupported
path,win32.toNamespacedPath,supported,supported,supported,supported,supported,unsupported
path,win32.win32.*self*,supported,supported,supported,supported,supported,unsupported
path,win32.win32._makeLong,supported,supported,unsupported,supported,supported,unsupported
path,win32.win32.basename,supported,supported,supported,supported,supported,unsupported
path,win32.win32.delimiter,supported,supported,supported,supported,supported,unsupported
path,win32.win32.dirname,supported,supported,supported,supported,supported,unsupported
path,win32.win32.extname,supported,supported,supported,supported,supported,unsupported
path,win32.win32.format,supported,supported,supported,supported,supported,unsupported
path,win32.win32.isAbsolute,supported,supported,supported,supported,supported,unsupported
path,win32.win32.join,supported,supported,supported,supported,supported,unsupported
path,win32.win32.matchesGlob,supported,supported,supported,supported,unsupported,unsupported
path,win32.win32.normalize,supported,supported,supported,supported,supported,unsupported
path,win32.win32.parse,supported,supported,supported,supported,supported,unsupported
path,win32.win32.posix,supported,supported,supported,supported,supported,unsupported
path,win32.win32.relative,supported,supported,supported,supported,supported,unsupported
path,win32.win32.resolve,supported,supported,supported,supported,supported,unsupported
path,win32.win32.sep,supported,supported,supported,supported,supported,unsupported
path,win32.win32.toNamespacedPath,supported,supported,supported,supported,supported,unsupported
path,win32.win32.win32,supported,supported,supported,supported,supported,unsupported
path/posix,*self*,supported,supported,supported,supported,supported,unsupported
path/posix,default.*self*,supported,supported,supported,supported,supported,unsupported
path/posix,default.basename,supported,supported,supported,supported,supported,unsupported
path/posix,default.delimiter,supported,supported,supported,supported,supported,unsupported
path/posix,default.dirname,supported,supported,supported,supported,supported,unsupported
path/posix,default.extname,supported,supported,supported,supported,supported,unsupported
path/posix,default.format,supported,supported,supported,supported,supported,unsupported
path/posix,default.isAbsolute,supported,supported,supported,supported,supported,unsupported
path/posix,default.join,supported,supported,supported,supported,supported,unsupported
path/posix,default.matchesGlob,supported,supported,supported,supported,unsupported,unsupported
path/posix,default.normalize,supported,supported,supported,supported,supported,unsupported
path/posix,default.parse,supported,supported,supported,supported,supported,unsupported
path/posix,default.posix.*self*,supported,supported,supported,supported,supported,unsupported
path/posix,default.posix._makeLong,supported,supported,unsupported,supported,supported,unsupported
path/posix,default.posix.basename,supported,supported,supported,supported,supported,unsupported
path/posix,default.posix.delimiter,supported,supported,supported,supported,supported,unsupported
path/posix,default.posix.dirname,supported,supported,supported,supported,supported,unsupported
path/posix,default.posix.extname,supported,supported,supported,supported,supported,unsupported
path/posix,default.posix.format,supported,supported,supported,supported,supported,unsupported
path/posix,default.posix.isAbsolute,supported,supported,supported,supported,supported,unsupported
path/posix,default.posix.join,supported,supported,supported,supported,supported,unsupported
path/posix,default.posix.matchesGlob,supported,supported,supported,supported,unsupported,unsupported
path/posix,default.posix.normalize,supported,supported,supported,supported,supported,unsupported
path/posix,default.posix.parse,supported,supported,supported,supported,supported,unsupported
path/posix,default.posix.posix,supported,supported,supported,supported,supported,unsupported
path/posix,default.posix.relative,supported,supported,supported,supported,supported,unsupported
path/posix,default.posix.resolve,supported,supported,supported,supported,supported,unsupported
path/posix,default.posix.sep,supported,supported,supported,supported,supported,unsupported
path/posix,default.posix.toNamespacedPath,supported,supported,supported,supported,supported,unsupported
path/posix,default.posix.win32,supported,supported,supported,supported,supported,unsupported
path/posix,default.relative,supported,supported,supported,supported,supported,unsupported
path/posix,default.resolve,supported,supported,supported,supported,supported,unsupported
path/posix,default.sep,supported,supported,supported,supported,supported,unsupported
path/posix,default.toNamespacedPath,supported,supported,supported,supported,supported,unsupported
path/posix,default.win32.*self*,supported,supported,supported,supported,supported,unsupported
path/posix,default.win32._makeLong,supported,supported,unsupported,supported,supported,unsupported
path/posix,default.win32.basename,supported,supported,supported,supported,supported,unsupported
path/posix,default.win32.delimiter,supported,supported,supported,supported,supported,unsupported
path/posix,default.win32.dirname,supported,supported,supported,supported,supported,unsupported
path/posix,default.win32.extname,supported,supported,supported,supported,supported,unsupported
path/posix,default.win32.format,supported,supported,supported,supported,supported,unsupported
path/posix,default.win32.isAbsolute,supported,supported,supported,supported,supported,unsupported
path/posix,default.win32.join,supported,supported,supported,supported,supported,unsupported
path/posix,default.win32.matchesGlob,supported,supported,supported,supported,unsupported,unsupported
path/posix,default.win32.normalize,supported,supported,supported,supported,supported,unsupported
path/posix,default.win32.parse,supported,supported,supported,supported,supported,unsupported
path/posix,default.win32.posix,supported,supported,supported,supported,supported,unsupported
path/posix,default.win32.relative,supported,supported,supported,supported,supported,unsupported
path/posix,default.win32.resolve,supported,supported,supported,supported,supported,unsupported
path/posix,default.win32.sep,supported,supported,supported,supported,supported,unsupported
path/posix,default.win32.toNamespacedPath,supported,supported,supported,supported,supported,unsupported
path/posix,default.win32.win32,supported,supported,supported,supported,supported,unsupported
path/posix,basename,supported,supported,supported,supported,supported,unsupported
path/posix,delimiter,supported,supported,supported,supported,supported,unsupported
path/posix,dirname,supported,supported,supported,supported,supported,unsupported
path/posix,extname,supported,supported,supported,supported,supported,unsupported
path/posix,format,supported,supported,supported,supported,supported,unsupported
path/posix,isAbsolute,supported,supported,supported,supported,supported,unsupported
path/posix,join,supported,supported,supported,supported,supported,unsupported
path/posix,matchesGlob,supported,supported,supported,supported,unsupported,unsupported
path/posix,normalize,supported,supported,supported,supported,supported,unsupported
path/posix,parse,supported,supported,supported,supported,supported,unsupported
path/posix,posix.*self*,supported,supported,supported,supported,supported,unsupported
path/posix,posix._makeLong,supported,supported,unsupported,supported,supported,unsupported
path/posix,posix.basename,supported,supported,supported,supported,supported,unsupported
path/posix,posix.delimiter,supported,supported,supported,supported,supported,unsupported
path/posix,posix.dirname,supported,supported,supported,supported,supported,unsupported
path/posix,posix.extname,supported,supported,supported,supported,supported,unsupported
path/posix,posix.format,supported,supported,supported,supported,supported,unsupported
path/posix,posix.isAbsolute,supported,supported,supported,supported,supported,unsupported
path/posix,posix.join,supported,supported,supported,supported,supported,unsupported
path/posix,posix.matchesGlob,supported,supported,supported,supported,unsupported,unsupported
path/posix,posix.normalize,supported,supported,supported,supported,supported,unsupported
path/posix,posix.parse,supported,supported,supported,supported,supported,unsupported
path/posix,posix.posix.*self*,supported,supported,supported,supported,supported,unsupported
path/posix,posix.posix._makeLong,supported,supported,unsupported,supported,supported,unsupported
path/posix,posix.posix.basename,supported,supported,supported,supported,supported,unsupported
path/posix,posix.posix.delimiter,supported,supported,supported,supported,supported,unsupported
path/posix,posix.posix.dirname,supported,supported,supported,supported,supported,unsupported
path/posix,posix.posix.extname,supported,supported,supported,supported,supported,unsupported
path/posix,posix.posix.format,supported,supported,supported,supported,supported,unsupported
path/posix,posix.posix.isAbsolute,supported,supported,supported,supported,supported,unsupported
path/posix,posix.posix.join,supported,supported,supported,supported,supported,unsupported
path/posix,posix.posix.matchesGlob,supported,supported,supported,supported,unsupported,unsupported
path/posix,posix.posix.normalize,supported,supported,supported,supported,supported,unsupported
path/posix,posix.posix.parse,supported,supported,supported,supported,supported,unsupported
path/posix,posix.posix.posix,supported,supported,supported,supported,supported,unsupported
path/posix,posix.posix.relative,supported,supported,supported,supported,supported,unsupported
path/posix,posix.posix.resolve,supported,supported,supported,supported,supported,unsupported
path/posix,posix.posix.sep,supported,supported,supported,supported,supported,unsupported
path/posix,posix.posix.toNamespacedPath,supported,supported,supported,supported,supported,unsupported
path/posix,posix.posix.win32,supported,supported,supported,supported,supported,unsupported
path/posix,posix.relative,supported,supported,supported,supported,supported,unsupported
path/posix,posix.resolve,supported,supported,supported,supported,supported,unsupported
path/posix,posix.sep,supported,supported,supported,supported,supported,unsupported
path/posix,posix.toNamespacedPath,supported,supported,supported,supported,supported,unsupported
path/posix,posix.win32.*self*,supported,supported,supported,supported,supported,unsupported
path/posix,posix.win32._makeLong,supported,supported,unsupported,supported,supported,unsupported
path/posix,posix.win32.basename,supported,supported,supported,supported,supported,unsupported
path/posix,posix.win32.delimiter,supported,supported,supported,supported,supported,unsupported
path/posix,posix.win32.dirname,supported,supported,supported,supported,supported,unsupported
path/posix,posix.win32.extname,supported,supported,supported,supported,supported,unsupported
path/posix,posix.win32.format,supported,supported,supported,supported,supported,unsupported
path/posix,posix.win32.isAbsolute,supported,supported,supported,supported,supported,unsupported
path/posix,posix.win32.join,supported,supported,supported,supported,supported,unsupported
path/posix,posix.win32.matchesGlob,supported,supported,supported,supported,unsupported,unsupported
path/posix,posix.win32.normalize,supported,supported,supported,supported,supported,unsupported
path/posix,posix.win32.parse,supported,supported,supported,supported,supported,unsupported
path/posix,posix.win32.posix,supported,supported,supported,supported,supported,unsupported
path/posix,posix.win32.relative,supported,supported,supported,supported,supported,unsupported
path/posix,posix.win32.resolve,supported,supported,supported,supported,supported,unsupported
path/posix,posix.win32.sep,supported,supported,supported,supported,supported,unsupported
path/posix,posix.win32.toNamespacedPath,supported,supported,supported,supported,supported,unsupported
path/posix,posix.win32.win32,supported,supported,supported,supported,supported,unsupported
path/posix,relative,supported,supported,supported,supported,supported,unsupported
path/posix,resolve,supported,supported,supported,supported,supported,unsupported
path/posix,sep,supported,supported,supported,supported,supported,unsupported
path/posix,toNamespacedPath,supported,supported,supported,supported,supported,unsupported
path/posix,win32.*self*,supported,supported,supported,supported,supported,unsupported
path/posix,win32._makeLong,supported,supported,unsupported,supported,supported,unsupported
path/posix,win32.basename,supported,supported,supported,supported,supported,unsupported
path/posix,win32.delimiter,supported,supported,supported,supported,supported,unsupported
path/posix,win32.dirname,supported,supported,supported,supported,supported,unsupported
path/posix,win32.extname,supported,supported,supported,supported,supported,unsupported
path/posix,win32.format,supported,supported,supported,supported,supported,unsupported
path/posix,win32.isAbsolute,supported,supported,supported,supported,supported,unsupported
path/posix,win32.join,supported,supported,supported,supported,supported,unsupported
path/posix,win32.matchesGlob,supported,supported,supported,supported,unsupported,unsupported
path/posix,win32.normalize,supported,supported,supported,supported,supported,unsupported
path/posix,win32.parse,supported,supported,supported,supported,supported,unsupported
path/posix,win32.posix.*self*,supported,supported,supported,supported,supported,unsupported
path/posix,win32.posix._makeLong,supported,supported,unsupported,supported,supported,unsupported
path/posix,win32.posix.basename,supported,supported,supported,supported,supported,unsupported
path/posix,win32.posix.delimiter,supported,supported,supported,supported,supported,unsupported
path/posix,win32.posix.dirname,supported,supported,supported,supported,supported,unsupported
path/posix,win32.posix.extname,supported,supported,supported,supported,supported,unsupported
path/posix,win32.posix.format,supported,supported,supported,supported,supported,unsupported
path/posix,win32.posix.isAbsolute,supported,supported,supported,supported,supported,unsupported
path/posix,win32.posix.join,supported,supported,supported,supported,supported,unsupported
path/posix,win32.posix.matchesGlob,supported,supported,supported,supported,unsupported,unsupported
path/posix,win32.posix.normalize,supported,supported,supported,supported,supported,unsupported
path/posix,win32.posix.parse,supported,supported,supported,supported,supported,unsupported
path/posix,win32.posix.posix,supported,supported,supported,supported,supported,unsupported
path/posix,win32.posix.relative,supported,supported,supported,supported,supported,unsupported
path/posix,win32.posix.resolve,supported,supported,supported,supported,supported,unsupported
path/posix,win32.posix.sep,supported,supported,supported,supported,supported,unsupported
path/posix,win32.posix.toNamespacedPath,supported,supported,supported,supported,supported,unsupported
path/posix,win32.posix.win32,supported,supported,supported,supported,supported,unsupported
path/posix,win32.relative,supported,supported,supported,supported,supported,unsupported
path/posix,win32.resolve,supported,supported,supported,supported,supported,unsupported
path/posix,win32.sep,supported,supported,supported,supported,supported,unsupported
path/posix,win32.toNamespacedPath,supported,supported,supported,supported,supported,unsupported
path/posix,win32.win32.*self*,supported,supported,supported,supported,supported,unsupported
path/posix,win32.win32._makeLong,supported,supported,unsupported,supported,supported,unsupported
path/posix,win32.win32.basename,supported,supported,supported,supported,supported,unsupported
path/posix,win32.win32.delimiter,supported,supported,supported,supported,supported,unsupported
path/posix,win32.win32.dirname,supported,supported,supported,supported,supported,unsupported
path/posix,win32.win32.extname,supported,supported,supported,supported,supported,unsupported
path/posix,win32.win32.format,supported,supported,supported,supported,supported,unsupported
path/posix,win32.win32.isAbsolute,supported,supported,supported,supported,supported,unsupported
path/posix,win32.win32.join,supported,supported,supported,supported,supported,unsupported
path/posix,win32.win32.matchesGlob,supported,supported,supported,supported,unsupported,unsupported
path/posix,win32.win32.normalize,supported,supported,supported,supported,supported,unsupported
path/posix,win32.win32.parse,supported,supported,supported,supported,supported,unsupported
path/posix,win32.win32.posix,supported,supported,supported,supported,supported,unsupported
path/posix,win32.win32.relative,supported,supported,supported,supported,supported,unsupported
path/posix,win32.win32.resolve,supported,supported,supported,supported,supported,unsupported
path/posix,win32.win32.sep,supported,supported,supported,supported,supported,unsupported
path/posix,win32.win32.toNamespacedPath,supported,supported,supported,supported,supported,unsupported
path/posix,win32.win32.win32,supported,supported,supported,supported,supported,unsupported
path/win32,*self*,supported,supported,supported,supported,supported,unsupported
path/win32,default.*self*,supported,supported,supported,supported,supported,unsupported
path/win32,default.basename,supported,supported,supported,supported,supported,unsupported
path/win32,default.delimiter,supported,supported,supported,supported,supported,unsupported
path/win32,default.dirname,supported,supported,supported,supported,supported,unsupported
path/win32,default.extname,supported,supported,supported,supported,supported,unsupported
path/win32,default.format,supported,supported,supported,supported,supported,unsupported
path/win32,default.isAbsolute,supported,supported,supported,supported,supported,unsupported
path/win32,default.join,supported,supported,supported,supported,supported,unsupported
path/win32,default.matchesGlob,supported,supported,supported,supported,unsupported,unsupported
path/win32,default.normalize,supported,supported,supported,supported,supported,unsupported
path/win32,default.parse,supported,supported,supported,supported,supported,unsupported
path/win32,default.posix.*self*,supported,supported,supported,supported,supported,unsupported
path/win32,default.posix._makeLong,supported,supported,unsupported,supported,supported,unsupported
path/win32,default.posix.basename,supported,supported,supported,supported,supported,unsupported
path/win32,default.posix.delimiter,supported,supported,supported,supported,supported,unsupported
path/win32,default.posix.dirname,supported,supported,supported,supported,supported,unsupported
path/win32,default.posix.extname,supported,supported,supported,supported,supported,unsupported
path/win32,default.posix.format,supported,supported,supported,supported,supported,unsupported
path/win32,default.posix.isAbsolute,supported,supported,supported,supported,supported,unsupported
path/win32,default.posix.join,supported,supported,supported,supported,supported,unsupported
path/win32,default.posix.matchesGlob,supported,supported,supported,supported,unsupported,unsupported
path/win32,default.posix.normalize,supported,supported,supported,supported,supported,unsupported
path/win32,default.posix.parse,supported,supported,supported,supported,supported,unsupported
path/win32,default.posix.posix,supported,supported,supported,supported,supported,unsupported
path/win32,default.posix.relative,supported,supported,supported,supported,supported,unsupported
path/win32,default.posix.resolve,supported,supported,supported,supported,supported,unsupported
path/win32,default.posix.sep,supported,supported,supported,supported,supported,unsupported
path/win32,default.posix.toNamespacedPath,supported,supported,supported,supported,supported,unsupported
path/win32,default.posix.win32,supported,supported,supported,supported,supported,unsupported
path/win32,default.relative,supported,supported,supported,supported,supported,unsupported
path/win32,default.resolve,supported,supported,supported,supported,supported,unsupported
path/win32,default.sep,supported,supported,supported,supported,supported,unsupported
path/win32,default.toNamespacedPath,supported,supported,supported,supported,supported,unsupported
path/win32,default.win32.*self*,supported,supported,supported,supported,supported,unsupported
path/win32,default.win32._makeLong,supported,supported,unsupported,supported,supported,unsupported
path/win32,default.win32.basename,supported,supported,supported,supported,supported,unsupported
path/win32,default.win32.delimiter,supported,supported,supported,supported,supported,unsupported
path/win32,default.win32.dirname,supported,supported,supported,supported,supported,unsupported
path/win32,default.win32.extname,supported,supported,supported,supported,supported,unsupported
path/win32,default.win32.format,supported,supported,supported,supported,supported,unsupported
path/win32,default.win32.isAbsolute,supported,supported,supported,supported,supported,unsupported
path/win32,default.win32.join,supported,supported,supported,supported,supported,unsupported
path/win32,default.win32.matchesGlob,supported,supported,supported,supported,unsupported,unsupported
path/win32,default.win32.normalize,supported,supported,supported,supported,supported,unsupported
path/win32,default.win32.parse,supported,supported,supported,supported,supported,unsupported
path/win32,default.win32.posix,supported,supported,supported,supported,supported,unsupported
path/win32,default.win32.relative,supported,supported,supported,supported,supported,unsupported
path/win32,default.win32.resolve,supported,supported,supported,supported,supported,unsupported
path/win32,default.win32.sep,supported,supported,supported,supported,supported,unsupported
path/win32,default.win32.toNamespacedPath,supported,supported,supported,supported,supported,unsupported
path/win32,default.win32.win32,supported,supported,supported,supported,supported,unsupported
path/win32,basename,supported,supported,supported,supported,supported,unsupported
path/win32,delimiter,supported,supported,supported,supported,supported,unsupported
path/win32,dirname,supported,supported,supported,supported,supported,unsupported
path/win32,extname,supported,supported,supported,supported,supported,unsupported
path/win32,format,supported,supported,supported,supported,supported,unsupported
path/win32,isAbsolute,supported,supported,supported,supported,supported,unsupported
path/win32,join,supported,supported,supported,supported,supported,unsupported
path/win32,matchesGlob,supported,supported,supported,supported,unsupported,unsupported
path/win32,normalize,supported,supported,supported,supported,supported,unsupported
path/win32,parse,supported,supported,supported,supported,supported,unsupported
path/win32,posix.*self*,supported,supported,supported,supported,supported,unsupported
path/win32,posix._makeLong,supported,supported,unsupported,supported,supported,unsupported
path/win32,posix.basename,supported,supported,supported,supported,supported,unsupported
path/win32,posix.delimiter,supported,supported,supported,supported,supported,unsupported
path/win32,posix.dirname,supported,supported,supported,supported,supported,unsupported
path/win32,posix.extname,supported,supported,supported,supported,supported,unsupported
path/win32,posix.format,supported,supported,supported,supported,supported,unsupported
path/win32,posix.isAbsolute,supported,supported,supported,supported,supported,unsupported
path/win32,posix.join,supported,supported,supported,supported,supported,unsupported
path/win32,posix.matchesGlob,supported,supported,supported,supported,unsupported,unsupported
path/win32,posix.normalize,supported,supported,supported,supported,supported,unsupported
path/win32,posix.parse,supported,supported,supported,supported,supported,unsupported
path/win32,posix.posix.*self*,supported,supported,supported,supported,supported,unsupported
path/win32,posix.posix._makeLong,supported,supported,unsupported,supported,supported,unsupported
path/win32,posix.posix.basename,supported,supported,supported,supported,supported,unsupported
path/win32,posix.posix.delimiter,supported,supported,supported,supported,supported,unsupported
path/win32,posix.posix.dirname,supported,supported,supported,supported,supported,unsupported
path/win32,posix.posix.extname,supported,supported,supported,supported,supported,unsupported
path/win32,posix.posix.format,supported,supported,supported,supported,supported,unsupported
path/win32,posix.posix.isAbsolute,supported,supported,supported,supported,supported,unsupported
path/win32,posix.posix.join,supported,supported,supported,supported,supported,unsupported
path/win32,posix.posix.matchesGlob,supported,supported,supported,supported,unsupported,unsupported
path/win32,posix.posix.normalize,supported,supported,supported,supported,supported,unsupported
path/win32,posix.posix.parse,supported,supported,supported,supported,supported,unsupported
path/win32,posix.posix.posix,supported,supported,supported,supported,supported,unsupported
path/win32,posix.posix.relative,supported,supported,supported,supported,supported,unsupported
path/win32,posix.posix.resolve,supported,supported,supported,supported,supported,unsupported
path/win32,posix.posix.sep,supported,supported,supported,supported,supported,unsupported
path/win32,posix.posix.toNamespacedPath,supported,supported,supported,supported,supported,unsupported
path/win32,posix.posix.win32,supported,supported,supported,supported,supported,unsupported
path/win32,posix.relative,supported,supported,supported,supported,supported,unsupported
path/win32,posix.resolve,supported,supported,supported,supported,supported,unsupported
path/win32,posix.sep,supported,supported,supported,supported,supported,unsupported
path/win32,posix.toNamespacedPath,supported,supported,supported,supported,supported,unsupported
path/win32,posix.win32.*self*,supported,supported,supported,supported,supported,unsupported
path/win32,posix.win32._makeLong,supported,supported,unsupported,supported,supported,unsupported
path/win32,posix.win32.basename,supported,supported,supported,supported,supported,unsupported
path/win32,posix.win32.delimiter,supported,supported,supported,supported,supported,unsupported
path/win32,posix.win32.dirname,supported,supported,supported,supported,supported,unsupported
path/win32,posix.win32.extname,supported,supported,supported,supported,supported,unsupported
path/win32,posix.win32.format,supported,supported,supported,supported,supported,unsupported
path/win32,posix.win32.isAbsolute,supported,supported,supported,supported,supported,unsupported
path/win32,posix.win32.join,supported,supported,supported,supported,supported,unsupported
path/win32,posix.win32.matchesGlob,supported,supported,supported,supported,unsupported,unsupported
path/win32,posix.win32.normalize,supported,supported,supported,supported,supported,unsupported
path/win32,posix.win32.parse,supported,supported,supported,supported,supported,unsupported
path/win32,posix.win32.posix,supported,supported,supported,supported,supported,unsupported
path/win32,posix.win32.relative,supported,supported,supported,supported,supported,unsupported
path/win32,posix.win32.resolve,supported,supported,supported,supported,supported,unsupported
path/win32,posix.win32.sep,supported,supported,supported,supported,supported,unsupported
path/win32,posix.win32.toNamespacedPath,supported,supported,supported,supported,supported,unsupported
path/win32,posix.win32.win32,supported,supported,supported,supported,supported,unsupported
path/win32,relative,supported,supported,supported,supported,supported,unsupported
path/win32,resolve,supported,supported,supported,supported,supported,unsupported
path/win32,sep,supported,supported,supported,supported,supported,unsupported
path/win32,toNamespacedPath,supported,supported,supported,supported,supported,unsupported
path/win32,win32.*self*,supported,supported,supported,supported,supported,unsupported
path/win32,win32._makeLong,supported,supported,unsupported,supported,supported,unsupported
path/win32,win32.basename,supported,supported,supported,supported,supported,unsupported
path/win32,win32.delimiter,supported,supported,supported,supported,supported,unsupported
path/win32,win32.dirname,supported,supported,supported,supported,supported,unsupported
path/win32,win32.extname,supported,supported,supported,supported,supported,unsupported
path/win32,win32.format,supported,supported,supported,supported,supported,unsupported
path/win32,win32.isAbsolute,supported,supported,supported,supported,supported,unsupported
path/win32,win32.join,supported,supported,supported,supported,supported,unsupported
path/win32,win32.matchesGlob,supported,supported,supported,supported,unsupported,unsupported
path/win32,win32.normalize,supported,supported,supported,supported,supported,unsupported
path/win32,win32.parse,supported,supported,supported,supported,supported,unsupported
path/win32,win32.posix.*self*,supported,supported,supported,supported,supported,unsupported
path/win32,win32.posix._makeLong,supported,supported,unsupported,supported,supported,unsupported
path/win32,win32.posix.basename,supported,supported,supported,supported,supported,unsupported
path/win32,win32.posix.delimiter,supported,supported,supported,supported,supported,unsupported
path/win32,win32.posix.dirname,supported,supported,supported,supported,supported,unsupported
path/win32,win32.posix.extname,supported,supported,supported,supported,supported,unsupported
path/win32,win32.posix.format,supported,supported,supported,supported,supported,unsupported
path/win32,win32.posix.isAbsolute,supported,supported,supported,supported,supported,unsupported
path/win32,win32.posix.join,supported,supported,supported,supported,supported,unsupported
path/win32,win32.posix.matchesGlob,supported,supported,supported,supported,unsupported,unsupported
path/win32,win32.posix.normalize,supported,supported,supported,supported,supported,unsupported
path/win32,win32.posix.parse,supported,supported,supported,supported,supported,unsupported
path/win32,win32.posix.posix,supported,supported,supported,supported,supported,unsupported
path/win32,win32.posix.relative,supported,supported,supported,supported,supported,unsupported
path/win32,win32.posix.resolve,supported,supported,supported,supported,supported,unsupported
path/win32,win32.posix.sep,supported,supported,supported,supported,supported,unsupported
path/win32,win32.posix.toNamespacedPath,supported,supported,supported,supported,supported,unsupported
path/win32,win32.posix.win32,supported,supported,supported,supported,supported,unsupported
path/win32,win32.relative,supported,supported,supported,supported,supported,unsupported
path/win32,win32.resolve,supported,supported,supported,supported,supported,unsupported
path/win32,win32.sep,supported,supported,supported,supported,supported,unsupported
path/win32,win32.toNamespacedPath,supported,supported,supported,supported,supported,unsupported
path/win32,win32.win32.*self*,supported,supported,supported,supported,supported,unsupported
path/win32,win32.win32._makeLong,supported,supported,unsupported,supported,supported,unsupported
path/win32,win32.win32.basename,supported,supported,supported,supported,supported,unsupported
path/win32,win32.win32.delimiter,supported,supported,supported,supported,supported,unsupported
path/win32,win32.win32.dirname,supported,supported,supported,supported,supported,unsupported
path/win32,win32.win32.extname,supported,supported,supported,supported,supported,unsupported
path/win32,win32.win32.format,supported,supported,supported,supported,supported,unsupported
path/win32,win32.win32.isAbsolute,supported,supported,supported,supported,supported,unsupported
path/win32,win32.win32.join,supported,supported,supported,supported,supported,unsupported
path/win32,win32.win32.matchesGlob,supported,supported,supported,supported,unsupported,unsupported
path/win32,win32.win32.normalize,supported,supported,supported,supported,supported,unsupported
path/win32,win32.win32.parse,supported,supported,supported,supported,supported,unsupported
path/win32,win32.win32.posix,supported,supported,supported,supported,supported,unsupported
path/win32,win32.win32.relative,supported,supported,supported,supported,supported,unsupported
path/win32,win32.win32.resolve,supported,supported,supported,supported,supported,unsupported
path/win32,win32.win32.sep,supported,supported,supported,supported,supported,unsupported
path/win32,win32.win32.toNamespacedPath,supported,supported,supported,supported,supported,unsupported
path/win32,win32.win32.win32,supported,supported,supported,supported,supported,unsupported
perf_hooks,*self*,supported,supported,supported,supported,supported,unsupported
perf_hooks,default.*self*,supported,supported,supported,supported,supported,unsupported
perf_hooks,default.Performance,supported,supported,supported,supported,unsupported,unsupported
perf_hooks,default.PerformanceEntry,supported,supported,supported,supported,supported,unsupported
perf_hooks,default.PerformanceMark,supported,supported,supported,supported,unsupported,unsupported
perf_hooks,default.PerformanceMeasure,supported,supported,supported,supported,unsupported,unsupported
perf_hooks,default.PerformanceObserver,supported,supported,supported,supported,supported,unsupported
perf_hooks,default.PerformanceObserverEntryList,supported,supported,supported,supported,unsupported,unsupported
perf_hooks,default.PerformanceResourceTiming,supported,supported,supported,supported,unsupported,unsupported
perf_hooks,default.constants.*self*,supported,supported,supported,supported,supported,unsupported
perf_hooks,default.constants.NODE_PERFORMANCE_ENTRY_TYPE_DNS,supported,supported,supported,supported,unsupported,unsupported
perf_hooks,default.constants.NODE_PERFORMANCE_ENTRY_TYPE_GC,supported,supported,supported,supported,unsupported,unsupported
perf_hooks,default.constants.NODE_PERFORMANCE_ENTRY_TYPE_HTTP,supported,supported,supported,supported,unsupported,unsupported
perf_hooks,default.constants.NODE_PERFORMANCE_ENTRY_TYPE_HTTP2,supported,supported,supported,supported,unsupported,unsupported
perf_hooks,default.constants.NODE_PERFORMANCE_ENTRY_TYPE_NET,supported,supported,supported,supported,unsupported,unsupported
perf_hooks,default.constants.NODE_PERFORMANCE_GC_FLAGS_ALL_AVAILABLE_GARBAGE,supported,supported,supported,supported,unsupported,unsupported
perf_hooks,default.constants.NODE_PERFORMANCE_GC_FLAGS_ALL_EXTERNAL_MEMORY,supported,supported,supported,supported,unsupported,unsupported
perf_hooks,default.constants.NODE_PERFORMANCE_GC_FLAGS_CONSTRUCT_RETAINED,supported,supported,supported,supported,unsupported,unsupported
perf_hooks,default.constants.NODE_PERFORMANCE_GC_FLAGS_FORCED,supported,supported,supported,supported,unsupported,unsupported
perf_hooks,default.constants.NODE_PERFORMANCE_GC_FLAGS_NO,supported,supported,supported,supported,unsupported,unsupported
perf_hooks,default.constants.NODE_PERFORMANCE_GC_FLAGS_SCHEDULE_IDLE,supported,supported,supported,supported,unsupported,unsupported
perf_hooks,default.constants.NODE_PERFORMANCE_GC_FLAGS_SYNCHRONOUS_PHANTOM_PROCESSING,supported,supported,supported,supported,unsupported,unsupported
perf_hooks,default.constants.NODE_PERFORMANCE_GC_INCREMENTAL,supported,supported,supported,supported,unsupported,unsupported
perf_hooks,default.constants.NODE_PERFORMANCE_GC_MAJOR,supported,supported,supported,supported,unsupported,unsupported
perf_hooks,default.constants.NODE_PERFORMANCE_GC_MINOR,supported,supported,supported,supported,unsupported,unsupported
perf_hooks,default.constants.NODE_PERFORMANCE_GC_WEAKCB,supported,supported,supported,supported,unsupported,unsupported
perf_hooks,default.constants.NODE_PERFORMANCE_MILESTONE_BOOTSTRAP_COMPLETE,supported,supported,supported,supported,unsupported,unsupported
perf_hooks,default.constants.NODE_PERFORMANCE_MILESTONE_ENVIRONMENT,supported,supported,supported,supported,unsupported,unsupported
perf_hooks,default.constants.NODE_PERFORMANCE_MILESTONE_LOOP_EXIT,supported,supported,supported,supported,unsupported,unsupported
perf_hooks,default.constants.NODE_PERFORMANCE_MILESTONE_LOOP_START,supported,supported,supported,supported,unsupported,unsupported
perf_hooks,default.constants.NODE_PERFORMANCE_MILESTONE_NODE_START,supported,supported,supported,supported,unsupported,unsupported
perf_hooks,default.constants.NODE_PERFORMANCE_MILESTONE_TIME_ORIGIN,supported,supported,supported,supported,unsupported,unsupported
perf_hooks,default.constants.NODE_PERFORMANCE_MILESTONE_TIME_ORIGIN_TIMESTAMP,supported,supported,supported,supported,unsupported,unsupported
perf_hooks,default.constants.NODE_PERFORMANCE_MILESTONE_V8_START,supported,supported,supported,supported,unsupported,unsupported
perf_hooks,default.createHistogram,supported,supported,supported,supported,unsupported,unsupported
perf_hooks,default.monitorEventLoopDelay,supported,supported,supported,supported,supported,unsupported
perf_hooks,default.performance.*self*,supported,supported,supported,supported,supported,unsupported
perf_hooks,default.performance.addEventListener,supported,supported,supported,unsupported,supported,unsupported
perf_hooks,default.performance.clearMarks,supported,supported,supported,supported,supported,unsupported
perf_hooks,default.performance.clearMeasures,supported,supported,supported,supported,unsupported,unsupported
perf_hooks,default.performance.clearResourceTimings,supported,supported,supported,supported,unsupported,unsupported
perf_hooks,default.performance.dispatchEvent,supported,supported,supported,unsupported,supported,unsupported
perf_hooks,default.performance.eventLoopUtilization,supported,supported,supported,supported,supported,unsupported
perf_hooks,default.performance.getEntries,supported,supported,supported,supported,unsupported,unsupported
perf_hooks,default.performance.getEntriesByName,supported,supported,supported,supported,supported,unsupported
perf_hooks,default.performance.getEntriesByType,supported,supported,supported,supported,supported,unsupported
perf_hooks,default.performance.mark,supported,supported,supported,supported,supported,unsupported
perf_hooks,default.performance.markResourceTiming,supported,supported,supported,unsupported,supported,unsupported
perf_hooks,default.performance.measure,supported,supported,supported,supported,supported,unsupported
perf_hooks,default.performance.nodeTiming,supported,supported,supported,supported,supported,unsupported
perf_hooks,default.performance.now,supported,supported,supported,supported,supported,unsupported
perf_hooks,default.performance.onresourcetimingbufferfull,supported,supported,supported,supported,unsupported,unsupported
perf_hooks,default.performance.removeEventListener,supported,supported,supported,unsupported,supported,unsupported
perf_hooks,default.performance.setResourceTimingBufferSize,supported,supported,supported,supported,unsupported,unsupported
perf_hooks,default.performance.timeOrigin,supported,supported,supported,supported,supported,unsupported
perf_hooks,default.performance.timerify,supported,supported,supported,unsupported,stub,unsupported
perf_hooks,default.performance.toJSON,supported,supported,supported,supported,supported,unsupported
perf_hooks,Performance,supported,supported,supported,supported,unsupported,unsupported
perf_hooks,PerformanceEntry,supported,supported,supported,supported,supported,unsupported
perf_hooks,PerformanceMark,supported,supported,supported,supported,unsupported,unsupported
perf_hooks,PerformanceMeasure,supported,supported,supported,supported,unsupported,unsupported
perf_hooks,PerformanceObserver,supported,supported,supported,supported,supported,unsupported
perf_hooks,PerformanceObserverEntryList,supported,supported,supported,supported,unsupported,unsupported
perf_hooks,PerformanceResourceTiming,supported,supported,supported,supported,unsupported,unsupported
perf_hooks,constants.*self*,supported,supported,supported,supported,supported,unsupported
perf_hooks,constants.NODE_PERFORMANCE_ENTRY_TYPE_DNS,supported,supported,supported,supported,unsupported,unsupported
perf_hooks,constants.NODE_PERFORMANCE_ENTRY_TYPE_GC,supported,supported,supported,supported,unsupported,unsupported
perf_hooks,constants.NODE_PERFORMANCE_ENTRY_TYPE_HTTP,supported,supported,supported,supported,unsupported,unsupported
perf_hooks,constants.NODE_PERFORMANCE_ENTRY_TYPE_HTTP2,supported,supported,supported,supported,unsupported,unsupported
perf_hooks,constants.NODE_PERFORMANCE_ENTRY_TYPE_NET,supported,supported,supported,supported,unsupported,unsupported
perf_hooks,constants.NODE_PERFORMANCE_GC_FLAGS_ALL_AVAILABLE_GARBAGE,supported,supported,supported,supported,unsupported,unsupported
perf_hooks,constants.NODE_PERFORMANCE_GC_FLAGS_ALL_EXTERNAL_MEMORY,supported,supported,supported,supported,unsupported,unsupported
perf_hooks,constants.NODE_PERFORMANCE_GC_FLAGS_CONSTRUCT_RETAINED,supported,supported,supported,supported,unsupported,unsupported
perf_hooks,constants.NODE_PERFORMANCE_GC_FLAGS_FORCED,supported,supported,supported,supported,unsupported,unsupported
perf_hooks,constants.NODE_PERFORMANCE_GC_FLAGS_NO,supported,supported,supported,supported,unsupported,unsupported
perf_hooks,constants.NODE_PERFORMANCE_GC_FLAGS_SCHEDULE_IDLE,supported,supported,supported,supported,unsupported,unsupported
perf_hooks,constants.NODE_PERFORMANCE_GC_FLAGS_SYNCHRONOUS_PHANTOM_PROCESSING,supported,supported,supported,supported,unsupported,unsupported
perf_hooks,constants.NODE_PERFORMANCE_GC_INCREMENTAL,supported,supported,supported,supported,unsupported,unsupported
perf_hooks,constants.NODE_PERFORMANCE_GC_MAJOR,supported,supported,supported,supported,unsupported,unsupported
perf_hooks,constants.NODE_PERFORMANCE_GC_MINOR,supported,supported,supported,supported,unsupported,unsupported
perf_hooks,constants.NODE_PERFORMANCE_GC_WEAKCB,supported,supported,supported,supported,unsupported,unsupported
perf_hooks,constants.NODE_PERFORMANCE_MILESTONE_BOOTSTRAP_COMPLETE,supported,supported,supported,supported,unsupported,unsupported
perf_hooks,constants.NODE_PERFORMANCE_MILESTONE_ENVIRONMENT,supported,supported,supported,supported,unsupported,unsupported
perf_hooks,constants.NODE_PERFORMANCE_MILESTONE_LOOP_EXIT,supported,supported,supported,supported,unsupported,unsupported
perf_hooks,constants.NODE_PERFORMANCE_MILESTONE_LOOP_START,supported,supported,supported,supported,unsupported,unsupported
perf_hooks,constants.NODE_PERFORMANCE_MILESTONE_NODE_START,supported,supported,supported,supported,unsupported,unsupported
perf_hooks,constants.NODE_PERFORMANCE_MILESTONE_TIME_ORIGIN,supported,supported,supported,supported,unsupported,unsupported
perf_hooks,constants.NODE_PERFORMANCE_MILESTONE_TIME_ORIGIN_TIMESTAMP,supported,supported,supported,supported,unsupported,unsupported
perf_hooks,constants.NODE_PERFORMANCE_MILESTONE_V8_START,supported,supported,supported,supported,unsupported,unsupported
perf_hooks,createHistogram,supported,supported,supported,supported,unsupported,unsupported
perf_hooks,monitorEventLoopDelay,supported,supported,supported,supported,supported,unsupported
perf_hooks,performance.*self*,supported,supported,supported,supported,supported,unsupported
perf_hooks,performance.addEventListener,supported,supported,supported,unsupported,supported,unsupported
perf_hooks,performance.clearMarks,supported,supported,supported,supported,supported,unsupported
perf_hooks,performance.clearMeasures,supported,supported,supported,supported,unsupported,unsupported
perf_hooks,performance.clearResourceTimings,supported,supported,supported,supported,unsupported,unsupported
perf_hooks,performance.dispatchEvent,supported,supported,supported,unsupported,supported,unsupported
perf_hooks,performance.eventLoopUtilization,supported,supported,supported,supported,supported,unsupported
perf_hooks,performance.getEntries,supported,supported,supported,supported,unsupported,unsupported
perf_hooks,performance.getEntriesByName,supported,supported,supported,supported,supported,unsupported
perf_hooks,performance.getEntriesByType,supported,supported,supported,supported,supported,unsupported
perf_hooks,performance.mark,supported,supported,supported,supported,supported,unsupported
perf_hooks,performance.markResourceTiming,supported,supported,supported,unsupported,supported,unsupported
perf_hooks,performance.measure,supported,supported,supported,supported,supported,unsupported
perf_hooks,performance.nodeTiming.*self*,supported,supported,supported,supported,supported,unsupported
perf_hooks,performance.nodeTiming.bootstrapComplete,supported,supported,supported,supported,unsupported,unsupported
perf_hooks,performance.nodeTiming.detail,supported,unsupported,supported,unsupported,unsupported,unsupported
perf_hooks,performance.nodeTiming.duration,supported,supported,supported,supported,unsupported,unsupported
perf_hooks,performance.nodeTiming.entryType,supported,supported,supported,supported,unsupported,unsupported
perf_hooks,performance.nodeTiming.environment,supported,supported,supported,supported,unsupported,unsupported
perf_hooks,performance.nodeTiming.idleTime,supported,supported,supported,supported,unsupported,unsupported
perf_hooks,performance.nodeTiming.loopExit,supported,supported,supported,supported,unsupported,unsupported
perf_hooks,performance.nodeTiming.loopStart,supported,supported,supported,supported,unsupported,unsupported
perf_hooks,performance.nodeTiming.name,supported,supported,supported,supported,unsupported,unsupported
perf_hooks,performance.nodeTiming.nodeStart,supported,supported,supported,supported,unsupported,unsupported
perf_hooks,performance.nodeTiming.startTime,supported,supported,supported,supported,unsupported,unsupported
perf_hooks,performance.nodeTiming.toJSON,supported,supported,supported,supported,unsupported,unsupported
perf_hooks,performance.nodeTiming.uvMetricsInfo,supported,supported,supported,unsupported,unsupported,unsupported
perf_hooks,performance.nodeTiming.v8Start,supported,supported,supported,supported,unsupported,unsupported
perf_hooks,performance.now,supported,supported,supported,supported,supported,unsupported
perf_hooks,performance.onresourcetimingbufferfull,supported,supported,supported,supported,unsupported,unsupported
perf_hooks,performance.removeEventListener,supported,supported,supported,unsupported,supported,unsupported
perf_hooks,performance.setResourceTimingBufferSize,supported,supported,supported,supported,unsupported,unsupported
perf_hooks,performance.timeOrigin,supported,supported,supported,supported,supported,unsupported
perf_hooks,performance.timerify,supported,supported,supported,unsupported,stub,unsupported
perf_hooks,performance.toJSON,supported,supported,supported,supported,supported,unsupported
process,*self*,supported,supported,supported,supported,supported,unsupported
process,default.*self*,supported,supported,supported,supported,supported,unsupported
process,default.abort,supported,supported,supported,supported,supported,unsupported
process,default.addListener,supported,supported,supported,supported,supported,unsupported
process,default.allowedNodeEnvironmentFlags.*self*,supported,supported,supported,supported,supported,unsupported
process,default.allowedNodeEnvironmentFlags.add,supported,supported,supported,supported,supported,unsupported
process,default.allowedNodeEnvironmentFlags.clear,supported,supported,supported,supported,supported,unsupported
process,default.allowedNodeEnvironmentFlags.delete,supported,supported,supported,supported,supported,unsupported
process,default.allowedNodeEnvironmentFlags.difference,supported,supported,supported,supported,supported,unsupported
process,default.allowedNodeEnvironmentFlags.entries,supported,supported,supported,supported,supported,unsupported
process,default.allowedNodeEnvironmentFlags.forEach,supported,supported,supported,supported,supported,unsupported
process,default.allowedNodeEnvironmentFlags.has,supported,supported,supported,supported,supported,unsupported
process,default.allowedNodeEnvironmentFlags.intersection,supported,supported,supported,supported,supported,unsupported
process,default.allowedNodeEnvironmentFlags.isDisjointFrom,supported,supported,supported,supported,supported,unsupported
process,default.allowedNodeEnvironmentFlags.isSubsetOf,supported,supported,supported,supported,supported,unsupported
process,default.allowedNodeEnvironmentFlags.isSupersetOf,supported,supported,supported,supported,supported,unsupported
process,default.allowedNodeEnvironmentFlags.keys,supported,supported,supported,supported,supported,unsupported
process,default.allowedNodeEnvironmentFlags.size,supported,supported,supported,supported,supported,unsupported
process,default.allowedNodeEnvironmentFlags.symmetricDifference,supported,supported,supported,supported,supported,unsupported
process,default.allowedNodeEnvironmentFlags.union,supported,supported,supported,supported,supported,unsupported
process,default.allowedNodeEnvironmentFlags.values,supported,supported,supported,supported,supported,unsupported
process,default.arch,supported,supported,supported,supported,supported,unsupported
process,default.argv,supported,supported,supported,supported,supported,unsupported
process,default.argv0,supported,supported,supported,supported,supported,unsupported
process,default.assert,supported,supported,supported,supported,unsupported,unsupported
process,default.availableMemory,supported,supported,supported,supported,unsupported,unsupported
process,default.binding,supported,supported,supported,supported,supported,unsupported
process,default.chdir,supported,supported,supported,supported,supported,unsupported
process,default.config.*self*,supported,supported,supported,supported,supported,unsupported
process,default.config.target_defaults,supported,supported,unsupported,supported,supported,unsupported
process,default.config.variables,supported,supported,unsupported,supported,supported,unsupported
process,default.constrainedMemory,supported,supported,supported,supported,unsupported,unsupported
process,default.cpuUsage,supported,supported,supported,supported,supported,unsupported
process,default.cwd,supported,supported,supported,supported,supported,unsupported
process,default.debugPort,supported,supported,supported,supported,unsupported,unsupported
process,default.dlopen,supported,supported,supported,supported,supported,unsupported
process,default.domain,supported,supported,mismatch,unsupported,unsupported,unsupported
process,default.emit,supported,supported,supported,supported,supported,unsupported
process,default.emitWarning,supported,supported,supported,supported,supported,unsupported
process,default.env.*self*,supported,supported,supported,supported,supported,unsupported
process,default.eventNames,supported,supported,supported,supported,supported,unsupported
process,default.execArgv,supported,supported,supported,supported,supported,unsupported
process,default.execPath,supported,supported,supported,supported,supported,unsupported
process,default.exit,supported,supported,supported,supported,supported,unsupported
process,default.exitCode,supported,supported,supported,supported,supported,unsupported
process,default.features.*self*,supported,supported,supported,supported,supported,unsupported
process,default.features.cached_builtins,supported,supported,unsupported,supported,unsupported,unsupported
process,default.features.debug,supported,supported,unsupported,supported,unsupported,unsupported
process,default.features.inspector,supported,supported,unsupported,supported,supported,unsupported
process,default.features.ipv6,supported,supported,unsupported,supported,unsupported,unsupported
process,default.features.require_module,supported,supported,unsupported,unsupported,unsupported,unsupported
process,default.features.tls,supported,supported,unsupported,supported,unsupported,unsupported
process,default.features.tls_alpn,supported,supported,unsupported,supported,unsupported,unsupported
process,default.features.tls_ocsp,supported,supported,unsupported,supported,unsupported,unsupported
process,default.features.tls_sni,supported,supported,unsupported,supported,unsupported,unsupported
process,default.features.typescript,supported,supported,unsupported,unsupported,unsupported,unsupported
process,default.features.uv,supported,supported,unsupported,supported,unsupported,unsupported
process,default.finalization.*self*,supported,supported,supported,unsupported,unsupported,unsupported
process,default.finalization.register,supported,supported,stub,unsupported,unsupported,unsupported
process,default.finalization.registerBeforeExit,supported,supported,stub,unsupported,unsupported,unsupported
process,default.finalization.unregister,supported,supported,stub,unsupported,unsupported,unsupported
process,default.getActiveResourcesInfo,supported,supported,supported,supported,unsupported,unsupported
process,default.getBuiltinModule,supported,supported,supported,unsupported,supported,unsupported
process,default.getMaxListeners,supported,supported,supported,supported,supported,unsupported
process,default.getegid,supported,supported,mismatch,supported,supported,unsupported
process,default.geteuid,supported,supported,mismatch,supported,supported,unsupported
process,default.getgid,supported,supported,mismatch,supported,supported,unsupported
process,default.getgroups,supported,supported,mismatch,supported,unsupported,unsupported
process,default.getuid,supported,supported,mismatch,supported,supported,unsupported
process,default.hasUncaughtExceptionCaptureCallback,supported,supported,supported,supported,unsupported,unsupported
process,default.hrtime,supported,supported,supported,supported,supported,unsupported
process,default.initgroups,supported,supported,supported,unsupported,unsupported,unsupported
process,default.kill,supported,supported,supported,supported,supported,unsupported
process,default.listenerCount,supported,supported,supported,supported,supported,unsupported
process,default.listeners,supported,supported,supported,supported,supported,unsupported
process,default.loadEnvFile,supported,supported,supported,unsupported,unsupported,unsupported
process,default.memoryUsage,supported,supported,supported,supported,supported,unsupported
process,default.moduleLoadList,supported,supported,supported,supported,unsupported,unsupported
process,default.nextTick,supported,supported,supported,supported,supported,unsupported
process,default.off,supported,supported,supported,supported,supported,unsupported
process,default.on,supported,supported,supported,supported,supported,unsupported
process,default.once,supported,supported,supported,supported,supported,unsupported
process,default.openStdin,supported,supported,supported,supported,unsupported,unsupported
process,default.pid,supported,supported,supported,supported,supported,unsupported
process,default.platform,supported,supported,supported,supported,supported,unsupported
process,default.ppid,supported,supported,supported,supported,supported,unsupported
process,default.prependListener,supported,supported,supported,supported,supported,unsupported
process,default.prependOnceListener,supported,supported,supported,supported,supported,unsupported
process,default.rawListeners,supported,supported,supported,supported,supported,unsupported
process,default.reallyExit,supported,supported,supported,supported,supported,unsupported
process,default.ref,supported,supported,unsupported,unsupported,unsupported,unsupported
process,default.release.*self*,supported,supported,supported,supported,supported,unsupported
process,default.release.headersUrl,supported,supported,unsupported,supported,supported,unsupported
process,default.release.lts,supported,supported,unsupported,unsupported,unsupported,unsupported
process,default.release.name,supported,supported,unsupported,supported,supported,unsupported
process,default.release.sourceUrl,supported,supported,unsupported,supported,supported,unsupported
process,default.removeAllListeners,supported,supported,supported,supported,supported,unsupported
process,default.removeListener,supported,supported,supported,supported,supported,unsupported
process,default.report.*self*,supported,supported,supported,supported,supported,unsupported
process,default.report.compact,supported,supported,supported,supported,supported,unsupported
process,default.report.directory,supported,supported,supported,supported,supported,unsupported
process,default.report.excludeEnv,supported,supported,unsupported,mismatch,unsupported,unsupported
process,default.report.excludeNetwork,supported,supported,unsupported,unsupported,unsupported,unsupported
process,default.report.filename,supported,supported,supported,supported,supported,unsupported
process,default.report.getReport,supported,supported,stub,supported,supported,unsupported
process,default.report.reportOnFatalError,supported,supported,supported,supported,supported,unsupported
process,default.report.reportOnSignal,supported,supported,supported,supported,supported,unsupported
process,default.report.reportOnUncaughtException,supported,supported,supported,supported,supported,unsupported
process,default.report.signal,supported,supported,supported,unsupported,supported,unsupported
process,default.report.writeReport,supported,supported,stub,supported,supported,unsupported
process,default.resourceUsage,supported,supported,supported,unsupported,unsupported,unsupported
process,default.setMaxListeners,supported,supported,supported,supported,supported,unsupported
process,default.setSourceMapsEnabled,supported,supported,supported,supported,supported,unsupported
process,default.setUncaughtExceptionCaptureCallback,supported,supported,supported,supported,unsupported,unsupported
process,default.setegid,supported,supported,mismatch,supported,unsupported,unsupported
process,default.seteuid,supported,supported,mismatch,supported,unsupported,unsupported
process,default.setgid,supported,supported,mismatch,supported,unsupported,unsupported
process,default.setgroups,supported,supported,mismatch,supported,unsupported,unsupported
process,default.setuid,supported,supported,mismatch,supported,unsupported,unsupported
process,default.sourceMapsEnabled,supported,supported,supported,unsupported,unsupported,unsupported
process,default.stderr.*self*,supported,supported,supported,supported,supported,unsupported
process,default.stderr._bytesDispatched,supported,supported,unsupported,unsupported,unsupported,unsupported
process,default.stderr._closeAfterHandlingError,supported,supported,unsupported,unsupported,unsupported,unsupported
process,default.stderr._connecting,supported,supported,unsupported,unsupported,unsupported,unsupported
process,default.stderr._destroy,supported,supported,unsupported,supported,supported,unsupported
process,default.stderr._events,supported,supported,unsupported,supported,supported,unsupported
process,default.stderr._eventsCount,supported,supported,unsupported,supported,supported,unsupported
process,default.stderr._final,supported,supported,unsupported,unsupported,unsupported,unsupported
process,default.stderr._getpeername,supported,supported,unsupported,unsupported,unsupported,unsupported
process,default.stderr._getsockname,supported,supported,unsupported,unsupported,unsupported,unsupported
process,default.stderr._hadError,supported,supported,unsupported,unsupported,unsupported,unsupported
process,default.stderr._handle,supported,supported,unsupported,unsupported,unsupported,unsupported
process,default.stderr._host,supported,supported,unsupported,unsupported,unsupported,unsupported
process,default.stderr._isStdio,supported,supported,unsupported,supported,supported,unsupported
process,default.stderr._maxListeners,supported,supported,unsupported,supported,supported,unsupported
process,default.stderr._onTimeout,supported,supported,unsupported,unsupported,unsupported,unsupported
process,default.stderr._parent,supported,supported,unsupported,unsupported,unsupported,unsupported
process,default.stderr._pendingData,supported,supported,unsupported,unsupported,unsupported,unsupported
process,default.stderr._pendingEncoding,supported,supported,unsupported,unsupported,unsupported,unsupported
process,default.stderr._read,supported,supported,unsupported,unsupported,unsupported,unsupported
process,default.stderr._readableState,supported,supported,unsupported,unsupported,unsupported,unsupported
process,default.stderr._reset,supported,supported,unsupported,unsupported,unsupported,unsupported
process,default.stderr._server,supported,supported,unsupported,unsupported,unsupported,unsupported
process,default.stderr._sockname,supported,supported,unsupported,unsupported,unsupported,unsupported
process,default.stderr._type,supported,supported,unsupported,supported,unsupported,unsupported
process,default.stderr._undestroy,supported,supported,unsupported,supported,supported,unsupported
process,default.stderr._unrefTimer,supported,supported,unsupported,unsupported,unsupported,unsupported
process,default.stderr._writableState,supported,supported,unsupported,supported,supported,unsupported
process,default.stderr._write,supported,supported,unsupported,supported,supported,unsupported
process,default.stderr._writeGeneric,supported,supported,unsupported,unsupported,unsupported,unsupported
process,default.stderr._writev,supported,supported,unsupported,mismatch,mismatch,unsupported
process,default.stderr.addListener,supported,supported,unsupported,supported,supported,unsupported
process,default.stderr.address,supported,supported,unsupported,unsupported,unsupported,unsupported
process,default.stderr.allowHalfOpen,supported,supported,unsupported,unsupported,unsupported,unsupported
process,default.stderr.asIndexedPairs,supported,unsupported,unsupported,unsupported,unsupported,unsupported
process,default.stderr.bufferSize,supported,supported,unsupported,unsupported,unsupported,unsupported
process,default.stderr.bytesRead,supported,supported,unsupported,unsupported,unsupported,unsupported
process,default.stderr.bytesWritten,supported,supported,unsupported,supported,unsupported,unsupported
process,default.stderr.closed,supported,supported,unsupported,supported,supported,unsupported
process,default.stderr.compose,supported,supported,unsupported,unsupported,unsupported,unsupported
process,default.stderr.connect,supported,supported,unsupported,unsupported,unsupported,unsupported
process,default.stderr.connecting,supported,supported,unsupported,unsupported,unsupported,unsupported
process,default.stderr.cork,supported,supported,unsupported,supported,supported,unsupported
process,default.stderr.destroy,supported,supported,unsupported,supported,supported,unsupported
process,default.stderr.destroySoon,supported,supported,unsupported,supported,supported,unsupported
process,default.stderr.destroyed,supported,supported,unsupported,supported,supported,unsupported
process,default.stderr.drop,supported,supported,unsupported,unsupported,unsupported,unsupported
process,default.stderr.emit,supported,supported,unsupported,supported,supported,unsupported
process,default.stderr.end,supported,supported,unsupported,supported,supported,unsupported
process,default.stderr.errored,supported,supported,unsupported,supported,supported,unsupported
process,default.stderr.eventNames,supported,supported,unsupported,supported,supported,unsupported
process,default.stderr.every,supported,supported,unsupported,unsupported,unsupported,unsupported
process,default.stderr.fd,supported,supported,supported,supported,supported,unsupported
process,default.stderr.filter,supported,supported,unsupported,unsupported,unsupported,unsupported
process,default.stderr.find,supported,supported,unsupported,unsupported,unsupported,unsupported
process,default.stderr.flatMap,supported,supported,unsupported,unsupported,unsupported,unsupported
process,default.stderr.forEach,supported,supported,unsupported,unsupported,unsupported,unsupported
process,default.stderr.getMaxListeners,supported,supported,unsupported,supported,supported,unsupported
process,default.stderr.isPaused,supported,supported,unsupported,unsupported,unsupported,unsupported
process,default.stderr.iterator,supported,supported,unsupported,unsupported,unsupported,unsupported
process,default.stderr.listenerCount,supported,supported,unsupported,supported,supported,unsupported
process,default.stderr.listeners,supported,supported,unsupported,supported,supported,unsupported
process,default.stderr.localAddress,supported,supported,unsupported,unsupported,unsupported,unsupported
process,default.stderr.localFamily,supported,supported,unsupported,unsupported,unsupported,unsupported
process,default.stderr.localPort,supported,supported,unsupported,unsupported,unsupported,unsupported
process,default.stderr.map,supported,supported,unsupported,unsupported,unsupported,unsupported
process,default.stderr.off,supported,supported,unsupported,supported,supported,unsupported
process,default.stderr.on,supported,supported,unsupported,supported,supported,unsupported
process,default.stderr.once,supported,supported,unsupported,supported,supported,unsupported
process,default.stderr.pause,supported,supported,unsupported,unsupported,unsupported,unsupported
process,default.stderr.pending,supported,supported,unsupported,supported,unsupported,unsupported
process,default.stderr.pipe,supported,supported,unsupported,supported,supported,unsupported
process,default.stderr.prependListener,supported,supported,unsupported,supported,supported,unsupported
process,default.stderr.prependOnceListener,supported,supported,unsupported,supported,supported,unsupported
process,default.stderr.push,supported,supported,unsupported,unsupported,unsupported,unsupported
process,default.stderr.rawListeners,supported,supported,unsupported,supported,supported,unsupported
process,default.stderr.read,supported,supported,unsupported,unsupported,unsupported,unsupported
process,default.stderr.readable,supported,supported,unsupported,supported,unsupported,unsupported
process,default.stderr.readableAborted,supported,supported,unsupported,unsupported,unsupported,unsupported
process,default.stderr.readableBuffer,supported,supported,unsupported,unsupported,unsupported,unsupported
process,default.stderr.readableDidRead,supported,supported,unsupported,unsupported,unsupported,unsupported
process,default.stderr.readableEncoding,supported,supported,unsupported,unsupported,unsupported,unsupported
process,default.stderr.readableEnded,supported,supported,unsupported,unsupported,unsupported,unsupported
process,default.stderr.readableFlowing,supported,supported,unsupported,unsupported,unsupported,unsupported
process,default.stderr.readableHighWaterMark,supported,supported,unsupported,unsupported,unsupported,unsupported
process,default.stderr.readableLength,supported,supported,unsupported,unsupported,unsupported,unsupported
process,default.stderr.readableObjectMode,supported,supported,unsupported,unsupported,unsupported,unsupported
process,default.stderr.readyState,supported,supported,unsupported,unsupported,unsupported,unsupported
process,default.stderr.reduce,supported,supported,unsupported,unsupported,unsupported,unsupported
process,default.stderr.ref,supported,supported,unsupported,unsupported,unsupported,unsupported
process,default.stderr.remoteAddress,supported,supported,unsupported,unsupported,unsupported,unsupported
process,default.stderr.remoteFamily,supported,supported,unsupported,unsupported,unsupported,unsupported
process,default.stderr.remotePort,supported,supported,unsupported,unsupported,unsupported,unsupported
process,default.stderr.removeAllListeners,supported,supported,unsupported,supported,supported,unsupported
process,default.stderr.removeListener,supported,supported,unsupported,supported,supported,unsupported
process,default.stderr.resetAndDestroy,supported,supported,unsupported,unsupported,unsupported,unsupported
process,default.stderr.resume,supported,supported,unsupported,unsupported,unsupported,unsupported
process,default.stderr.server,supported,supported,unsupported,unsupported,unsupported,unsupported
process,default.stderr.setDefaultEncoding,supported,supported,unsupported,supported,supported,unsupported
process,default.stderr.setEncoding,supported,supported,unsupported,unsupported,unsupported,unsupported
process,default.stderr.setKeepAlive,supported,supported,unsupported,unsupported,unsupported,unsupported
process,default.stderr.setMaxListeners,supported,supported,unsupported,supported,supported,unsupported
process,default.stderr.setNoDelay,supported,supported,unsupported,unsupported,unsupported,unsupported
process,default.stderr.setTimeout,supported,supported,unsupported,unsupported,unsupported,unsupported
process,default.stderr.some,supported,supported,unsupported,unsupported,unsupported,unsupported
process,default.stderr.take,supported,supported,unsupported,unsupported,unsupported,unsupported
process,default.stderr.toArray,supported,supported,unsupported,unsupported,unsupported,unsupported
process,default.stderr.uncork,supported,supported,unsupported,supported,supported,unsupported
process,default.stderr.unpipe,supported,supported,unsupported,unsupported,unsupported,unsupported
process,default.stderr.unref,supported,supported,unsupported,unsupported,unsupported,unsupported
process,default.stderr.unshift,supported,supported,unsupported,unsupported,unsupported,unsupported
process,default.stderr.wrap,supported,supported,unsupported,unsupported,unsupported,unsupported
process,default.stderr.writable,supported,supported,unsupported,supported,supported,unsupported
process,default.stderr.writableBuffer,supported,supported,unsupported,supported,supported,unsupported
process,default.stderr.writableCorked,supported,supported,unsupported,supported,supported,unsupported
process,default.stderr.writableEnded,supported,supported,unsupported,supported,supported,unsupported
process,default.stderr.writableFinished,supported,supported,unsupported,supported,supported,unsupported
process,default.stderr.writableHighWaterMark,supported,supported,unsupported,supported,supported,unsupported
process,default.stderr.writableLength,supported,supported,unsupported,supported,supported,unsupported
process,default.stderr.writableNeedDrain,supported,supported,unsupported,supported,supported,unsupported
process,default.stderr.writableObjectMode,supported,supported,unsupported,supported,supported,unsupported
process,default.stderr.write,supported,supported,supported,supported,supported,unsupported
process,default.stdin.*self*,supported,supported,supported,supported,supported,unsupported
process,default.stdin._bytesDispatched,supported,supported,unsupported,unsupported,unsupported,unsupported
process,default.stdin._closeAfterHandlingError,supported,supported,unsupported,unsupported,unsupported,unsupported
process,default.stdin._connecting,supported,supported,unsupported,unsupported,unsupported,unsupported
process,default.stdin._destroy,supported,supported,unsupported,supported,supported,unsupported
process,default.stdin._events,supported,supported,unsupported,supported,supported,unsupported
process,default.stdin._eventsCount,supported,supported,unsupported,supported,supported,unsupported
process,default.stdin._final,supported,supported,unsupported,unsupported,unsupported,unsupported
process,default.stdin._getpeername,supported,supported,unsupported,unsupported,unsupported,unsupported
process,default.stdin._getsockname,supported,supported,unsupported,unsupported,unsupported,unsupported
process,default.stdin._hadError,supported,supported,unsupported,unsupported,unsupported,unsupported
process,default.stdin._handle,supported,supported,unsupported,unsupported,unsupported,unsupported
process,default.stdin._host,supported,supported,unsupported,unsupported,unsupported,unsupported
process,default.stdin._maxListeners,supported,supported,unsupported,supported,supported,unsupported
process,default.stdin._onTimeout,supported,supported,unsupported,unsupported,unsupported,unsupported
process,default.stdin._parent,supported,supported,unsupported,unsupported,unsupported,unsupported
process,default.stdin._pendingData,supported,supported,unsupported,unsupported,unsupported,unsupported
process,default.stdin._pendingEncoding,supported,supported,unsupported,unsupported,unsupported,unsupported
process,default.stdin._read,supported,supported,unsupported,supported,supported,unsupported
process,default.stdin._readableState,supported,supported,unsupported,supported,supported,unsupported
process,default.stdin._reset,supported,supported,unsupported,unsupported,unsupported,unsupported
process,default.stdin._server,supported,supported,unsupported,unsupported,unsupported,unsupported
process,default.stdin._sockname,supported,supported,unsupported,unsupported,unsupported,unsupported
process,default.stdin._undestroy,supported,supported,unsupported,supported,supported,unsupported
process,default.stdin._unrefTimer,supported,supported,unsupported,unsupported,unsupported,unsupported
process,default.stdin._writableState,supported,supported,unsupported,unsupported,supported,unsupported
process,default.stdin._write,supported,supported,unsupported,unsupported,supported,unsupported
process,default.stdin._writeGeneric,supported,supported,unsupported,unsupported,unsupported,unsupported
process,default.stdin._writev,supported,supported,unsupported,unsupported,mismatch,unsupported
process,default.stdin.addListener,supported,supported,unsupported,supported,supported,unsupported
process,default.stdin.address,supported,supported,unsupported,unsupported,unsupported,unsupported
process,default.stdin.allowHalfOpen,supported,supported,unsupported,unsupported,supported,unsupported
process,default.stdin.asIndexedPairs,supported,unsupported,unsupported,unsupported,supported,unsupported
process,default.stdin.bufferSize,supported,supported,unsupported,unsupported,unsupported,unsupported
process,default.stdin.bytesRead,supported,supported,unsupported,supported,unsupported,unsupported
process,default.stdin.bytesWritten,supported,supported,unsupported,unsupported,unsupported,unsupported
process,default.stdin.closed,supported,supported,unsupported,supported,supported,unsupported
process,default.stdin.compose,supported,supported,unsupported,supported,unsupported,unsupported
process,default.stdin.connect,supported,supported,unsupported,unsupported,unsupported,unsupported
process,default.stdin.connecting,supported,supported,unsupported,unsupported,unsupported,unsupported
process,default.stdin.cork,supported,supported,unsupported,unsupported,supported,unsupported
process,default.stdin.destroy,supported,supported,unsupported,supported,supported,unsupported
process,default.stdin.destroySoon,supported,supported,unsupported,unsupported,unsupported,unsupported
process,default.stdin.destroyed,supported,supported,unsupported,supported,supported,unsupported
process,default.stdin.domain,supported,supported,unsupported,unsupported,unsupported,unsupported
process,default.stdin.drop,supported,supported,unsupported,supported,supported,unsupported
process,default.stdin.emit,supported,supported,unsupported,supported,supported,unsupported
process,default.stdin.end,supported,supported,unsupported,mismatch,supported,unsupported
process,default.stdin.errored,supported,supported,unsupported,supported,supported,unsupported
process,default.stdin.eventNames,supported,supported,unsupported,supported,supported,unsupported
process,default.stdin.every,supported,supported,unsupported,supported,supported,unsupported
process,default.stdin.fd,supported,supported,supported,supported,supported,unsupported
process,default.stdin.filter,supported,supported,unsupported,supported,supported,unsupported
process,default.stdin.find,supported,supported,unsupported,supported,supported,unsupported
process,default.stdin.flatMap,supported,supported,unsupported,supported,supported,unsupported
process,default.stdin.forEach,supported,supported,unsupported,supported,supported,unsupported
process,default.stdin.getMaxListeners,supported,supported,unsupported,supported,supported,unsupported
process,default.stdin.isPaused,supported,supported,unsupported,supported,supported,unsupported
process,default.stdin.iterator,supported,supported,unsupported,supported,supported,unsupported
process,default.stdin.listenerCount,supported,supported,unsupported,supported,supported,unsupported
process,default.stdin.listeners,supported,supported,unsupported,supported,supported,unsupported
process,default.stdin.localAddress,supported,supported,unsupported,unsupported,unsupported,unsupported
process,default.stdin.localFamily,supported,supported,unsupported,unsupported,unsupported,unsupported
process,default.stdin.localPort,supported,supported,unsupported,unsupported,unsupported,unsupported
process,default.stdin.map,supported,supported,unsupported,supported,supported,unsupported
process,default.stdin.off,supported,supported,unsupported,supported,supported,unsupported
process,default.stdin.on,supported,supported,unsupported,supported,supported,unsupported
process,default.stdin.once,supported,supported,unsupported,supported,supported,unsupported
process,default.stdin.pause,supported,supported,unsupported,supported,supported,unsupported
process,default.stdin.pending,supported,supported,unsupported,supported,unsupported,unsupported
process,default.stdin.pipe,supported,supported,unsupported,supported,supported,unsupported
process,default.stdin.prependListener,supported,supported,unsupported,supported,supported,unsupported
process,default.stdin.prependOnceListener,supported,supported,unsupported,supported,supported,unsupported
process,default.stdin.push,supported,supported,unsupported,supported,supported,unsupported
process,default.stdin.rawListeners,supported,supported,unsupported,supported,supported,unsupported
process,default.stdin.read,supported,supported,unsupported,supported,supported,unsupported
process,default.stdin.readable,supported,supported,unsupported,supported,supported,unsupported
process,default.stdin.readableAborted,supported,supported,unsupported,supported,supported,unsupported
process,default.stdin.readableBuffer,supported,supported,unsupported,supported,supported,unsupported
process,default.stdin.readableDidRead,supported,supported,unsupported,supported,supported,unsupported
process,default.stdin.readableEncoding,supported,supported,unsupported,supported,supported,unsupported
process,default.stdin.readableEnded,supported,supported,unsupported,supported,supported,unsupported
process,default.stdin.readableFlowing,supported,supported,unsupported,supported,supported,unsupported
process,default.stdin.readableHighWaterMark,supported,supported,unsupported,supported,supported,unsupported
process,default.stdin.readableLength,supported,supported,unsupported,supported,supported,unsupported
process,default.stdin.readableObjectMode,supported,supported,unsupported,supported,supported,unsupported
process,default.stdin.readyState,supported,supported,unsupported,unsupported,unsupported,unsupported
process,default.stdin.reduce,supported,supported,unsupported,supported,supported,unsupported
process,default.stdin.ref,supported,supported,unsupported,unsupported,unsupported,unsupported
process,default.stdin.remoteAddress,supported,supported,unsupported,unsupported,unsupported,unsupported
process,default.stdin.remoteFamily,supported,supported,unsupported,unsupported,unsupported,unsupported
process,default.stdin.remotePort,supported,supported,unsupported,unsupported,unsupported,unsupported
process,default.stdin.removeAllListeners,supported,supported,unsupported,supported,supported,unsupported
process,default.stdin.removeListener,supported,supported,unsupported,supported,supported,unsupported
process,default.stdin.resetAndDestroy,supported,supported,unsupported,unsupported,unsupported,unsupported
process,default.stdin.resume,supported,supported,unsupported,supported,supported,unsupported
process,default.stdin.server,supported,supported,unsupported,unsupported,unsupported,unsupported
process,default.stdin.setDefaultEncoding,supported,supported,unsupported,unsupported,supported,unsupported
process,default.stdin.setEncoding,supported,supported,unsupported,supported,supported,unsupported
process,default.stdin.setKeepAlive,supported,supported,unsupported,unsupported,unsupported,unsupported
process,default.stdin.setMaxListeners,supported,supported,unsupported,supported,supported,unsupported
process,default.stdin.setNoDelay,supported,supported,unsupported,unsupported,unsupported,unsupported
process,default.stdin.setTimeout,supported,supported,unsupported,unsupported,unsupported,unsupported
process,default.stdin.some,supported,supported,unsupported,supported,supported,unsupported
process,default.stdin.take,supported,supported,unsupported,supported,supported,unsupported
process,default.stdin.toArray,supported,supported,unsupported,supported,supported,unsupported
process,default.stdin.uncork,supported,supported,unsupported,unsupported,supported,unsupported
process,default.stdin.unpipe,supported,supported,unsupported,supported,supported,unsupported
process,default.stdin.unref,supported,supported,unsupported,unsupported,unsupported,unsupported
process,default.stdin.unshift,supported,supported,unsupported,supported,supported,unsupported
process,default.stdin.wrap,supported,supported,unsupported,supported,supported,unsupported
process,default.stdin.writable,supported,supported,unsupported,unsupported,supported,unsupported
process,default.stdin.writableBuffer,supported,supported,unsupported,unsupported,supported,unsupported
process,default.stdin.writableCorked,supported,supported,unsupported,unsupported,supported,unsupported
process,default.stdin.writableEnded,supported,supported,unsupported,unsupported,supported,unsupported
process,default.stdin.writableFinished,supported,supported,unsupported,unsupported,supported,unsupported
process,default.stdin.writableHighWaterMark,supported,supported,unsupported,unsupported,supported,unsupported
process,default.stdin.writableLength,supported,supported,unsupported,unsupported,supported,unsupported
process,default.stdin.writableNeedDrain,supported,supported,unsupported,unsupported,supported,unsupported
process,default.stdin.writableObjectMode,supported,supported,unsupported,unsupported,supported,unsupported
process,default.stdin.write,supported,supported,unsupported,unsupported,supported,unsupported
process,default.stdout.*self*,supported,supported,supported,supported,supported,unsupported
process,default.stdout._bytesDispatched,supported,supported,unsupported,unsupported,unsupported,unsupported
process,default.stdout._closeAfterHandlingError,supported,supported,unsupported,unsupported,unsupported,unsupported
process,default.stdout._connecting,supported,supported,unsupported,unsupported,unsupported,unsupported
process,default.stdout._destroy,supported,supported,unsupported,supported,supported,unsupported
process,default.stdout._events,supported,supported,unsupported,supported,supported,unsupported
process,default.stdout._eventsCount,supported,supported,unsupported,supported,supported,unsupported
process,default.stdout._final,supported,supported,unsupported,unsupported,unsupported,unsupported
process,default.stdout._getpeername,supported,supported,unsupported,unsupported,unsupported,unsupported
process,default.stdout._getsockname,supported,supported,unsupported,unsupported,unsupported,unsupported
process,default.stdout._hadError,supported,supported,unsupported,unsupported,unsupported,unsupported
process,default.stdout._handle,supported,supported,unsupported,unsupported,unsupported,unsupported
process,default.stdout._host,supported,supported,unsupported,unsupported,unsupported,unsupported
process,default.stdout._isStdio,supported,supported,unsupported,supported,supported,unsupported
process,default.stdout._maxListeners,supported,supported,unsupported,supported,supported,unsupported
process,default.stdout._onTimeout,supported,supported,unsupported,unsupported,unsupported,unsupported
process,default.stdout._parent,supported,supported,unsupported,unsupported,unsupported,unsupported
process,default.stdout._pendingData,supported,supported,unsupported,unsupported,unsupported,unsupported
process,default.stdout._pendingEncoding,supported,supported,unsupported,unsupported,unsupported,unsupported
process,default.stdout._read,supported,supported,unsupported,unsupported,unsupported,unsupported
process,default.stdout._readableState,supported,supported,unsupported,unsupported,unsupported,unsupported
process,default.stdout._reset,supported,supported,unsupported,unsupported,unsupported,unsupported
process,default.stdout._server,supported,supported,unsupported,unsupported,unsupported,unsupported
process,default.stdout._sockname,supported,supported,unsupported,unsupported,unsupported,unsupported
process,default.stdout._type,supported,supported,unsupported,supported,unsupported,unsupported
process,default.stdout._undestroy,supported,supported,unsupported,supported,supported,unsupported
process,default.stdout._unrefTimer,supported,supported,unsupported,unsupported,unsupported,unsupported
process,default.stdout._writableState,supported,supported,unsupported,supported,supported,unsupported
process,default.stdout._write,supported,supported,unsupported,supported,supported,unsupported
process,default.stdout._writeGeneric,supported,supported,unsupported,unsupported,unsupported,unsupported
process,default.stdout._writev,supported,supported,unsupported,mismatch,mismatch,unsupported
process,default.stdout.addListener,supported,supported,unsupported,supported,supported,unsupported
process,default.stdout.address,supported,supported,unsupported,unsupported,unsupported,unsupported
process,default.stdout.allowHalfOpen,supported,supported,unsupported,unsupported,unsupported,unsupported
process,default.stdout.asIndexedPairs,supported,unsupported,unsupported,unsupported,unsupported,unsupported
process,default.stdout.bufferSize,supported,supported,unsupported,unsupported,unsupported,unsupported
process,default.stdout.bytesRead,supported,supported,unsupported,unsupported,unsupported,unsupported
process,default.stdout.bytesWritten,supported,supported,unsupported,supported,unsupported,unsupported
process,default.stdout.closed,supported,supported,unsupported,supported,supported,unsupported
process,default.stdout.compose,supported,supported,unsupported,unsupported,unsupported,unsupported
process,default.stdout.connect,supported,supported,unsupported,unsupported,unsupported,unsupported
process,default.stdout.connecting,supported,supported,unsupported,unsupported,unsupported,unsupported
process,default.stdout.cork,supported,supported,unsupported,supported,supported,unsupported
process,default.stdout.destroy,supported,supported,unsupported,supported,supported,unsupported
process,default.stdout.destroySoon,supported,supported,unsupported,supported,supported,unsupported
process,default.stdout.destroyed,supported,supported,unsupported,supported,supported,unsupported
process,default.stdout.domain,supported,supported,unsupported,unsupported,unsupported,unsupported
process,default.stdout.drop,supported,supported,unsupported,unsupported,unsupported,unsupported
process,default.stdout.emit,supported,supported,unsupported,supported,supported,unsupported
process,default.stdout.end,supported,supported,unsupported,supported,supported,unsupported
process,default.stdout.errored,supported,supported,unsupported,supported,supported,unsupported
process,default.stdout.eventNames,supported,supported,unsupported,supported,supported,unsupported
process,default.stdout.every,supported,supported,unsupported,unsupported,unsupported,unsupported
process,default.stdout.fd,supported,supported,supported,supported,supported,unsupported
process,default.stdout.filter,supported,supported,unsupported,unsupported,unsupported,unsupported
process,default.stdout.find,supported,supported,unsupported,unsupported,unsupported,unsupported
process,default.stdout.flatMap,supported,supported,unsupported,unsupported,unsupported,unsupported
process,default.stdout.forEach,supported,supported,unsupported,unsupported,unsupported,unsupported
process,default.stdout.getMaxListeners,supported,supported,unsupported,supported,supported,unsupported
process,default.stdout.isPaused,supported,supported,unsupported,unsupported,unsupported,unsupported
process,default.stdout.iterator,supported,supported,unsupported,unsupported,unsupported,unsupported
process,default.stdout.listenerCount,supported,supported,unsupported,supported,supported,unsupported
process,default.stdout.listeners,supported,supported,unsupported,supported,supported,unsupported
process,default.stdout.localAddress,supported,supported,unsupported,unsupported,unsupported,unsupported
process,default.stdout.localFamily,supported,supported,unsupported,unsupported,unsupported,unsupported
process,default.stdout.localPort,supported,supported,unsupported,unsupported,unsupported,unsupported
process,default.stdout.map,supported,supported,unsupported,unsupported,unsupported,unsupported
process,default.stdout.off,supported,supported,unsupported,supported,supported,unsupported
process,default.stdout.on,supported,supported,unsupported,supported,supported,unsupported
process,default.stdout.once,supported,supported,unsupported,supported,supported,unsupported
process,default.stdout.pause,supported,supported,unsupported,unsupported,unsupported,unsupported
process,default.stdout.pending,supported,supported,unsupported,supported,unsupported,unsupported
process,default.stdout.pipe,supported,supported,unsupported,supported,supported,unsupported
process,default.stdout.prependListener,supported,supported,unsupported,supported,supported,unsupported
process,default.stdout.prependOnceListener,supported,supported,unsupported,supported,supported,unsupported
process,default.stdout.push,supported,supported,unsupported,unsupported,unsupported,unsupported
process,default.stdout.rawListeners,supported,supported,unsupported,supported,supported,unsupported
process,default.stdout.read,supported,supported,unsupported,unsupported,unsupported,unsupported
process,default.stdout.readable,supported,supported,unsupported,supported,unsupported,unsupported
process,default.stdout.readableAborted,supported,supported,unsupported,unsupported,unsupported,unsupported
process,default.stdout.readableBuffer,supported,supported,unsupported,unsupported,unsupported,unsupported
process,default.stdout.readableDidRead,supported,supported,unsupported,unsupported,unsupported,unsupported
process,default.stdout.readableEncoding,supported,supported,unsupported,unsupported,unsupported,unsupported
process,default.stdout.readableEnded,supported,supported,unsupported,unsupported,unsupported,unsupported
process,default.stdout.readableFlowing,supported,supported,unsupported,unsupported,unsupported,unsupported
process,default.stdout.readableHighWaterMark,supported,supported,unsupported,unsupported,unsupported,unsupported
process,default.stdout.readableLength,supported,supported,unsupported,unsupported,unsupported,unsupported
process,default.stdout.readableObjectMode,supported,supported,unsupported,unsupported,unsupported,unsupported
process,default.stdout.readyState,supported,supported,unsupported,unsupported,unsupported,unsupported
process,default.stdout.reduce,supported,supported,unsupported,unsupported,unsupported,unsupported
process,default.stdout.ref,supported,supported,unsupported,unsupported,unsupported,unsupported
process,default.stdout.remoteAddress,supported,supported,unsupported,unsupported,unsupported,unsupported
process,default.stdout.remoteFamily,supported,supported,unsupported,unsupported,unsupported,unsupported
process,default.stdout.remotePort,supported,supported,unsupported,unsupported,unsupported,unsupported
process,default.stdout.removeAllListeners,supported,supported,unsupported,supported,supported,unsupported
process,default.stdout.removeListener,supported,supported,unsupported,supported,supported,unsupported
process,default.stdout.resetAndDestroy,supported,supported,unsupported,unsupported,unsupported,unsupported
process,default.stdout.resume,supported,supported,unsupported,unsupported,unsupported,unsupported
process,default.stdout.server,supported,supported,unsupported,unsupported,unsupported,unsupported
process,default.stdout.setDefaultEncoding,supported,supported,unsupported,supported,supported,unsupported
process,default.stdout.setEncoding,supported,supported,unsupported,unsupported,unsupported,unsupported
process,default.stdout.setKeepAlive,supported,supported,unsupported,unsupported,unsupported,unsupported
process,default.stdout.setMaxListeners,supported,supported,unsupported,supported,supported,unsupported
process,default.stdout.setNoDelay,supported,supported,unsupported,unsupported,unsupported,unsupported
process,default.stdout.setTimeout,supported,supported,unsupported,unsupported,unsupported,unsupported
process,default.stdout.some,supported,supported,unsupported,unsupported,unsupported,unsupported
process,default.stdout.take,supported,supported,unsupported,unsupported,unsupported,unsupported
process,default.stdout.toArray,supported,supported,unsupported,unsupported,unsupported,unsupported
process,default.stdout.uncork,supported,supported,unsupported,supported,supported,unsupported
process,default.stdout.unpipe,supported,supported,unsupported,unsupported,unsupported,unsupported
process,default.stdout.unref,supported,supported,unsupported,unsupported,unsupported,unsupported
process,default.stdout.unshift,supported,supported,unsupported,unsupported,unsupported,unsupported
process,default.stdout.wrap,supported,supported,unsupported,unsupported,unsupported,unsupported
process,default.stdout.writable,supported,supported,unsupported,supported,supported,unsupported
process,default.stdout.writableBuffer,supported,supported,unsupported,supported,supported,unsupported
process,default.stdout.writableCorked,supported,supported,unsupported,supported,supported,unsupported
process,default.stdout.writableEnded,supported,supported,unsupported,supported,supported,unsupported
process,default.stdout.writableFinished,supported,supported,unsupported,supported,supported,unsupported
process,default.stdout.writableHighWaterMark,supported,supported,unsupported,supported,supported,unsupported
process,default.stdout.writableLength,supported,supported,unsupported,supported,supported,unsupported
process,default.stdout.writableNeedDrain,supported,supported,unsupported,supported,supported,unsupported
process,default.stdout.writableObjectMode,supported,supported,unsupported,supported,supported,unsupported
process,default.stdout.write,supported,supported,supported,supported,supported,unsupported
process,default.title,supported,supported,supported,supported,supported,unsupported
process,default.umask,supported,supported,supported,supported,supported,unsupported
process,default.unref,supported,supported,unsupported,unsupported,unsupported,unsupported
process,default.uptime,supported,supported,supported,supported,supported,unsupported
process,default.version,supported,supported,supported,supported,supported,unsupported
process,default.versions.*self*,supported,supported,supported,supported,supported,unsupported
process,default.versions.acorn,supported,supported,unsupported,unsupported,unsupported,unsupported
process,default.versions.ada,supported,supported,unsupported,unsupported,unsupported,unsupported
process,default.versions.amaro,supported,supported,unsupported,unsupported,unsupported,unsupported
process,default.versions.ares,supported,supported,unsupported,supported,supported,unsupported
process,default.versions.base64,supported,unsupported,unsupported,unsupported,unsupported,unsupported
process,default.versions.brotli,supported,supported,unsupported,unsupported,supported,unsupported
process,default.versions.cjs_module_lexer,supported,supported,unsupported,unsupported,unsupported,unsupported
process,default.versions.cldr,supported,supported,unsupported,unsupported,supported,unsupported
process,default.versions.icu,supported,supported,unsupported,supported,supported,unsupported
process,default.versions.llhttp,supported,supported,unsupported,unsupported,supported,unsupported
process,default.versions.modules,supported,supported,unsupported,supported,supported,unsupported
process,default.versions.napi,supported,supported,unsupported,supported,supported,unsupported
process,default.versions.nbytes,supported,supported,unsupported,unsupported,unsupported,unsupported
process,default.versions.ncrypto,supported,supported,unsupported,unsupported,unsupported,unsupported
process,default.versions.nghttp2,supported,supported,unsupported,unsupported,supported,unsupported
process,default.versions.nghttp3,supported,supported,unsupported,unsupported,supported,unsupported
process,default.versions.ngtcp2,supported,supported,unsupported,unsupported,supported,unsupported
process,default.versions.node,supported,supported,unsupported,supported,supported,unsupported
process,default.versions.openssl,supported,supported,unsupported,supported,supported,unsupported
process,default.versions.simdjson,supported,supported,unsupported,unsupported,unsupported,unsupported
process,default.versions.simdutf,supported,supported,unsupported,unsupported,unsupported,unsupported
process,default.versions.sqlite,supported,supported,unsupported,unsupported,unsupported,unsupported
process,default.versions.tz,supported,supported,unsupported,unsupported,supported,unsupported
process,default.versions.undici,supported,supported,unsupported,unsupported,unsupported,unsupported
process,default.versions.unicode,supported,supported,unsupported,supported,supported,unsupported
process,default.versions.uv,supported,supported,unsupported,supported,supported,unsupported
process,default.versions.uvwasi,supported,supported,unsupported,unsupported,unsupported,unsupported
process,default.versions.v8,supported,supported,unsupported,supported,supported,unsupported
process,default.versions.zlib,supported,supported,unsupported,supported,supported,unsupported
process,abort,supported,supported,supported,supported,supported,unsupported
process,allowedNodeEnvironmentFlags.*self*,supported,supported,supported,supported,supported,unsupported
process,allowedNodeEnvironmentFlags.add,supported,supported,supported,supported,supported,unsupported
process,allowedNodeEnvironmentFlags.clear,supported,supported,supported,supported,supported,unsupported
process,allowedNodeEnvironmentFlags.delete,supported,supported,supported,supported,supported,unsupported
process,allowedNodeEnvironmentFlags.difference,supported,supported,supported,supported,supported,unsupported
process,allowedNodeEnvironmentFlags.entries,supported,supported,supported,supported,supported,unsupported
process,allowedNodeEnvironmentFlags.forEach,supported,supported,supported,supported,supported,unsupported
process,allowedNodeEnvironmentFlags.has,supported,supported,supported,supported,supported,unsupported
process,allowedNodeEnvironmentFlags.intersection,supported,supported,supported,supported,supported,unsupported
process,allowedNodeEnvironmentFlags.isDisjointFrom,supported,supported,supported,supported,supported,unsupported
process,allowedNodeEnvironmentFlags.isSubsetOf,supported,supported,supported,supported,supported,unsupported
process,allowedNodeEnvironmentFlags.isSupersetOf,supported,supported,supported,supported,supported,unsupported
process,allowedNodeEnvironmentFlags.keys,supported,supported,supported,supported,supported,unsupported
process,allowedNodeEnvironmentFlags.size,supported,supported,supported,supported,supported,unsupported
process,allowedNodeEnvironmentFlags.symmetricDifference,supported,supported,supported,supported,supported,unsupported
process,allowedNodeEnvironmentFlags.union,supported,supported,supported,supported,supported,unsupported
process,allowedNodeEnvironmentFlags.values,supported,supported,supported,supported,supported,unsupported
process,arch,supported,supported,supported,supported,supported,unsupported
process,argv,supported,supported,supported,supported,supported,unsupported
process,argv0,supported,supported,supported,supported,supported,unsupported
process,assert,supported,supported,supported,supported,unsupported,unsupported
process,availableMemory,supported,supported,supported,supported,unsupported,unsupported
process,binding,supported,supported,supported,supported,unsupported,unsupported
process,chdir,supported,supported,supported,supported,supported,unsupported
process,config.*self*,supported,supported,supported,supported,unsupported,unsupported
process,config.target_defaults.*self*,supported,supported,unsupported,supported,unsupported,unsupported
process,config.target_defaults.cflags,supported,supported,unsupported,unsupported,unsupported,unsupported
process,config.target_defaults.configurations,supported,supported,unsupported,unsupported,unsupported,unsupported
process,config.target_defaults.default_configuration,supported,supported,unsupported,unsupported,unsupported,unsupported
process,config.target_defaults.defines,supported,supported,unsupported,unsupported,unsupported,unsupported
process,config.target_defaults.include_dirs,supported,supported,unsupported,unsupported,unsupported,unsupported
process,config.target_defaults.libraries,supported,supported,unsupported,unsupported,unsupported,unsupported
process,config.variables.*self*,supported,supported,unsupported,supported,unsupported,unsupported
process,config.variables.arm_fpu,supported,supported,unsupported,unsupported,unsupported,unsupported
process,config.variables.asan,supported,supported,unsupported,unsupported,unsupported,unsupported
process,config.variables.clang,supported,supported,unsupported,unsupported,unsupported,unsupported
process,config.variables.coverage,supported,supported,unsupported,unsupported,unsupported,unsupported
process,config.variables.dcheck_always_on,supported,supported,unsupported,unsupported,unsupported,unsupported
process,config.variables.debug_nghttp2,supported,supported,unsupported,unsupported,unsupported,unsupported
process,config.variables.debug_node,supported,supported,unsupported,unsupported,unsupported,unsupported
process,config.variables.enable_lto,supported,supported,unsupported,supported,unsupported,unsupported
process,config.variables.enable_pgo_generate,supported,supported,unsupported,unsupported,unsupported,unsupported
process,config.variables.enable_pgo_use,supported,supported,unsupported,unsupported,unsupported,unsupported
process,config.variables.error_on_warn,supported,supported,unsupported,unsupported,unsupported,unsupported
process,config.variables.force_dynamic_crt,supported,supported,unsupported,unsupported,unsupported,unsupported
process,config.variables.host_arch,supported,supported,unsupported,unsupported,unsupported,unsupported
process,config.variables.icu_data_in,supported,supported,unsupported,unsupported,unsupported,unsupported
process,config.variables.icu_endianness,supported,supported,unsupported,unsupported,unsupported,unsupported
process,config.variables.icu_gyp_path,supported,supported,unsupported,unsupported,unsupported,unsupported
process,config.variables.icu_path,supported,supported,unsupported,unsupported,unsupported,unsupported
process,config.variables.icu_small,supported,supported,unsupported,unsupported,unsupported,unsupported
process,config.variables.icu_ver_major,supported,supported,unsupported,unsupported,unsupported,unsupported
process,config.variables.is_debug,supported,unsupported,unsupported,unsupported,unsupported,unsupported
process,config.variables.libdir,supported,supported,unsupported,unsupported,unsupported,unsupported
process,config.variables.llvm_version,supported,supported,unsupported,unsupported,unsupported,unsupported
process,config.variables.napi_build_version,supported,supported,unsupported,unsupported,unsupported,unsupported
process,config.variables.node_builtin_shareable_builtins,supported,supported,unsupported,unsupported,unsupported,unsupported
process,config.variables.node_byteorder,supported,supported,unsupported,unsupported,unsupported,unsupported
process,config.variables.node_debug_lib,supported,supported,unsupported,unsupported,unsupported,unsupported
process,config.variables.node_enable_d8,supported,supported,unsupported,unsupported,unsupported,unsupported
process,config.variables.node_enable_v8_vtunejit,supported,supported,unsupported,unsupported,unsupported,unsupported
process,config.variables.node_fipsinstall,supported,supported,unsupported,unsupported,unsupported,unsupported
process,config.variables.node_install_corepack,supported,supported,unsupported,unsupported,unsupported,unsupported
process,config.variables.node_install_npm,supported,supported,unsupported,unsupported,unsupported,unsupported
process,config.variables.node_library_files,supported,supported,unsupported,unsupported,unsupported,unsupported
process,config.variables.node_module_version,supported,supported,unsupported,unsupported,unsupported,unsupported
process,config.variables.node_no_browser_globals,supported,supported,unsupported,unsupported,unsupported,unsupported
process,config.variables.node_prefix,supported,supported,unsupported,unsupported,unsupported,unsupported
process,config.variables.node_release_urlbase,supported,supported,unsupported,unsupported,unsupported,unsupported
process,config.variables.node_shared,supported,supported,unsupported,unsupported,unsupported,unsupported
process,config.variables.node_shared_ada,supported,supported,unsupported,unsupported,unsupported,unsupported
process,config.variables.node_shared_brotli,supported,supported,unsupported,unsupported,unsupported,unsupported
process,config.variables.node_shared_cares,supported,supported,unsupported,unsupported,unsupported,unsupported
process,config.variables.node_shared_http_parser,supported,supported,unsupported,unsupported,unsupported,unsupported
process,config.variables.node_shared_libuv,supported,supported,unsupported,unsupported,unsupported,unsupported
process,config.variables.node_shared_nghttp2,supported,supported,unsupported,unsupported,unsupported,unsupported
process,config.variables.node_shared_nghttp3,supported,supported,unsupported,unsupported,unsupported,unsupported
process,config.variables.node_shared_ngtcp2,supported,supported,unsupported,unsupported,unsupported,unsupported
process,config.variables.node_shared_openssl,supported,supported,unsupported,unsupported,unsupported,unsupported
process,config.variables.node_shared_simdjson,supported,supported,unsupported,unsupported,unsupported,unsupported
process,config.variables.node_shared_simdutf,supported,supported,unsupported,unsupported,unsupported,unsupported
process,config.variables.node_shared_sqlite,supported,supported,unsupported,unsupported,unsupported,unsupported
process,config.variables.node_shared_uvwasi,supported,supported,unsupported,unsupported,unsupported,unsupported
process,config.variables.node_shared_zlib,supported,supported,unsupported,unsupported,unsupported,unsupported
process,config.variables.node_tag,supported,supported,unsupported,unsupported,unsupported,unsupported
process,config.variables.node_target_type,supported,supported,unsupported,unsupported,unsupported,unsupported
process,config.variables.node_use_amaro,supported,supported,unsupported,unsupported,unsupported,unsupported
process,config.variables.node_use_bundled_v8,supported,supported,unsupported,unsupported,unsupported,unsupported
process,config.variables.node_use_dtrace,supported,unsupported,unsupported,unsupported,unsupported,unsupported
process,config.variables.node_use_etw,supported,unsupported,unsupported,unsupported,unsupported,unsupported
process,config.variables.node_use_node_code_cache,supported,supported,unsupported,unsupported,unsupported,unsupported
process,config.variables.node_use_node_snapshot,supported,supported,unsupported,unsupported,unsupported,unsupported
process,config.variables.node_use_openssl,supported,supported,unsupported,unsupported,unsupported,unsupported
process,config.variables.node_use_v8_platform,supported,supported,unsupported,unsupported,unsupported,unsupported
process,config.variables.node_with_ltcg,supported,supported,unsupported,unsupported,unsupported,unsupported
process,config.variables.node_without_node_options,supported,supported,unsupported,unsupported,unsupported,unsupported
process,config.variables.node_write_snapshot_as_array_literals,supported,supported,unsupported,unsupported,unsupported,unsupported
process,config.variables.openssl_is_fips,supported,supported,unsupported,unsupported,unsupported,unsupported
process,config.variables.openssl_quic,supported,supported,unsupported,unsupported,unsupported,unsupported
process,config.variables.ossfuzz,supported,supported,unsupported,unsupported,unsupported,unsupported
process,config.variables.shlib_suffix,supported,supported,unsupported,unsupported,unsupported,unsupported
process,config.variables.single_executable_application,supported,supported,unsupported,unsupported,unsupported,unsupported
process,config.variables.target_arch,supported,supported,unsupported,unsupported,unsupported,unsupported
process,config.variables.ubsan,supported,supported,unsupported,unsupported,unsupported,unsupported
process,config.variables.use_prefix_to_find_headers,supported,supported,unsupported,unsupported,unsupported,unsupported
process,config.variables.v8_enable_31bit_smis_on_64bit_arch,supported,supported,unsupported,unsupported,unsupported,unsupported
process,config.variables.v8_enable_extensible_ro_snapshot,supported,supported,unsupported,unsupported,unsupported,unsupported
process,config.variables.v8_enable_gdbjit,supported,supported,unsupported,unsupported,unsupported,unsupported
process,config.variables.v8_enable_hugepage,supported,supported,unsupported,unsupported,unsupported,unsupported
process,config.variables.v8_enable_i18n_support,supported,supported,unsupported,unsupported,unsupported,unsupported
process,config.variables.v8_enable_inspector,supported,supported,unsupported,unsupported,unsupported,unsupported
process,config.variables.v8_enable_javascript_promise_hooks,supported,supported,unsupported,unsupported,unsupported,unsupported
process,config.variables.v8_enable_lite_mode,supported,supported,unsupported,unsupported,unsupported,unsupported
process,config.variables.v8_enable_maglev,supported,supported,unsupported,unsupported,unsupported,unsupported
process,config.variables.v8_enable_object_print,supported,supported,unsupported,unsupported,unsupported,unsupported
process,config.variables.v8_enable_pointer_compression,supported,supported,unsupported,unsupported,unsupported,unsupported
process,config.variables.v8_enable_sandbox,supported,supported,unsupported,unsupported,unsupported,unsupported
process,config.variables.v8_enable_shared_ro_heap,supported,supported,unsupported,unsupported,unsupported,unsupported
process,config.variables.v8_enable_v8_checks,supported,unsupported,unsupported,unsupported,unsupported,unsupported
process,config.variables.v8_enable_webassembly,supported,supported,unsupported,unsupported,unsupported,unsupported
process,config.variables.v8_no_strict_aliasing,supported,unsupported,unsupported,unsupported,unsupported,unsupported
process,config.variables.v8_optimized_debug,supported,supported,unsupported,unsupported,unsupported,unsupported
process,config.variables.v8_promise_internal_field_count,supported,supported,unsupported,unsupported,unsupported,unsupported
process,config.variables.v8_random_seed,supported,supported,unsupported,unsupported,unsupported,unsupported
process,config.variables.v8_trace_maps,supported,supported,unsupported,unsupported,unsupported,unsupported
process,config.variables.v8_use_siphash,supported,supported,unsupported,unsupported,unsupported,unsupported
process,config.variables.want_separate_host_toolset,supported,supported,unsupported,unsupported,unsupported,unsupported
process,config.variables.xcode_version,supported,supported,unsupported,unsupported,unsupported,unsupported
process,constrainedMemory,supported,supported,supported,supported,unsupported,unsupported
process,cpuUsage,supported,supported,supported,supported,supported,unsupported
process,cwd,supported,supported,supported,supported,supported,unsupported
process,debugPort,supported,supported,supported,supported,unsupported,unsupported
process,dlopen,supported,supported,supported,supported,supported,unsupported
process,domain,supported,supported,mismatch,unsupported,unsupported,unsupported
process,emitWarning,supported,supported,supported,supported,supported,unsupported
process,env.*self*,supported,supported,supported,supported,supported,unsupported
process,execArgv,supported,supported,supported,supported,supported,unsupported
process,execPath,supported,supported,supported,supported,supported,unsupported
process,exit,supported,supported,supported,supported,supported,unsupported
process,exitCode,supported,supported,supported,supported,unsupported,unsupported
process,features.*self*,supported,supported,supported,supported,unsupported,unsupported
process,features.cached_builtins,supported,supported,unsupported,supported,unsupported,unsupported
process,features.debug,supported,supported,unsupported,supported,unsupported,unsupported
process,features.inspector,supported,supported,unsupported,supported,unsupported,unsupported
process,features.ipv6,supported,supported,unsupported,supported,unsupported,unsupported
process,features.require_module,supported,supported,unsupported,unsupported,unsupported,unsupported
process,features.tls,supported,supported,unsupported,supported,unsupported,unsupported
process,features.tls_alpn,supported,supported,unsupported,supported,unsupported,unsupported
process,features.tls_ocsp,supported,supported,unsupported,supported,unsupported,unsupported
process,features.tls_sni,supported,supported,unsupported,supported,unsupported,unsupported
process,features.typescript,supported,supported,unsupported,unsupported,unsupported,unsupported
process,features.uv,supported,supported,unsupported,supported,unsupported,unsupported
process,finalization.*self*,supported,supported,supported,unsupported,unsupported,unsupported
process,finalization.register,supported,supported,stub,unsupported,unsupported,unsupported
process,finalization.registerBeforeExit,supported,supported,stub,unsupported,unsupported,unsupported
process,finalization.unregister,supported,supported,stub,unsupported,unsupported,unsupported
process,getActiveResourcesInfo,supported,supported,supported,supported,unsupported,unsupported
process,getBuiltinModule,supported,supported,supported,unsupported,supported,unsupported
process,getegid,supported,supported,mismatch,supported,supported,unsupported
process,geteuid,supported,supported,mismatch,supported,supported,unsupported
process,getgid,supported,supported,mismatch,supported,supported,unsupported
process,getgroups,supported,supported,mismatch,supported,unsupported,unsupported
process,getuid,supported,supported,mismatch,supported,supported,unsupported
process,hasUncaughtExceptionCaptureCallback,supported,supported,supported,supported,unsupported,unsupported
process,hrtime,supported,supported,supported,supported,supported,unsupported
process,initgroups,supported,supported,supported,unsupported,unsupported,unsupported
process,kill,supported,supported,supported,supported,supported,unsupported
process,loadEnvFile,supported,supported,supported,unsupported,unsupported,unsupported
process,memoryUsage,supported,supported,supported,supported,supported,unsupported
process,moduleLoadList,supported,supported,supported,supported,unsupported,unsupported
process,nextTick,supported,supported,supported,supported,supported,unsupported
process,openStdin,supported,supported,supported,supported,unsupported,unsupported
process,pid,supported,supported,supported,supported,supported,unsupported
process,platform,supported,supported,supported,supported,supported,unsupported
process,ppid,supported,supported,supported,supported,unsupported,unsupported
process,reallyExit,supported,supported,supported,supported,unsupported,unsupported
process,ref,supported,supported,unsupported,unsupported,unsupported,unsupported
process,release.*self*,supported,supported,supported,supported,unsupported,unsupported
process,release.headersUrl,supported,supported,unsupported,supported,unsupported,unsupported
process,release.lts,supported,supported,unsupported,unsupported,unsupported,unsupported
process,release.name,supported,supported,unsupported,supported,unsupported,unsupported
process,release.sourceUrl,supported,supported,unsupported,supported,unsupported,unsupported
process,report.*self*,supported,supported,supported,supported,unsupported,unsupported
process,report.compact,supported,supported,supported,supported,unsupported,unsupported
process,report.directory,supported,supported,supported,supported,unsupported,unsupported
process,report.excludeEnv,supported,supported,unsupported,mismatch,unsupported,unsupported
process,report.excludeNetwork,supported,supported,unsupported,unsupported,unsupported,unsupported
process,report.filename,supported,supported,supported,supported,unsupported,unsupported
process,report.getReport,supported,supported,stub,supported,unsupported,unsupported
process,report.reportOnFatalError,supported,supported,supported,supported,unsupported,unsupported
process,report.reportOnSignal,supported,supported,supported,supported,unsupported,unsupported
process,report.reportOnUncaughtException,supported,supported,supported,supported,unsupported,unsupported
process,report.signal,supported,supported,supported,unsupported,unsupported,unsupported
process,report.writeReport,supported,supported,stub,supported,unsupported,unsupported
process,resourceUsage,supported,supported,supported,unsupported,unsupported,unsupported
process,setSourceMapsEnabled,supported,supported,supported,supported,unsupported,unsupported
process,setUncaughtExceptionCaptureCallback,supported,supported,supported,supported,unsupported,unsupported
process,setegid,supported,supported,mismatch,supported,unsupported,unsupported
process,seteuid,supported,supported,mismatch,supported,unsupported,unsupported
process,setgid,supported,supported,mismatch,supported,unsupported,unsupported
process,setgroups,supported,supported,mismatch,supported,unsupported,unsupported
process,setuid,supported,supported,mismatch,supported,unsupported,unsupported
process,sourceMapsEnabled,supported,supported,supported,unsupported,unsupported,unsupported
process,stderr.*self*,supported,supported,supported,supported,supported,unsupported
process,stderr._bytesDispatched,supported,supported,unsupported,unsupported,unsupported,unsupported
process,stderr._closeAfterHandlingError,supported,supported,unsupported,unsupported,unsupported,unsupported
process,stderr._connecting,supported,supported,unsupported,unsupported,unsupported,unsupported
process,stderr._destroy,supported,supported,unsupported,supported,supported,unsupported
process,stderr._events.*self*,supported,supported,unsupported,supported,supported,unsupported
process,stderr._events.close,supported,supported,unsupported,supported,mismatch,unsupported
process,stderr._events.data,supported,supported,unsupported,unsupported,unsupported,unsupported
process,stderr._events.drain,supported,supported,unsupported,supported,unsupported,unsupported
process,stderr._events.end,supported,supported,unsupported,unsupported,unsupported,unsupported
process,stderr._events.error,supported,supported,unsupported,supported,unsupported,unsupported
process,stderr._events.finish,supported,supported,unsupported,supported,unsupported,unsupported
process,stderr._events.prefinish,supported,supported,unsupported,supported,unsupported,unsupported
process,stderr._events.readable,supported,supported,unsupported,unsupported,unsupported,unsupported
process,stderr._eventsCount,supported,supported,unsupported,supported,supported,unsupported
process,stderr._final,supported,supported,unsupported,unsupported,unsupported,unsupported
process,stderr._getpeername,supported,supported,unsupported,unsupported,unsupported,unsupported
process,stderr._getsockname,supported,supported,unsupported,unsupported,unsupported,unsupported
process,stderr._hadError,supported,supported,unsupported,unsupported,unsupported,unsupported
process,stderr._handle.*self*,supported,supported,unsupported,unsupported,unsupported,unsupported
process,stderr._handle._externalStream,supported,supported,unsupported,unsupported,unsupported,unsupported
process,stderr._handle.asyncReset,supported,supported,unsupported,unsupported,unsupported,unsupported
process,stderr._handle.bind,supported,supported,unsupported,unsupported,unsupported,unsupported
process,stderr._handle.bytesRead,supported,supported,unsupported,unsupported,unsupported,unsupported
process,stderr._handle.bytesWritten,supported,supported,unsupported,unsupported,unsupported,unsupported
process,stderr._handle.close,supported,supported,unsupported,unsupported,unsupported,unsupported
process,stderr._handle.connect,supported,supported,unsupported,unsupported,unsupported,unsupported
process,stderr._handle.fchmod,supported,supported,unsupported,unsupported,unsupported,unsupported
process,stderr._handle.fd,supported,supported,unsupported,unsupported,unsupported,unsupported
process,stderr._handle.getAsyncId,supported,supported,unsupported,unsupported,unsupported,unsupported
process,stderr._handle.getProviderType,supported,supported,unsupported,unsupported,unsupported,unsupported
process,stderr._handle.hasRef,supported,supported,unsupported,unsupported,unsupported,unsupported
process,stderr._handle.isStreamBase,supported,supported,unsupported,unsupported,unsupported,unsupported
process,stderr._handle.listen,supported,supported,unsupported,unsupported,unsupported,unsupported
process,stderr._handle.onread,supported,supported,unsupported,unsupported,unsupported,unsupported
process,stderr._handle.open,supported,supported,unsupported,unsupported,unsupported,unsupported
process,stderr._handle.readStart,supported,supported,unsupported,unsupported,unsupported,unsupported
process,stderr._handle.readStop,supported,supported,unsupported,unsupported,unsupported,unsupported
process,stderr._handle.ref,supported,supported,unsupported,unsupported,unsupported,unsupported
process,stderr._handle.setBlocking,supported,supported,unsupported,unsupported,unsupported,unsupported
process,stderr._handle.shutdown,supported,supported,unsupported,unsupported,unsupported,unsupported
process,stderr._handle.unref,supported,supported,unsupported,unsupported,unsupported,unsupported
process,stderr._handle.useUserBuffer,supported,supported,unsupported,unsupported,unsupported,unsupported
process,stderr._handle.writeAsciiString,supported,supported,unsupported,unsupported,unsupported,unsupported
process,stderr._handle.writeBuffer,supported,supported,unsupported,unsupported,unsupported,unsupported
process,stderr._handle.writeLatin1String,supported,supported,unsupported,unsupported,unsupported,unsupported
process,stderr._handle.writeQueueSize,supported,supported,unsupported,unsupported,unsupported,unsupported
process,stderr._handle.writeUcs2String,supported,supported,unsupported,unsupported,unsupported,unsupported
process,stderr._handle.writeUtf8String,supported,supported,unsupported,unsupported,unsupported,unsupported
process,stderr._handle.writev,supported,supported,unsupported,unsupported,unsupported,unsupported
process,stderr._host,supported,supported,unsupported,unsupported,unsupported,unsupported
process,stderr._isStdio,supported,supported,unsupported,supported,supported,unsupported
process,stderr._maxListeners,supported,supported,unsupported,supported,supported,unsupported
process,stderr._onTimeout,supported,supported,unsupported,unsupported,unsupported,unsupported
process,stderr._parent,supported,supported,unsupported,unsupported,unsupported,unsupported
process,stderr._pendingData,supported,supported,unsupported,unsupported,unsupported,unsupported
process,stderr._pendingEncoding,supported,supported,unsupported,unsupported,unsupported,unsupported
process,stderr._read,supported,supported,unsupported,unsupported,unsupported,unsupported
process,stderr._readableState.*self*,supported,supported,unsupported,unsupported,unsupported,unsupported
process,stderr._readableState.autoDestroy,supported,supported,unsupported,unsupported,unsupported,unsupported
process,stderr._readableState.awaitDrainWriters,supported,supported,unsupported,unsupported,unsupported,unsupported
process,stderr._readableState.buffer,supported,supported,unsupported,unsupported,unsupported,unsupported
process,stderr._readableState.bufferIndex,supported,supported,unsupported,unsupported,unsupported,unsupported
process,stderr._readableState.closeEmitted,supported,supported,unsupported,unsupported,unsupported,unsupported
process,stderr._readableState.closed,supported,supported,unsupported,unsupported,unsupported,unsupported
process,stderr._readableState.constructed,supported,supported,unsupported,unsupported,unsupported,unsupported
process,stderr._readableState.dataEmitted,supported,supported,unsupported,unsupported,unsupported,unsupported
process,stderr._readableState.decoder,supported,supported,unsupported,unsupported,unsupported,unsupported
process,stderr._readableState.defaultEncoding,supported,supported,unsupported,unsupported,unsupported,unsupported
process,stderr._readableState.destroyed,supported,supported,unsupported,unsupported,unsupported,unsupported
process,stderr._readableState.emitClose,supported,supported,unsupported,unsupported,unsupported,unsupported
process,stderr._readableState.emittedReadable,supported,supported,unsupported,unsupported,unsupported,unsupported
process,stderr._readableState.encoding,supported,supported,unsupported,unsupported,unsupported,unsupported
process,stderr._readableState.endEmitted,supported,supported,unsupported,unsupported,unsupported,unsupported
process,stderr._readableState.ended,supported,supported,unsupported,unsupported,unsupported,unsupported
process,stderr._readableState.errorEmitted,supported,supported,unsupported,unsupported,unsupported,unsupported
process,stderr._readableState.errored,supported,supported,unsupported,unsupported,unsupported,unsupported
process,stderr._readableState.flowing,supported,supported,unsupported,unsupported,unsupported,unsupported
process,stderr._readableState.highWaterMark,supported,supported,unsupported,unsupported,unsupported,unsupported
process,stderr._readableState.length,supported,supported,unsupported,unsupported,unsupported,unsupported
process,stderr._readableState.multiAwaitDrain,supported,supported,unsupported,unsupported,unsupported,unsupported
process,stderr._readableState.needReadable,supported,supported,unsupported,unsupported,unsupported,unsupported
process,stderr._readableState.objectMode,supported,supported,unsupported,unsupported,unsupported,unsupported
process,stderr._readableState.paused,supported,supported,unsupported,unsupported,unsupported,unsupported
process,stderr._readableState.pipes,supported,supported,unsupported,unsupported,unsupported,unsupported
process,stderr._readableState.pipesCount,supported,supported,unsupported,unsupported,unsupported,unsupported
process,stderr._readableState.readable,supported,supported,unsupported,unsupported,unsupported,unsupported
process,stderr._readableState.readableListening,supported,supported,unsupported,unsupported,unsupported,unsupported
process,stderr._readableState.reading,supported,supported,unsupported,unsupported,unsupported,unsupported
process,stderr._readableState.readingMore,supported,supported,unsupported,unsupported,unsupported,unsupported
process,stderr._readableState.resumeScheduled,supported,supported,unsupported,unsupported,unsupported,unsupported
process,stderr._readableState.state,supported,unsupported,unsupported,unsupported,unsupported,unsupported
process,stderr._readableState.sync,supported,supported,unsupported,unsupported,unsupported,unsupported
process,stderr._reset,supported,supported,unsupported,unsupported,unsupported,unsupported
process,stderr._server,supported,supported,unsupported,unsupported,unsupported,unsupported
process,stderr._sockname,supported,supported,unsupported,unsupported,unsupported,unsupported
process,stderr._type,supported,supported,unsupported,supported,unsupported,unsupported
process,stderr._undestroy,supported,supported,unsupported,supported,supported,unsupported
process,stderr._unrefTimer,supported,supported,unsupported,unsupported,unsupported,unsupported
process,stderr._writableState.*self*,supported,supported,unsupported,supported,supported,unsupported
process,stderr._writableState.afterWriteTickInfo,supported,supported,unsupported,supported,supported,unsupported
process,stderr._writableState.allBuffers,supported,supported,unsupported,supported,supported,unsupported
process,stderr._writableState.allNoop,supported,supported,unsupported,supported,supported,unsupported
process,stderr._writableState.autoDestroy,supported,supported,unsupported,supported,supported,unsupported
process,stderr._writableState.bufferProcessing,supported,supported,unsupported,supported,supported,unsupported
process,stderr._writableState.buffered,supported,supported,unsupported,supported,supported,unsupported
process,stderr._writableState.bufferedIndex,supported,supported,unsupported,supported,supported,unsupported
process,stderr._writableState.bufferedRequestCount,supported,supported,unsupported,supported,supported,unsupported
process,stderr._writableState.closeEmitted,supported,supported,unsupported,supported,supported,unsupported
process,stderr._writableState.closed,supported,supported,unsupported,supported,supported,unsupported
process,stderr._writableState.constructed,supported,supported,unsupported,supported,supported,unsupported
process,stderr._writableState.corked,supported,supported,unsupported,supported,supported,unsupported
process,stderr._writableState.decodeStrings,supported,supported,unsupported,supported,supported,unsupported
process,stderr._writableState.defaultEncoding,supported,supported,unsupported,supported,supported,unsupported
process,stderr._writableState.destroyed,supported,supported,unsupported,supported,supported,unsupported
process,stderr._writableState.emitClose,supported,supported,unsupported,supported,supported,unsupported
process,stderr._writableState.ended,supported,supported,unsupported,supported,supported,unsupported
process,stderr._writableState.ending,supported,supported,unsupported,supported,supported,unsupported
process,stderr._writableState.errorEmitted,supported,supported,unsupported,supported,supported,unsupported
process,stderr._writableState.errored,supported,supported,unsupported,supported,supported,unsupported
process,stderr._writableState.finalCalled,supported,supported,unsupported,supported,supported,unsupported
process,stderr._writableState.finished,supported,supported,unsupported,supported,supported,unsupported
process,stderr._writableState.getBuffer,supported,supported,unsupported,supported,supported,unsupported
process,stderr._writableState.highWaterMark,supported,supported,unsupported,supported,supported,unsupported
process,stderr._writableState.length,supported,supported,unsupported,supported,supported,unsupported
process,stderr._writableState.needDrain,supported,supported,unsupported,supported,supported,unsupported
process,stderr._writableState.objectMode,supported,supported,unsupported,supported,supported,unsupported
process,stderr._writableState.onwrite,supported,supported,unsupported,supported,supported,unsupported
process,stderr._writableState.pendingcb,supported,supported,unsupported,supported,supported,unsupported
process,stderr._writableState.prefinished,supported,supported,unsupported,supported,supported,unsupported
process,stderr._writableState.sync,supported,supported,unsupported,supported,supported,unsupported
process,stderr._writableState.writable,supported,supported,unsupported,supported,unsupported,unsupported
process,stderr._writableState.writecb,supported,supported,unsupported,supported,mismatch,unsupported
process,stderr._writableState.writelen,supported,supported,unsupported,supported,supported,unsupported
process,stderr._writableState.writing,supported,supported,unsupported,supported,supported,unsupported
process,stderr._write,supported,supported,unsupported,supported,supported,unsupported
process,stderr._writeGeneric,supported,supported,unsupported,unsupported,unsupported,unsupported
process,stderr._writev,supported,supported,unsupported,mismatch,mismatch,unsupported
process,stderr.addListener,supported,supported,unsupported,supported,supported,unsupported
process,stderr.address,supported,supported,unsupported,unsupported,unsupported,unsupported
process,stderr.allowHalfOpen,supported,supported,unsupported,unsupported,unsupported,unsupported
process,stderr.asIndexedPairs,supported,unsupported,unsupported,unsupported,unsupported,unsupported
process,stderr.bufferSize,supported,supported,unsupported,unsupported,unsupported,unsupported
process,stderr.bytesRead,supported,supported,unsupported,unsupported,unsupported,unsupported
process,stderr.bytesWritten,supported,supported,unsupported,supported,unsupported,unsupported
process,stderr.closed,supported,supported,unsupported,supported,supported,unsupported
process,stderr.compose,supported,supported,unsupported,unsupported,unsupported,unsupported
process,stderr.connect,supported,supported,unsupported,unsupported,unsupported,unsupported
process,stderr.connecting,supported,supported,unsupported,unsupported,unsupported,unsupported
process,stderr.cork,supported,supported,unsupported,supported,supported,unsupported
process,stderr.destroy,supported,supported,unsupported,supported,supported,unsupported
process,stderr.destroySoon,supported,supported,unsupported,supported,supported,unsupported
process,stderr.destroyed,supported,supported,unsupported,supported,supported,unsupported
process,stderr.drop,supported,supported,unsupported,unsupported,unsupported,unsupported
process,stderr.emit,supported,supported,unsupported,supported,supported,unsupported
process,stderr.end,supported,supported,unsupported,supported,supported,unsupported
process,stderr.errored,supported,supported,unsupported,supported,supported,unsupported
process,stderr.eventNames,supported,supported,unsupported,supported,supported,unsupported
process,stderr.every,supported,supported,unsupported,unsupported,unsupported,unsupported
process,stderr.fd,supported,supported,supported,supported,supported,unsupported
process,stderr.filter,supported,supported,unsupported,unsupported,unsupported,unsupported
process,stderr.find,supported,supported,unsupported,unsupported,unsupported,unsupported
process,stderr.flatMap,supported,supported,unsupported,unsupported,unsupported,unsupported
process,stderr.forEach,supported,supported,unsupported,unsupported,unsupported,unsupported
process,stderr.getMaxListeners,supported,supported,unsupported,supported,supported,unsupported
process,stderr.isPaused,supported,supported,unsupported,unsupported,unsupported,unsupported
process,stderr.iterator,supported,supported,unsupported,unsupported,unsupported,unsupported
process,stderr.listenerCount,supported,supported,unsupported,supported,supported,unsupported
process,stderr.listeners,supported,supported,unsupported,supported,supported,unsupported
process,stderr.localAddress,supported,supported,unsupported,unsupported,unsupported,unsupported
process,stderr.localFamily,supported,supported,unsupported,unsupported,unsupported,unsupported
process,stderr.localPort,supported,supported,unsupported,unsupported,unsupported,unsupported
process,stderr.map,supported,supported,unsupported,unsupported,unsupported,unsupported
process,stderr.off,supported,supported,unsupported,supported,supported,unsupported
process,stderr.on,supported,supported,unsupported,supported,supported,unsupported
process,stderr.once,supported,supported,unsupported,supported,supported,unsupported
process,stderr.pause,supported,supported,unsupported,unsupported,unsupported,unsupported
process,stderr.pending,supported,supported,unsupported,supported,unsupported,unsupported
process,stderr.pipe,supported,supported,unsupported,supported,supported,unsupported
process,stderr.prependListener,supported,supported,unsupported,supported,supported,unsupported
process,stderr.prependOnceListener,supported,supported,unsupported,supported,supported,unsupported
process,stderr.push,supported,supported,unsupported,unsupported,unsupported,unsupported
process,stderr.rawListeners,supported,supported,unsupported,supported,supported,unsupported
process,stderr.read,supported,supported,unsupported,unsupported,unsupported,unsupported
process,stderr.readable,supported,supported,unsupported,supported,unsupported,unsupported
process,stderr.readableAborted,supported,supported,unsupported,unsupported,unsupported,unsupported
process,stderr.readableBuffer,supported,supported,unsupported,unsupported,unsupported,unsupported
process,stderr.readableDidRead,supported,supported,unsupported,unsupported,unsupported,unsupported
process,stderr.readableEncoding,supported,supported,unsupported,unsupported,unsupported,unsupported
process,stderr.readableEnded,supported,supported,unsupported,unsupported,unsupported,unsupported
process,stderr.readableFlowing,supported,supported,unsupported,unsupported,unsupported,unsupported
process,stderr.readableHighWaterMark,supported,supported,unsupported,unsupported,unsupported,unsupported
process,stderr.readableLength,supported,supported,unsupported,unsupported,unsupported,unsupported
process,stderr.readableObjectMode,supported,supported,unsupported,unsupported,unsupported,unsupported
process,stderr.readyState,supported,supported,unsupported,unsupported,unsupported,unsupported
process,stderr.reduce,supported,supported,unsupported,unsupported,unsupported,unsupported
process,stderr.ref,supported,supported,unsupported,unsupported,unsupported,unsupported
process,stderr.remoteAddress,supported,supported,unsupported,unsupported,unsupported,unsupported
process,stderr.remoteFamily,supported,supported,unsupported,unsupported,unsupported,unsupported
process,stderr.remotePort,supported,supported,unsupported,unsupported,unsupported,unsupported
process,stderr.removeAllListeners,supported,supported,unsupported,supported,supported,unsupported
process,stderr.removeListener,supported,supported,unsupported,supported,supported,unsupported
process,stderr.resetAndDestroy,supported,supported,unsupported,unsupported,unsupported,unsupported
process,stderr.resume,supported,supported,unsupported,unsupported,unsupported,unsupported
process,stderr.server,supported,supported,unsupported,unsupported,unsupported,unsupported
process,stderr.setDefaultEncoding,supported,supported,unsupported,supported,supported,unsupported
process,stderr.setEncoding,supported,supported,unsupported,unsupported,unsupported,unsupported
process,stderr.setKeepAlive,supported,supported,unsupported,unsupported,unsupported,unsupported
process,stderr.setMaxListeners,supported,supported,unsupported,supported,supported,unsupported
process,stderr.setNoDelay,supported,supported,unsupported,unsupported,unsupported,unsupported
process,stderr.setTimeout,supported,supported,unsupported,unsupported,unsupported,unsupported
process,stderr.some,supported,supported,unsupported,unsupported,unsupported,unsupported
process,stderr.take,supported,supported,unsupported,unsupported,unsupported,unsupported
process,stderr.toArray,supported,supported,unsupported,unsupported,unsupported,unsupported
process,stderr.uncork,supported,supported,unsupported,supported,supported,unsupported
process,stderr.unpipe,supported,supported,unsupported,unsupported,unsupported,unsupported
process,stderr.unref,supported,supported,unsupported,unsupported,unsupported,unsupported
process,stderr.unshift,supported,supported,unsupported,unsupported,unsupported,unsupported
process,stderr.wrap,supported,supported,unsupported,unsupported,unsupported,unsupported
process,stderr.writable,supported,supported,unsupported,supported,supported,unsupported
process,stderr.writableBuffer,supported,supported,unsupported,supported,supported,unsupported
process,stderr.writableCorked,supported,supported,unsupported,supported,supported,unsupported
process,stderr.writableEnded,supported,supported,unsupported,supported,supported,unsupported
process,stderr.writableFinished,supported,supported,unsupported,supported,supported,unsupported
process,stderr.writableHighWaterMark,supported,supported,unsupported,supported,supported,unsupported
process,stderr.writableLength,supported,supported,unsupported,supported,supported,unsupported
process,stderr.writableNeedDrain,supported,supported,unsupported,supported,supported,unsupported
process,stderr.writableObjectMode,supported,supported,unsupported,supported,supported,unsupported
process,stderr.write,supported,supported,supported,supported,supported,unsupported
process,stdin.*self*,supported,supported,supported,supported,supported,unsupported
process,stdin._bytesDispatched,supported,supported,unsupported,unsupported,unsupported,unsupported
process,stdin._closeAfterHandlingError,supported,supported,unsupported,unsupported,unsupported,unsupported
process,stdin._connecting,supported,supported,unsupported,unsupported,unsupported,unsupported
process,stdin._destroy,supported,supported,unsupported,supported,supported,unsupported
process,stdin._events.*self*,supported,supported,unsupported,supported,supported,unsupported
process,stdin._events.close,supported,supported,unsupported,mismatch,mismatch,unsupported
process,stdin._events.data,supported,supported,unsupported,supported,unsupported,unsupported
process,stdin._events.drain,supported,supported,unsupported,unsupported,unsupported,unsupported
process,stdin._events.end,supported,supported,unsupported,mismatch,unsupported,unsupported
process,stdin._events.error,supported,supported,unsupported,supported,unsupported,unsupported
process,stdin._events.finish,supported,supported,unsupported,unsupported,unsupported,unsupported
process,stdin._events.pause,supported,supported,unsupported,mismatch,unsupported,unsupported
process,stdin._events.prefinish,supported,supported,unsupported,unsupported,unsupported,unsupported
process,stdin._events.readable,supported,supported,unsupported,supported,unsupported,unsupported
process,stdin._eventsCount,supported,supported,unsupported,supported,supported,unsupported
process,stdin._final,supported,supported,unsupported,unsupported,unsupported,unsupported
process,stdin._getpeername,supported,supported,unsupported,unsupported,unsupported,unsupported
process,stdin._getsockname,supported,supported,unsupported,unsupported,unsupported,unsupported
process,stdin._hadError,supported,supported,unsupported,unsupported,unsupported,unsupported
process,stdin._handle.*self*,supported,supported,unsupported,unsupported,unsupported,unsupported
process,stdin._handle._externalStream,supported,supported,unsupported,unsupported,unsupported,unsupported
process,stdin._handle.asyncReset,supported,supported,unsupported,unsupported,unsupported,unsupported
process,stdin._handle.bind,supported,supported,unsupported,unsupported,unsupported,unsupported
process,stdin._handle.bytesRead,supported,supported,unsupported,unsupported,unsupported,unsupported
process,stdin._handle.bytesWritten,supported,supported,unsupported,unsupported,unsupported,unsupported
process,stdin._handle.close,supported,supported,unsupported,unsupported,unsupported,unsupported
process,stdin._handle.connect,supported,supported,unsupported,unsupported,unsupported,unsupported
process,stdin._handle.fchmod,supported,supported,unsupported,unsupported,unsupported,unsupported
process,stdin._handle.fd,supported,supported,unsupported,unsupported,unsupported,unsupported
process,stdin._handle.getAsyncId,supported,supported,unsupported,unsupported,unsupported,unsupported
process,stdin._handle.getProviderType,supported,supported,unsupported,unsupported,unsupported,unsupported
process,stdin._handle.hasRef,supported,supported,unsupported,unsupported,unsupported,unsupported
process,stdin._handle.isStreamBase,supported,supported,unsupported,unsupported,unsupported,unsupported
process,stdin._handle.listen,supported,supported,unsupported,unsupported,unsupported,unsupported
process,stdin._handle.onread,supported,supported,unsupported,unsupported,unsupported,unsupported
process,stdin._handle.open,supported,supported,unsupported,unsupported,unsupported,unsupported
process,stdin._handle.readStart,supported,supported,unsupported,unsupported,unsupported,unsupported
process,stdin._handle.readStop,supported,supported,unsupported,unsupported,unsupported,unsupported
process,stdin._handle.reading,supported,supported,unsupported,unsupported,unsupported,unsupported
process,stdin._handle.ref,supported,supported,unsupported,unsupported,unsupported,unsupported
process,stdin._handle.setBlocking,supported,supported,unsupported,unsupported,unsupported,unsupported
process,stdin._handle.shutdown,supported,supported,unsupported,unsupported,unsupported,unsupported
process,stdin._handle.unref,supported,supported,unsupported,unsupported,unsupported,unsupported
process,stdin._handle.useUserBuffer,supported,supported,unsupported,unsupported,unsupported,unsupported
process,stdin._handle.writeAsciiString,supported,supported,unsupported,unsupported,unsupported,unsupported
process,stdin._handle.writeBuffer,supported,supported,unsupported,unsupported,unsupported,unsupported
process,stdin._handle.writeLatin1String,supported,supported,unsupported,unsupported,unsupported,unsupported
process,stdin._handle.writeQueueSize,supported,supported,unsupported,unsupported,unsupported,unsupported
process,stdin._handle.writeUcs2String,supported,supported,unsupported,unsupported,unsupported,unsupported
process,stdin._handle.writeUtf8String,supported,supported,unsupported,unsupported,unsupported,unsupported
process,stdin._handle.writev,supported,supported,unsupported,unsupported,unsupported,unsupported
process,stdin._host,supported,supported,unsupported,unsupported,unsupported,unsupported
process,stdin._maxListeners,supported,supported,unsupported,supported,supported,unsupported
process,stdin._onTimeout,supported,supported,unsupported,unsupported,unsupported,unsupported
process,stdin._parent,supported,supported,unsupported,unsupported,unsupported,unsupported
process,stdin._pendingData,supported,supported,unsupported,unsupported,unsupported,unsupported
process,stdin._pendingEncoding,supported,supported,unsupported,unsupported,unsupported,unsupported
process,stdin._read,supported,supported,unsupported,supported,supported,unsupported
process,stdin._readableState.*self*,supported,supported,unsupported,supported,supported,unsupported
process,stdin._readableState.autoDestroy,supported,supported,unsupported,supported,supported,unsupported
process,stdin._readableState.awaitDrainWriters,supported,supported,unsupported,supported,supported,unsupported
process,stdin._readableState.buffer,supported,supported,unsupported,supported,supported,unsupported
process,stdin._readableState.bufferIndex,supported,supported,unsupported,supported,unsupported,unsupported
process,stdin._readableState.closeEmitted,supported,supported,unsupported,supported,supported,unsupported
process,stdin._readableState.closed,supported,supported,unsupported,supported,supported,unsupported
process,stdin._readableState.constructed,supported,supported,unsupported,supported,supported,unsupported
process,stdin._readableState.dataEmitted,supported,supported,unsupported,supported,supported,unsupported
process,stdin._readableState.decoder,supported,supported,unsupported,supported,supported,unsupported
process,stdin._readableState.defaultEncoding,supported,supported,unsupported,supported,supported,unsupported
process,stdin._readableState.destroyed,supported,supported,unsupported,supported,supported,unsupported
process,stdin._readableState.emitClose,supported,supported,unsupported,supported,supported,unsupported
process,stdin._readableState.emittedReadable,supported,supported,unsupported,supported,supported,unsupported
process,stdin._readableState.encoding,supported,supported,unsupported,supported,supported,unsupported
process,stdin._readableState.endEmitted,supported,supported,unsupported,supported,supported,unsupported
process,stdin._readableState.ended,supported,supported,unsupported,supported,supported,unsupported
process,stdin._readableState.errorEmitted,supported,supported,unsupported,supported,supported,unsupported
process,stdin._readableState.errored,supported,supported,unsupported,supported,supported,unsupported
process,stdin._readableState.flowing,supported,supported,unsupported,supported,supported,unsupported
process,stdin._readableState.highWaterMark,supported,supported,unsupported,supported,supported,unsupported
process,stdin._readableState.length,supported,supported,unsupported,supported,supported,unsupported
process,stdin._readableState.multiAwaitDrain,supported,supported,unsupported,supported,supported,unsupported
process,stdin._readableState.needReadable,supported,supported,unsupported,supported,supported,unsupported
process,stdin._readableState.objectMode,supported,supported,unsupported,supported,supported,unsupported
process,stdin._readableState.paused,supported,supported,unsupported,supported,supported,unsupported
process,stdin._readableState.pipes,supported,supported,unsupported,supported,supported,unsupported
process,stdin._readableState.pipesCount,supported,supported,unsupported,supported,supported,unsupported
process,stdin._readableState.readableListening,supported,supported,unsupported,supported,supported,unsupported
process,stdin._readableState.reading,supported,supported,unsupported,supported,supported,unsupported
process,stdin._readableState.readingMore,supported,supported,unsupported,supported,supported,unsupported
process,stdin._readableState.resumeScheduled,supported,supported,unsupported,supported,supported,unsupported
process,stdin._readableState.state,supported,unsupported,unsupported,unsupported,unsupported,unsupported
process,stdin._readableState.sync,supported,supported,unsupported,supported,supported,unsupported
process,stdin._reset,supported,supported,unsupported,unsupported,unsupported,unsupported
process,stdin._server,supported,supported,unsupported,unsupported,unsupported,unsupported
process,stdin._sockname,supported,supported,unsupported,unsupported,unsupported,unsupported
process,stdin._undestroy,supported,supported,unsupported,supported,supported,unsupported
process,stdin._unrefTimer,supported,supported,unsupported,unsupported,unsupported,unsupported
process,stdin._writableState.*self*,supported,supported,unsupported,unsupported,supported,unsupported
process,stdin._writableState.afterWriteTickInfo,supported,supported,unsupported,unsupported,supported,unsupported
process,stdin._writableState.allBuffers,supported,supported,unsupported,unsupported,supported,unsupported
process,stdin._writableState.allNoop,supported,supported,unsupported,unsupported,supported,unsupported
process,stdin._writableState.autoDestroy,supported,supported,unsupported,unsupported,supported,unsupported
process,stdin._writableState.bufferProcessing,supported,supported,unsupported,unsupported,supported,unsupported
process,stdin._writableState.buffered,supported,supported,unsupported,unsupported,supported,unsupported
process,stdin._writableState.bufferedIndex,supported,supported,unsupported,unsupported,supported,unsupported
process,stdin._writableState.bufferedRequestCount,supported,supported,unsupported,unsupported,supported,unsupported
process,stdin._writableState.closeEmitted,supported,supported,unsupported,unsupported,supported,unsupported
process,stdin._writableState.closed,supported,supported,unsupported,unsupported,supported,unsupported
process,stdin._writableState.constructed,supported,supported,unsupported,unsupported,supported,unsupported
process,stdin._writableState.corked,supported,supported,unsupported,unsupported,supported,unsupported
process,stdin._writableState.decodeStrings,supported,supported,unsupported,unsupported,supported,unsupported
process,stdin._writableState.defaultEncoding,supported,supported,unsupported,unsupported,supported,unsupported
process,stdin._writableState.destroyed,supported,supported,unsupported,unsupported,supported,unsupported
process,stdin._writableState.emitClose,supported,supported,unsupported,unsupported,supported,unsupported
process,stdin._writableState.ended,supported,supported,unsupported,unsupported,supported,unsupported
process,stdin._writableState.ending,supported,supported,unsupported,unsupported,supported,unsupported
process,stdin._writableState.errorEmitted,supported,supported,unsupported,unsupported,supported,unsupported
process,stdin._writableState.errored,supported,supported,unsupported,unsupported,supported,unsupported
process,stdin._writableState.finalCalled,supported,supported,unsupported,unsupported,supported,unsupported
process,stdin._writableState.finished,supported,supported,unsupported,unsupported,supported,unsupported
process,stdin._writableState.getBuffer,supported,supported,unsupported,unsupported,supported,unsupported
process,stdin._writableState.highWaterMark,supported,supported,unsupported,unsupported,supported,unsupported
process,stdin._writableState.length,supported,supported,unsupported,unsupported,supported,unsupported
process,stdin._writableState.needDrain,supported,supported,unsupported,unsupported,supported,unsupported
process,stdin._writableState.objectMode,supported,supported,unsupported,unsupported,supported,unsupported
process,stdin._writableState.onwrite,supported,supported,unsupported,unsupported,supported,unsupported
process,stdin._writableState.pendingcb,supported,supported,unsupported,unsupported,supported,unsupported
process,stdin._writableState.prefinished,supported,supported,unsupported,unsupported,supported,unsupported
process,stdin._writableState.sync,supported,supported,unsupported,unsupported,supported,unsupported
process,stdin._writableState.writable,supported,supported,unsupported,unsupported,supported,unsupported
process,stdin._writableState.writecb,supported,supported,unsupported,unsupported,mismatch,unsupported
process,stdin._writableState.writelen,supported,supported,unsupported,unsupported,supported,unsupported
process,stdin._writableState.writing,supported,supported,unsupported,unsupported,supported,unsupported
process,stdin._write,supported,supported,unsupported,unsupported,supported,unsupported
process,stdin._writeGeneric,supported,supported,unsupported,unsupported,unsupported,unsupported
process,stdin._writev,supported,supported,unsupported,unsupported,mismatch,unsupported
process,stdin.addListener,supported,supported,unsupported,supported,supported,unsupported
process,stdin.address,supported,supported,unsupported,unsupported,unsupported,unsupported
process,stdin.allowHalfOpen,supported,supported,unsupported,unsupported,supported,unsupported
process,stdin.asIndexedPairs,supported,unsupported,unsupported,unsupported,supported,unsupported
process,stdin.bufferSize,supported,supported,unsupported,unsupported,unsupported,unsupported
process,stdin.bytesRead,supported,supported,unsupported,supported,unsupported,unsupported
process,stdin.bytesWritten,supported,supported,unsupported,unsupported,unsupported,unsupported
process,stdin.closed,supported,supported,unsupported,supported,supported,unsupported
process,stdin.compose,supported,supported,unsupported,supported,unsupported,unsupported
process,stdin.connect,supported,supported,unsupported,unsupported,unsupported,unsupported
process,stdin.connecting,supported,supported,unsupported,unsupported,unsupported,unsupported
process,stdin.cork,supported,supported,unsupported,unsupported,supported,unsupported
process,stdin.destroy,supported,supported,unsupported,supported,supported,unsupported
process,stdin.destroySoon,supported,supported,unsupported,unsupported,unsupported,unsupported
process,stdin.destroyed,supported,supported,unsupported,supported,supported,unsupported
process,stdin.domain,supported,supported,unsupported,unsupported,unsupported,unsupported
process,stdin.drop,supported,supported,unsupported,supported,supported,unsupported
process,stdin.emit,supported,supported,unsupported,supported,supported,unsupported
process,stdin.end,supported,supported,unsupported,mismatch,supported,unsupported
process,stdin.errored,supported,supported,unsupported,supported,supported,unsupported
process,stdin.eventNames,supported,supported,unsupported,supported,supported,unsupported
process,stdin.every,supported,supported,unsupported,supported,supported,unsupported
process,stdin.fd,supported,supported,supported,supported,supported,unsupported
process,stdin.filter,supported,supported,unsupported,supported,supported,unsupported
process,stdin.find,supported,supported,unsupported,supported,supported,unsupported
process,stdin.flatMap,supported,supported,unsupported,supported,supported,unsupported
process,stdin.forEach,supported,supported,unsupported,supported,supported,unsupported
process,stdin.getMaxListeners,supported,supported,unsupported,supported,supported,unsupported
process,stdin.isPaused,supported,supported,unsupported,supported,supported,unsupported
process,stdin.iterator,supported,supported,unsupported,supported,supported,unsupported
process,stdin.listenerCount,supported,supported,unsupported,supported,supported,unsupported
process,stdin.listeners,supported,supported,unsupported,supported,supported,unsupported
process,stdin.localAddress,supported,supported,unsupported,unsupported,unsupported,unsupported
process,stdin.localFamily,supported,supported,unsupported,unsupported,unsupported,unsupported
process,stdin.localPort,supported,supported,unsupported,unsupported,unsupported,unsupported
process,stdin.map,supported,supported,unsupported,supported,supported,unsupported
process,stdin.off,supported,supported,unsupported,supported,supported,unsupported
process,stdin.on,supported,supported,unsupported,supported,supported,unsupported
process,stdin.once,supported,supported,unsupported,supported,supported,unsupported
process,stdin.pause,supported,supported,unsupported,supported,supported,unsupported
process,stdin.pending,supported,supported,unsupported,supported,unsupported,unsupported
process,stdin.pipe,supported,supported,unsupported,supported,supported,unsupported
process,stdin.prependListener,supported,supported,unsupported,supported,supported,unsupported
process,stdin.prependOnceListener,supported,supported,unsupported,supported,supported,unsupported
process,stdin.push,supported,supported,unsupported,supported,supported,unsupported
process,stdin.rawListeners,supported,supported,unsupported,supported,supported,unsupported
process,stdin.read,supported,supported,unsupported,supported,supported,unsupported
process,stdin.readable,supported,supported,unsupported,supported,supported,unsupported
process,stdin.readableAborted,supported,supported,unsupported,supported,supported,unsupported
process,stdin.readableBuffer,supported,supported,unsupported,supported,supported,unsupported
process,stdin.readableDidRead,supported,supported,unsupported,supported,supported,unsupported
process,stdin.readableEncoding,supported,supported,unsupported,supported,supported,unsupported
process,stdin.readableEnded,supported,supported,unsupported,supported,supported,unsupported
process,stdin.readableFlowing,supported,supported,unsupported,supported,supported,unsupported
process,stdin.readableHighWaterMark,supported,supported,unsupported,supported,supported,unsupported
process,stdin.readableLength,supported,supported,unsupported,supported,supported,unsupported
process,stdin.readableObjectMode,supported,supported,unsupported,supported,supported,unsupported
process,stdin.readyState,supported,supported,unsupported,unsupported,unsupported,unsupported
process,stdin.reduce,supported,supported,unsupported,supported,supported,unsupported
process,stdin.ref,supported,supported,unsupported,unsupported,unsupported,unsupported
process,stdin.remoteAddress,supported,supported,unsupported,unsupported,unsupported,unsupported
process,stdin.remoteFamily,supported,supported,unsupported,unsupported,unsupported,unsupported
process,stdin.remotePort,supported,supported,unsupported,unsupported,unsupported,unsupported
process,stdin.removeAllListeners,supported,supported,unsupported,supported,supported,unsupported
process,stdin.removeListener,supported,supported,unsupported,supported,supported,unsupported
process,stdin.resetAndDestroy,supported,supported,unsupported,unsupported,unsupported,unsupported
process,stdin.resume,supported,supported,unsupported,supported,supported,unsupported
process,stdin.server,supported,supported,unsupported,unsupported,unsupported,unsupported
process,stdin.setDefaultEncoding,supported,supported,unsupported,unsupported,supported,unsupported
process,stdin.setEncoding,supported,supported,unsupported,supported,supported,unsupported
process,stdin.setKeepAlive,supported,supported,unsupported,unsupported,unsupported,unsupported
process,stdin.setMaxListeners,supported,supported,unsupported,supported,supported,unsupported
process,stdin.setNoDelay,supported,supported,unsupported,unsupported,unsupported,unsupported
process,stdin.setTimeout,supported,supported,unsupported,unsupported,unsupported,unsupported
process,stdin.some,supported,supported,unsupported,supported,supported,unsupported
process,stdin.take,supported,supported,unsupported,supported,supported,unsupported
process,stdin.toArray,supported,supported,unsupported,supported,supported,unsupported
process,stdin.uncork,supported,supported,unsupported,unsupported,supported,unsupported
process,stdin.unpipe,supported,supported,unsupported,supported,supported,unsupported
process,stdin.unref,supported,supported,unsupported,unsupported,unsupported,unsupported
process,stdin.unshift,supported,supported,unsupported,supported,supported,unsupported
process,stdin.wrap,supported,supported,unsupported,supported,supported,unsupported
process,stdin.writable,supported,supported,unsupported,unsupported,supported,unsupported
process,stdin.writableBuffer,supported,supported,unsupported,unsupported,supported,unsupported
process,stdin.writableCorked,supported,supported,unsupported,unsupported,supported,unsupported
process,stdin.writableEnded,supported,supported,unsupported,unsupported,supported,unsupported
process,stdin.writableFinished,supported,supported,unsupported,unsupported,supported,unsupported
process,stdin.writableHighWaterMark,supported,supported,unsupported,unsupported,supported,unsupported
process,stdin.writableLength,supported,supported,unsupported,unsupported,supported,unsupported
process,stdin.writableNeedDrain,supported,supported,unsupported,unsupported,supported,unsupported
process,stdin.writableObjectMode,supported,supported,unsupported,unsupported,supported,unsupported
process,stdin.write,supported,supported,unsupported,unsupported,supported,unsupported
process,stdout.*self*,supported,supported,supported,supported,supported,unsupported
process,stdout._bytesDispatched,supported,supported,unsupported,unsupported,unsupported,unsupported
process,stdout._closeAfterHandlingError,supported,supported,unsupported,unsupported,unsupported,unsupported
process,stdout._connecting,supported,supported,unsupported,unsupported,unsupported,unsupported
process,stdout._destroy,supported,supported,unsupported,supported,supported,unsupported
process,stdout._events.*self*,supported,supported,unsupported,supported,supported,unsupported
process,stdout._events.close,supported,supported,unsupported,supported,mismatch,unsupported
process,stdout._events.data,supported,supported,unsupported,unsupported,unsupported,unsupported
process,stdout._events.drain,supported,supported,unsupported,supported,unsupported,unsupported
process,stdout._events.end,supported,supported,unsupported,unsupported,unsupported,unsupported
process,stdout._events.error,supported,supported,unsupported,supported,unsupported,unsupported
process,stdout._events.finish,supported,supported,unsupported,supported,unsupported,unsupported
process,stdout._events.prefinish,supported,supported,unsupported,supported,unsupported,unsupported
process,stdout._events.readable,supported,supported,unsupported,unsupported,unsupported,unsupported
process,stdout._eventsCount,supported,supported,unsupported,supported,supported,unsupported
process,stdout._final,supported,supported,unsupported,unsupported,unsupported,unsupported
process,stdout._getpeername,supported,supported,unsupported,unsupported,unsupported,unsupported
process,stdout._getsockname,supported,supported,unsupported,unsupported,unsupported,unsupported
process,stdout._hadError,supported,supported,unsupported,unsupported,unsupported,unsupported
process,stdout._handle.*self*,supported,supported,unsupported,unsupported,unsupported,unsupported
process,stdout._handle._externalStream,supported,supported,unsupported,unsupported,unsupported,unsupported
process,stdout._handle.asyncReset,supported,supported,unsupported,unsupported,unsupported,unsupported
process,stdout._handle.bind,supported,supported,unsupported,unsupported,unsupported,unsupported
process,stdout._handle.bytesRead,supported,supported,unsupported,unsupported,unsupported,unsupported
process,stdout._handle.bytesWritten,supported,supported,unsupported,unsupported,unsupported,unsupported
process,stdout._handle.close,supported,supported,unsupported,unsupported,unsupported,unsupported
process,stdout._handle.connect,supported,supported,unsupported,unsupported,unsupported,unsupported
process,stdout._handle.fchmod,supported,supported,unsupported,unsupported,unsupported,unsupported
process,stdout._handle.fd,supported,supported,unsupported,unsupported,unsupported,unsupported
process,stdout._handle.getAsyncId,supported,supported,unsupported,unsupported,unsupported,unsupported
process,stdout._handle.getProviderType,supported,supported,unsupported,unsupported,unsupported,unsupported
process,stdout._handle.hasRef,supported,supported,unsupported,unsupported,unsupported,unsupported
process,stdout._handle.isStreamBase,supported,supported,unsupported,unsupported,unsupported,unsupported
process,stdout._handle.listen,supported,supported,unsupported,unsupported,unsupported,unsupported
process,stdout._handle.onread,supported,supported,unsupported,unsupported,unsupported,unsupported
process,stdout._handle.open,supported,supported,unsupported,unsupported,unsupported,unsupported
process,stdout._handle.readStart,supported,supported,unsupported,unsupported,unsupported,unsupported
process,stdout._handle.readStop,supported,supported,unsupported,unsupported,unsupported,unsupported
process,stdout._handle.ref,supported,supported,unsupported,unsupported,unsupported,unsupported
process,stdout._handle.setBlocking,supported,supported,unsupported,unsupported,unsupported,unsupported
process,stdout._handle.shutdown,supported,supported,unsupported,unsupported,unsupported,unsupported
process,stdout._handle.unref,supported,supported,unsupported,unsupported,unsupported,unsupported
process,stdout._handle.useUserBuffer,supported,supported,unsupported,unsupported,unsupported,unsupported
process,stdout._handle.writeAsciiString,supported,supported,unsupported,unsupported,unsupported,unsupported
process,stdout._handle.writeBuffer,supported,supported,unsupported,unsupported,unsupported,unsupported
process,stdout._handle.writeLatin1String,supported,supported,unsupported,unsupported,unsupported,unsupported
process,stdout._handle.writeQueueSize,supported,supported,unsupported,unsupported,unsupported,unsupported
process,stdout._handle.writeUcs2String,supported,supported,unsupported,unsupported,unsupported,unsupported
process,stdout._handle.writeUtf8String,supported,supported,unsupported,unsupported,unsupported,unsupported
process,stdout._handle.writev,supported,supported,unsupported,unsupported,unsupported,unsupported
process,stdout._host,supported,supported,unsupported,unsupported,unsupported,unsupported
process,stdout._isStdio,supported,supported,unsupported,supported,supported,unsupported
process,stdout._maxListeners,supported,supported,unsupported,supported,supported,unsupported
process,stdout._onTimeout,supported,supported,unsupported,unsupported,unsupported,unsupported
process,stdout._parent,supported,supported,unsupported,unsupported,unsupported,unsupported
process,stdout._pendingData,supported,supported,unsupported,unsupported,unsupported,unsupported
process,stdout._pendingEncoding,supported,supported,unsupported,unsupported,unsupported,unsupported
process,stdout._read,supported,supported,unsupported,unsupported,unsupported,unsupported
process,stdout._readableState.*self*,supported,supported,unsupported,unsupported,unsupported,unsupported
process,stdout._readableState.autoDestroy,supported,supported,unsupported,unsupported,unsupported,unsupported
process,stdout._readableState.awaitDrainWriters,supported,supported,unsupported,unsupported,unsupported,unsupported
process,stdout._readableState.buffer,supported,supported,unsupported,unsupported,unsupported,unsupported
process,stdout._readableState.bufferIndex,supported,supported,unsupported,unsupported,unsupported,unsupported
process,stdout._readableState.closeEmitted,supported,supported,unsupported,unsupported,unsupported,unsupported
process,stdout._readableState.closed,supported,supported,unsupported,unsupported,unsupported,unsupported
process,stdout._readableState.constructed,supported,supported,unsupported,unsupported,unsupported,unsupported
process,stdout._readableState.dataEmitted,supported,supported,unsupported,unsupported,unsupported,unsupported
process,stdout._readableState.decoder,supported,supported,unsupported,unsupported,unsupported,unsupported
process,stdout._readableState.defaultEncoding,supported,supported,unsupported,unsupported,unsupported,unsupported
process,stdout._readableState.destroyed,supported,supported,unsupported,unsupported,unsupported,unsupported
process,stdout._readableState.emitClose,supported,supported,unsupported,unsupported,unsupported,unsupported
process,stdout._readableState.emittedReadable,supported,supported,unsupported,unsupported,unsupported,unsupported
process,stdout._readableState.encoding,supported,supported,unsupported,unsupported,unsupported,unsupported
process,stdout._readableState.endEmitted,supported,supported,unsupported,unsupported,unsupported,unsupported
process,stdout._readableState.ended,supported,supported,unsupported,unsupported,unsupported,unsupported
process,stdout._readableState.errorEmitted,supported,supported,unsupported,unsupported,unsupported,unsupported
process,stdout._readableState.errored,supported,supported,unsupported,unsupported,unsupported,unsupported
process,stdout._readableState.flowing,supported,supported,unsupported,unsupported,unsupported,unsupported
process,stdout._readableState.highWaterMark,supported,supported,unsupported,unsupported,unsupported,unsupported
process,stdout._readableState.length,supported,supported,unsupported,unsupported,unsupported,unsupported
process,stdout._readableState.multiAwaitDrain,supported,supported,unsupported,unsupported,unsupported,unsupported
process,stdout._readableState.needReadable,supported,supported,unsupported,unsupported,unsupported,unsupported
process,stdout._readableState.objectMode,supported,supported,unsupported,unsupported,unsupported,unsupported
process,stdout._readableState.paused,supported,supported,unsupported,unsupported,unsupported,unsupported
process,stdout._readableState.pipes,supported,supported,unsupported,unsupported,unsupported,unsupported
process,stdout._readableState.pipesCount,supported,supported,unsupported,unsupported,unsupported,unsupported
process,stdout._readableState.readable,supported,supported,unsupported,unsupported,unsupported,unsupported
process,stdout._readableState.readableListening,supported,supported,unsupported,unsupported,unsupported,unsupported
process,stdout._readableState.reading,supported,supported,unsupported,unsupported,unsupported,unsupported
process,stdout._readableState.readingMore,supported,supported,unsupported,unsupported,unsupported,unsupported
process,stdout._readableState.resumeScheduled,supported,supported,unsupported,unsupported,unsupported,unsupported
process,stdout._readableState.state,supported,unsupported,unsupported,unsupported,unsupported,unsupported
process,stdout._readableState.sync,supported,supported,unsupported,unsupported,unsupported,unsupported
process,stdout._reset,supported,supported,unsupported,unsupported,unsupported,unsupported
process,stdout._server,supported,supported,unsupported,unsupported,unsupported,unsupported
process,stdout._sockname,supported,supported,unsupported,unsupported,unsupported,unsupported
process,stdout._type,supported,supported,unsupported,supported,unsupported,unsupported
process,stdout._undestroy,supported,supported,unsupported,supported,supported,unsupported
process,stdout._unrefTimer,supported,supported,unsupported,unsupported,unsupported,unsupported
process,stdout._writableState.*self*,supported,supported,unsupported,supported,supported,unsupported
process,stdout._writableState.afterWriteTickInfo,supported,supported,unsupported,supported,supported,unsupported
process,stdout._writableState.allBuffers,supported,supported,unsupported,supported,supported,unsupported
process,stdout._writableState.allNoop,supported,supported,unsupported,supported,supported,unsupported
process,stdout._writableState.autoDestroy,supported,supported,unsupported,supported,supported,unsupported
process,stdout._writableState.bufferProcessing,supported,supported,unsupported,supported,supported,unsupported
process,stdout._writableState.buffered,supported,supported,unsupported,supported,supported,unsupported
process,stdout._writableState.bufferedIndex,supported,supported,unsupported,supported,supported,unsupported
process,stdout._writableState.bufferedRequestCount,supported,supported,unsupported,supported,supported,unsupported
process,stdout._writableState.closeEmitted,supported,supported,unsupported,supported,supported,unsupported
process,stdout._writableState.closed,supported,supported,unsupported,supported,supported,unsupported
process,stdout._writableState.constructed,supported,supported,unsupported,supported,supported,unsupported
process,stdout._writableState.corked,supported,supported,unsupported,supported,supported,unsupported
process,stdout._writableState.decodeStrings,supported,supported,unsupported,supported,supported,unsupported
process,stdout._writableState.defaultEncoding,supported,supported,unsupported,supported,supported,unsupported
process,stdout._writableState.destroyed,supported,supported,unsupported,supported,supported,unsupported
process,stdout._writableState.emitClose,supported,supported,unsupported,supported,supported,unsupported
process,stdout._writableState.ended,supported,supported,unsupported,supported,supported,unsupported
process,stdout._writableState.ending,supported,supported,unsupported,supported,supported,unsupported
process,stdout._writableState.errorEmitted,supported,supported,unsupported,supported,supported,unsupported
process,stdout._writableState.errored,supported,supported,unsupported,supported,supported,unsupported
process,stdout._writableState.finalCalled,supported,supported,unsupported,supported,supported,unsupported
process,stdout._writableState.finished,supported,supported,unsupported,supported,supported,unsupported
process,stdout._writableState.getBuffer,supported,supported,unsupported,supported,supported,unsupported
process,stdout._writableState.highWaterMark,supported,supported,unsupported,supported,supported,unsupported
process,stdout._writableState.length,supported,supported,unsupported,supported,supported,unsupported
process,stdout._writableState.needDrain,supported,supported,unsupported,supported,supported,unsupported
process,stdout._writableState.objectMode,supported,supported,unsupported,supported,supported,unsupported
process,stdout._writableState.onwrite,supported,supported,unsupported,supported,supported,unsupported
process,stdout._writableState.pendingcb,supported,supported,unsupported,supported,supported,unsupported
process,stdout._writableState.prefinished,supported,supported,unsupported,supported,supported,unsupported
process,stdout._writableState.sync,supported,supported,unsupported,supported,supported,unsupported
process,stdout._writableState.writable,supported,supported,unsupported,supported,unsupported,unsupported
process,stdout._writableState.writecb,supported,supported,unsupported,supported,mismatch,unsupported
process,stdout._writableState.writelen,supported,supported,unsupported,supported,supported,unsupported
process,stdout._writableState.writing,supported,supported,unsupported,supported,supported,unsupported
process,stdout._write,supported,supported,unsupported,supported,supported,unsupported
process,stdout._writeGeneric,supported,supported,unsupported,unsupported,unsupported,unsupported
process,stdout._writev,supported,supported,unsupported,mismatch,mismatch,unsupported
process,stdout.addListener,supported,supported,unsupported,supported,supported,unsupported
process,stdout.address,supported,supported,unsupported,unsupported,unsupported,unsupported
process,stdout.allowHalfOpen,supported,supported,unsupported,unsupported,unsupported,unsupported
process,stdout.asIndexedPairs,supported,unsupported,unsupported,unsupported,unsupported,unsupported
process,stdout.bufferSize,supported,supported,unsupported,unsupported,unsupported,unsupported
process,stdout.bytesRead,supported,supported,unsupported,unsupported,unsupported,unsupported
process,stdout.bytesWritten,supported,supported,unsupported,supported,unsupported,unsupported
process,stdout.closed,supported,supported,unsupported,supported,supported,unsupported
process,stdout.compose,supported,supported,unsupported,unsupported,unsupported,unsupported
process,stdout.connect,supported,supported,unsupported,unsupported,unsupported,unsupported
process,stdout.connecting,supported,supported,unsupported,unsupported,unsupported,unsupported
process,stdout.cork,supported,supported,unsupported,supported,supported,unsupported
process,stdout.destroy,supported,supported,unsupported,supported,supported,unsupported
process,stdout.destroySoon,supported,supported,unsupported,supported,supported,unsupported
process,stdout.destroyed,supported,supported,unsupported,supported,supported,unsupported
process,stdout.domain,supported,supported,unsupported,unsupported,unsupported,unsupported
process,stdout.drop,supported,supported,unsupported,unsupported,unsupported,unsupported
process,stdout.emit,supported,supported,unsupported,supported,supported,unsupported
process,stdout.end,supported,supported,unsupported,supported,supported,unsupported
process,stdout.errored,supported,supported,unsupported,supported,supported,unsupported
process,stdout.eventNames,supported,supported,unsupported,supported,supported,unsupported
process,stdout.every,supported,supported,unsupported,unsupported,unsupported,unsupported
process,stdout.fd,supported,supported,supported,supported,supported,unsupported
process,stdout.filter,supported,supported,unsupported,unsupported,unsupported,unsupported
process,stdout.find,supported,supported,unsupported,unsupported,unsupported,unsupported
process,stdout.flatMap,supported,supported,unsupported,unsupported,unsupported,unsupported
process,stdout.forEach,supported,supported,unsupported,unsupported,unsupported,unsupported
process,stdout.getMaxListeners,supported,supported,unsupported,supported,supported,unsupported
process,stdout.isPaused,supported,supported,unsupported,unsupported,unsupported,unsupported
process,stdout.iterator,supported,supported,unsupported,unsupported,unsupported,unsupported
process,stdout.listenerCount,supported,supported,unsupported,supported,supported,unsupported
process,stdout.listeners,supported,supported,unsupported,supported,supported,unsupported
process,stdout.localAddress,supported,supported,unsupported,unsupported,unsupported,unsupported
process,stdout.localFamily,supported,supported,unsupported,unsupported,unsupported,unsupported
process,stdout.localPort,supported,supported,unsupported,unsupported,unsupported,unsupported
process,stdout.map,supported,supported,unsupported,unsupported,unsupported,unsupported
process,stdout.off,supported,supported,unsupported,supported,supported,unsupported
process,stdout.on,supported,supported,unsupported,supported,supported,unsupported
process,stdout.once,supported,supported,unsupported,supported,supported,unsupported
process,stdout.pause,supported,supported,unsupported,unsupported,unsupported,unsupported
process,stdout.pending,supported,supported,unsupported,supported,unsupported,unsupported
process,stdout.pipe,supported,supported,unsupported,supported,supported,unsupported
process,stdout.prependListener,supported,supported,unsupported,supported,supported,unsupported
process,stdout.prependOnceListener,supported,supported,unsupported,supported,supported,unsupported
process,stdout.push,supported,supported,unsupported,unsupported,unsupported,unsupported
process,stdout.rawListeners,supported,supported,unsupported,supported,supported,unsupported
process,stdout.read,supported,supported,unsupported,unsupported,unsupported,unsupported
process,stdout.readable,supported,supported,unsupported,supported,unsupported,unsupported
process,stdout.readableAborted,supported,supported,unsupported,unsupported,unsupported,unsupported
process,stdout.readableBuffer,supported,supported,unsupported,unsupported,unsupported,unsupported
process,stdout.readableDidRead,supported,supported,unsupported,unsupported,unsupported,unsupported
process,stdout.readableEncoding,supported,supported,unsupported,unsupported,unsupported,unsupported
process,stdout.readableEnded,supported,supported,unsupported,unsupported,unsupported,unsupported
process,stdout.readableFlowing,supported,supported,unsupported,unsupported,unsupported,unsupported
process,stdout.readableHighWaterMark,supported,supported,unsupported,unsupported,unsupported,unsupported
process,stdout.readableLength,supported,supported,unsupported,unsupported,unsupported,unsupported
process,stdout.readableObjectMode,supported,supported,unsupported,unsupported,unsupported,unsupported
process,stdout.readyState,supported,supported,unsupported,unsupported,unsupported,unsupported
process,stdout.reduce,supported,supported,unsupported,unsupported,unsupported,unsupported
process,stdout.ref,supported,supported,unsupported,unsupported,unsupported,unsupported
process,stdout.remoteAddress,supported,supported,unsupported,unsupported,unsupported,unsupported
process,stdout.remoteFamily,supported,supported,unsupported,unsupported,unsupported,unsupported
process,stdout.remotePort,supported,supported,unsupported,unsupported,unsupported,unsupported
process,stdout.removeAllListeners,supported,supported,unsupported,supported,supported,unsupported
process,stdout.removeListener,supported,supported,unsupported,supported,supported,unsupported
process,stdout.resetAndDestroy,supported,supported,unsupported,unsupported,unsupported,unsupported
process,stdout.resume,supported,supported,unsupported,unsupported,unsupported,unsupported
process,stdout.server,supported,supported,unsupported,unsupported,unsupported,unsupported
process,stdout.setDefaultEncoding,supported,supported,unsupported,supported,supported,unsupported
process,stdout.setEncoding,supported,supported,unsupported,unsupported,unsupported,unsupported
process,stdout.setKeepAlive,supported,supported,unsupported,unsupported,unsupported,unsupported
process,stdout.setMaxListeners,supported,supported,unsupported,supported,supported,unsupported
process,stdout.setNoDelay,supported,supported,unsupported,unsupported,unsupported,unsupported
process,stdout.setTimeout,supported,supported,unsupported,unsupported,unsupported,unsupported
process,stdout.some,supported,supported,unsupported,unsupported,unsupported,unsupported
process,stdout.take,supported,supported,unsupported,unsupported,unsupported,unsupported
process,stdout.toArray,supported,supported,unsupported,unsupported,unsupported,unsupported
process,stdout.uncork,supported,supported,unsupported,supported,supported,unsupported
process,stdout.unpipe,supported,supported,unsupported,unsupported,unsupported,unsupported
process,stdout.unref,supported,supported,unsupported,unsupported,unsupported,unsupported
process,stdout.unshift,supported,supported,unsupported,unsupported,unsupported,unsupported
process,stdout.wrap,supported,supported,unsupported,unsupported,unsupported,unsupported
process,stdout.writable,supported,supported,unsupported,supported,supported,unsupported
process,stdout.writableBuffer,supported,supported,unsupported,supported,supported,unsupported
process,stdout.writableCorked,supported,supported,unsupported,supported,supported,unsupported
process,stdout.writableEnded,supported,supported,unsupported,supported,supported,unsupported
process,stdout.writableFinished,supported,supported,unsupported,supported,supported,unsupported
process,stdout.writableHighWaterMark,supported,supported,unsupported,supported,supported,unsupported
process,stdout.writableLength,supported,supported,unsupported,supported,supported,unsupported
process,stdout.writableNeedDrain,supported,supported,unsupported,supported,supported,unsupported
process,stdout.writableObjectMode,supported,supported,unsupported,supported,supported,unsupported
process,stdout.write,supported,supported,supported,supported,supported,unsupported
process,title,supported,supported,supported,supported,unsupported,unsupported
process,umask,supported,supported,supported,supported,supported,unsupported
process,unref,supported,supported,unsupported,unsupported,unsupported,unsupported
process,uptime,supported,supported,supported,supported,unsupported,unsupported
process,version,supported,supported,supported,supported,supported,unsupported
process,versions.*self*,supported,supported,supported,supported,supported,unsupported
process,versions.acorn,supported,supported,unsupported,unsupported,unsupported,unsupported
process,versions.ada,supported,supported,unsupported,unsupported,unsupported,unsupported
process,versions.amaro,supported,supported,unsupported,unsupported,unsupported,unsupported
process,versions.ares,supported,supported,unsupported,supported,supported,unsupported
process,versions.base64,supported,unsupported,unsupported,unsupported,unsupported,unsupported
process,versions.brotli,supported,supported,unsupported,unsupported,supported,unsupported
process,versions.cjs_module_lexer,supported,supported,unsupported,unsupported,unsupported,unsupported
process,versions.cldr,supported,supported,unsupported,unsupported,supported,unsupported
process,versions.icu,supported,supported,unsupported,supported,supported,unsupported
process,versions.llhttp,supported,supported,unsupported,unsupported,supported,unsupported
process,versions.modules,supported,supported,unsupported,supported,supported,unsupported
process,versions.napi,supported,supported,unsupported,supported,supported,unsupported
process,versions.nbytes,supported,supported,unsupported,unsupported,unsupported,unsupported
process,versions.ncrypto,supported,supported,unsupported,unsupported,unsupported,unsupported
process,versions.nghttp2,supported,supported,unsupported,unsupported,supported,unsupported
process,versions.nghttp3,supported,supported,unsupported,unsupported,supported,unsupported
process,versions.ngtcp2,supported,supported,unsupported,unsupported,supported,unsupported
process,versions.node,supported,supported,unsupported,supported,supported,unsupported
process,versions.openssl,supported,supported,unsupported,supported,supported,unsupported
process,versions.simdjson,supported,supported,unsupported,unsupported,unsupported,unsupported
process,versions.simdutf,supported,supported,unsupported,unsupported,unsupported,unsupported
process,versions.sqlite,supported,supported,unsupported,unsupported,unsupported,unsupported
process,versions.tz,supported,supported,unsupported,unsupported,supported,unsupported
process,versions.undici,supported,supported,unsupported,unsupported,unsupported,unsupported
process,versions.unicode,supported,supported,unsupported,supported,supported,unsupported
process,versions.uv,supported,supported,unsupported,supported,supported,unsupported
process,versions.uvwasi,supported,supported,unsupported,unsupported,unsupported,unsupported
process,versions.v8,supported,supported,unsupported,supported,supported,unsupported
process,versions.zlib,supported,supported,unsupported,supported,supported,unsupported
querystring,*self*,supported,supported,supported,supported,supported,unsupported
querystring,default.*self*,supported,supported,supported,supported,supported,unsupported
querystring,default.decode,supported,supported,supported,supported,supported,unsupported
querystring,default.encode,supported,supported,supported,supported,supported,unsupported
querystring,default.escape,supported,supported,supported,supported,supported,unsupported
querystring,default.parse,supported,supported,supported,supported,supported,unsupported
querystring,default.stringify,supported,supported,supported,supported,supported,unsupported
querystring,default.unescape,supported,supported,supported,supported,supported,unsupported
querystring,default.unescapeBuffer,supported,supported,supported,supported,supported,unsupported
querystring,decode,supported,supported,supported,supported,supported,unsupported
querystring,encode,supported,supported,supported,supported,supported,unsupported
querystring,escape,supported,supported,supported,supported,supported,unsupported
querystring,parse,supported,supported,supported,supported,supported,unsupported
querystring,stringify,supported,supported,supported,supported,supported,unsupported
querystring,unescape,supported,supported,supported,supported,supported,unsupported
querystring,unescapeBuffer,supported,supported,supported,supported,supported,unsupported
stream,*self*,supported,supported,supported,supported,supported,unsupported
stream,default.*self*,supported,supported,supported,supported,supported,unsupported
stream,default.Duplex,supported,supported,supported,supported,supported,unsupported
stream,default.EventEmitter,supported,supported,supported,supported,supported,unsupported
stream,default.EventEmitterAsyncResource,supported,supported,supported,supported,supported,unsupported
stream,default.PassThrough,supported,supported,supported,supported,supported,unsupported
stream,default.Readable,supported,supported,supported,supported,supported,unsupported
stream,default.Stream,supported,supported,supported,supported,supported,unsupported
stream,default.Transform,supported,supported,supported,supported,supported,unsupported
stream,default.Writable,supported,supported,supported,supported,supported,unsupported
stream,default.addAbortListener,supported,supported,supported,supported,unsupported,unsupported
stream,default.addAbortSignal,supported,supported,supported,supported,supported,unsupported
stream,default.captureRejectionSymbol,supported,supported,supported,supported,supported,unsupported
stream,default.captureRejections,supported,supported,supported,supported,supported,unsupported
stream,default.compose,supported,supported,supported,supported,supported,unsupported
stream,default.defaultMaxListeners,supported,supported,supported,supported,supported,unsupported
stream,default.destroy,supported,supported,supported,supported,supported,unsupported
stream,default.duplexPair,supported,supported,supported,supported,unsupported,unsupported
stream,default.errorMonitor,supported,supported,supported,supported,supported,unsupported
stream,default.finished,supported,supported,supported,supported,supported,unsupported
stream,default.getDefaultHighWaterMark,supported,supported,supported,supported,unsupported,unsupported
stream,default.getEventListeners,supported,supported,supported,supported,supported,unsupported
stream,default.getMaxListeners,supported,supported,supported,supported,unsupported,unsupported
stream,default.init,supported,supported,supported,supported,supported,unsupported
stream,default.isDestroyed,supported,supported,supported,supported,unsupported,unsupported
stream,default.isDisturbed,supported,supported,supported,supported,supported,unsupported
stream,default.isErrored,supported,supported,supported,supported,supported,unsupported
stream,default.isReadable,supported,supported,supported,supported,supported,unsupported
stream,default.isWritable,supported,supported,supported,supported,unsupported,unsupported
stream,default.kMaxEventTargetListeners,supported,supported,supported,supported,supported,unsupported
stream,default.kMaxEventTargetListenersWarned,supported,supported,supported,supported,supported,unsupported
stream,default.length,supported,supported,supported,supported,supported,unsupported
stream,default.listenerCount,supported,supported,supported,supported,supported,unsupported
stream,default.name,supported,supported,supported,supported,supported,unsupported
stream,default.on,supported,supported,supported,supported,supported,unsupported
stream,default.once,supported,supported,supported,supported,supported,unsupported
stream,default.pipeline,supported,supported,supported,supported,supported,unsupported
stream,default.promises.*self*,supported,supported,supported,supported,supported,unsupported
stream,default.promises.finished,supported,supported,supported,supported,supported,unsupported
stream,default.promises.pipeline,supported,supported,supported,supported,supported,unsupported
stream,default.prototype.*self*,supported,supported,supported,supported,supported,unsupported
stream,default.prototype._events,supported,supported,supported,unsupported,supported,unsupported
stream,default.prototype._eventsCount,supported,supported,supported,unsupported,supported,unsupported
stream,default.prototype._maxListeners,supported,supported,supported,unsupported,supported,unsupported
stream,default.prototype.addListener,supported,supported,supported,supported,supported,unsupported
stream,default.prototype.emit,supported,supported,supported,supported,supported,unsupported
stream,default.prototype.eventNames,supported,supported,supported,supported,supported,unsupported
stream,default.prototype.getMaxListeners,supported,supported,supported,supported,supported,unsupported
stream,default.prototype.listenerCount,supported,supported,supported,supported,supported,unsupported
stream,default.prototype.listeners,supported,supported,supported,supported,supported,unsupported
stream,default.prototype.off,supported,supported,supported,supported,supported,unsupported
stream,default.prototype.on,supported,supported,supported,supported,supported,unsupported
stream,default.prototype.once,supported,supported,supported,supported,supported,unsupported
stream,default.prototype.pipe,supported,supported,supported,supported,supported,unsupported
stream,default.prototype.prependListener,supported,supported,supported,supported,supported,unsupported
stream,default.prototype.prependOnceListener,supported,supported,supported,supported,supported,unsupported
stream,default.prototype.rawListeners,supported,supported,supported,supported,supported,unsupported
stream,default.prototype.removeAllListeners,supported,supported,supported,supported,supported,unsupported
stream,default.prototype.removeListener,supported,supported,supported,supported,supported,unsupported
stream,default.prototype.setMaxListeners,supported,supported,supported,supported,supported,unsupported
stream,default.setDefaultHighWaterMark,supported,supported,supported,supported,unsupported,unsupported
stream,default.setMaxListeners,supported,supported,supported,supported,supported,unsupported
stream,default.usingDomains,supported,supported,supported,supported,supported,unsupported
stream,Duplex,supported,supported,supported,supported,supported,unsupported
stream,PassThrough,supported,supported,supported,supported,supported,unsupported
stream,Readable,supported,supported,supported,supported,supported,unsupported
stream,Stream,supported,supported,supported,supported,supported,unsupported
stream,Transform,supported,supported,supported,supported,supported,unsupported
stream,Writable,supported,supported,supported,supported,supported,unsupported
stream,addAbortSignal,supported,supported,supported,supported,supported,unsupported
stream,compose,supported,supported,supported,supported,supported,unsupported
stream,destroy,supported,supported,supported,supported,supported,unsupported
stream,duplexPair,supported,supported,supported,supported,unsupported,unsupported
stream,finished,supported,supported,supported,supported,supported,unsupported
stream,getDefaultHighWaterMark,supported,supported,supported,supported,supported,unsupported
stream,isDestroyed,supported,supported,supported,supported,supported,unsupported
stream,isDisturbed,supported,supported,supported,supported,supported,unsupported
stream,isErrored,supported,supported,supported,supported,supported,unsupported
stream,isReadable,supported,supported,supported,supported,supported,unsupported
stream,isWritable,supported,supported,supported,supported,supported,unsupported
stream,pipeline,supported,supported,supported,supported,supported,unsupported
stream,promises.*self*,supported,supported,supported,supported,unsupported,unsupported
stream,promises.finished,supported,supported,supported,supported,unsupported,unsupported
stream,promises.pipeline,supported,supported,supported,supported,unsupported,unsupported
stream,setDefaultHighWaterMark,supported,supported,supported,supported,supported,unsupported
stream/consumers,*self*,supported,supported,supported,supported,supported,unsupported
stream/consumers,default.*self*,supported,supported,supported,supported,supported,unsupported
stream/consumers,default.arrayBuffer,supported,supported,supported,supported,supported,unsupported
stream/consumers,default.blob,supported,supported,supported,supported,supported,unsupported
stream/consumers,default.buffer,supported,supported,supported,supported,supported,unsupported
stream/consumers,default.json,supported,supported,supported,supported,supported,unsupported
stream/consumers,default.text,supported,supported,supported,supported,supported,unsupported
stream/consumers,arrayBuffer,supported,supported,supported,supported,supported,unsupported
stream/consumers,blob,supported,supported,supported,supported,supported,unsupported
stream/consumers,buffer,supported,supported,supported,supported,supported,unsupported
stream/consumers,json,supported,supported,supported,supported,supported,unsupported
stream/consumers,text,supported,supported,supported,supported,supported,unsupported
stream/promises,*self*,supported,supported,supported,supported,supported,unsupported
stream/promises,default.*self*,supported,supported,supported,supported,supported,unsupported
stream/promises,default.finished,supported,supported,supported,supported,supported,unsupported
stream/promises,default.pipeline,supported,supported,supported,supported,supported,unsupported
stream/promises,finished,supported,supported,supported,supported,supported,unsupported
stream/promises,pipeline,supported,supported,supported,supported,supported,unsupported
stream/web,*self*,supported,supported,supported,supported,supported,unsupported
stream/web,default.*self*,supported,supported,supported,supported,supported,unsupported
stream/web,default.ByteLengthQueuingStrategy,supported,supported,supported,supported,supported,unsupported
stream/web,default.CompressionStream,supported,supported,supported,mismatch,supported,unsupported
stream/web,default.CountQueuingStrategy,supported,supported,supported,supported,supported,unsupported
stream/web,default.DecompressionStream,supported,supported,supported,mismatch,supported,unsupported
stream/web,default.ReadableByteStreamController,supported,supported,supported,supported,supported,unsupported
stream/web,default.ReadableStream,supported,supported,supported,supported,supported,unsupported
stream/web,default.ReadableStreamBYOBReader,supported,supported,supported,supported,supported,unsupported
stream/web,default.ReadableStreamBYOBRequest,supported,supported,supported,supported,supported,unsupported
stream/web,default.ReadableStreamDefaultController,supported,supported,supported,supported,supported,unsupported
stream/web,default.ReadableStreamDefaultReader,supported,supported,supported,supported,supported,unsupported
stream/web,default.TextDecoderStream,supported,supported,supported,supported,supported,unsupported
stream/web,default.TextEncoderStream,supported,supported,supported,supported,supported,unsupported
stream/web,default.TransformStream,supported,supported,supported,supported,supported,unsupported
stream/web,default.TransformStreamDefaultController,supported,supported,supported,supported,supported,unsupported
stream/web,default.WritableStream,supported,supported,supported,supported,supported,unsupported
stream/web,default.WritableStreamDefaultController,supported,supported,supported,supported,supported,unsupported
stream/web,default.WritableStreamDefaultWriter,supported,supported,supported,supported,supported,unsupported
stream/web,ByteLengthQueuingStrategy,supported,supported,supported,supported,supported,unsupported
stream/web,CompressionStream,supported,supported,supported,mismatch,supported,unsupported
stream/web,CountQueuingStrategy,supported,supported,supported,supported,supported,unsupported
stream/web,DecompressionStream,supported,supported,supported,mismatch,supported,unsupported
stream/web,ReadableByteStreamController,supported,supported,supported,supported,supported,unsupported
stream/web,ReadableStream,supported,supported,supported,supported,supported,unsupported
stream/web,ReadableStreamBYOBReader,supported,supported,supported,supported,supported,unsupported
stream/web,ReadableStreamBYOBRequest,supported,supported,supported,supported,supported,unsupported
stream/web,ReadableStreamDefaultController,supported,supported,supported,supported,supported,unsupported
stream/web,ReadableStreamDefaultReader,supported,supported,supported,supported,supported,unsupported
stream/web,TextDecoderStream,supported,supported,supported,supported,supported,unsupported
stream/web,TextEncoderStream,supported,supported,supported,supported,supported,unsupported
stream/web,TransformStream,supported,supported,supported,supported,supported,unsupported
stream/web,TransformStreamDefaultController,supported,supported,supported,supported,supported,unsupported
stream/web,WritableStream,supported,supported,supported,supported,supported,unsupported
stream/web,WritableStreamDefaultController,supported,supported,supported,supported,supported,unsupported
stream/web,WritableStreamDefaultWriter,supported,supported,supported,supported,supported,unsupported
string_decoder,*self*,supported,supported,supported,supported,supported,unsupported
string_decoder,default.*self*,supported,supported,supported,supported,supported,unsupported
string_decoder,default.StringDecoder,supported,supported,supported,supported,supported,unsupported
string_decoder,StringDecoder,supported,supported,supported,supported,supported,unsupported
sys,*self*,supported,supported,supported,supported,supported,unsupported
sys,default.*self*,supported,supported,supported,supported,supported,unsupported
sys,default.MIMEParams,supported,supported,supported,unsupported,unsupported,unsupported
sys,default.MIMEType,supported,supported,supported,unsupported,unsupported,unsupported
sys,default.TextDecoder,supported,supported,supported,supported,supported,unsupported
sys,default.TextEncoder,supported,supported,supported,supported,supported,unsupported
sys,default.aborted,supported,supported,supported,supported,supported,unsupported
sys,default.callbackify,supported,supported,supported,supported,supported,unsupported
sys,default.debug,supported,supported,supported,supported,supported,unsupported
sys,default.debuglog,supported,supported,supported,supported,supported,unsupported
sys,default.deprecate,supported,supported,supported,supported,supported,unsupported
sys,default.format,supported,supported,supported,supported,supported,unsupported
sys,default.formatWithOptions,supported,supported,supported,supported,supported,unsupported
sys,default.getCallSite,supported,supported,supported,unsupported,unsupported,unsupported
sys,default.getCallSites,supported,supported,unsupported,unsupported,supported,unsupported
sys,default.getSystemErrorMap,supported,supported,stub,unsupported,unsupported,unsupported
sys,default.getSystemErrorMessage,supported,supported,unsupported,unsupported,unsupported,unsupported
sys,default.getSystemErrorName,supported,supported,stub,supported,supported,unsupported
sys,default.inherits,supported,supported,supported,supported,supported,unsupported
sys,default.inspect,supported,supported,supported,supported,supported,unsupported
sys,default.isArray,supported,supported,supported,supported,supported,unsupported
sys,default.isBoolean,supported,supported,supported,supported,supported,unsupported
sys,default.isBuffer,supported,supported,supported,supported,supported,unsupported
sys,default.isDate,supported,supported,supported,supported,supported,unsupported
sys,default.isDeepStrictEqual,supported,supported,supported,supported,supported,unsupported
sys,default.isError,supported,supported,supported,supported,supported,unsupported
sys,default.isFunction,supported,supported,supported,supported,supported,unsupported
sys,default.isNull,supported,supported,supported,supported,supported,unsupported
sys,default.isNullOrUndefined,supported,supported,supported,supported,supported,unsupported
sys,default.isNumber,supported,supported,supported,supported,supported,unsupported
sys,default.isObject,supported,supported,supported,supported,supported,unsupported
sys,default.isPrimitive,supported,supported,supported,supported,supported,unsupported
sys,default.isRegExp,supported,supported,supported,supported,supported,unsupported
sys,default.isString,supported,supported,supported,supported,supported,unsupported
sys,default.isSymbol,supported,supported,supported,supported,supported,unsupported
sys,default.isUndefined,supported,supported,supported,supported,supported,unsupported
sys,default.log,supported,supported,supported,supported,supported,unsupported
sys,default.parseArgs,supported,supported,supported,supported,supported,unsupported
sys,default.parseEnv,supported,supported,stub,unsupported,unsupported,unsupported
sys,default.promisify,supported,supported,supported,supported,supported,unsupported
sys,default.stripVTControlCharacters,supported,supported,supported,supported,supported,unsupported
sys,default.styleText,supported,supported,stub,supported,supported,unsupported
sys,default.toUSVString,supported,supported,supported,supported,supported,unsupported
sys,default.transferableAbortController,supported,supported,supported,unsupported,unsupported,unsupported
sys,default.transferableAbortSignal,supported,supported,supported,unsupported,unsupported,unsupported
sys,default.types.*self*,supported,supported,supported,supported,supported,unsupported
sys,default.types.isAnyArrayBuffer,supported,supported,supported,supported,supported,unsupported
sys,default.types.isArgumentsObject,supported,supported,supported,supported,supported,unsupported
sys,default.types.isArrayBuffer,supported,supported,supported,supported,supported,unsupported
sys,default.types.isArrayBufferView,supported,supported,supported,supported,supported,unsupported
sys,default.types.isAsyncFunction,supported,supported,supported,supported,supported,unsupported
sys,default.types.isBigInt64Array,supported,supported,supported,supported,supported,unsupported
sys,default.types.isBigIntObject,supported,supported,supported,supported,supported,unsupported
sys,default.types.isBigUint64Array,supported,supported,supported,supported,supported,unsupported
sys,default.types.isBooleanObject,supported,supported,supported,supported,supported,unsupported
sys,default.types.isBoxedPrimitive,supported,supported,supported,supported,supported,unsupported
sys,default.types.isCryptoKey,supported,supported,supported,supported,supported,unsupported
sys,default.types.isDataView,supported,supported,supported,supported,supported,unsupported
sys,default.types.isDate,supported,supported,supported,supported,supported,unsupported
sys,default.types.isExternal,supported,supported,supported,supported,unsupported,unsupported
sys,default.types.isFloat32Array,supported,supported,supported,supported,supported,unsupported
sys,default.types.isFloat64Array,supported,supported,supported,supported,supported,unsupported
sys,default.types.isGeneratorFunction,supported,supported,supported,supported,supported,unsupported
sys,default.types.isGeneratorObject,supported,supported,supported,supported,supported,unsupported
sys,default.types.isInt16Array,supported,supported,supported,supported,supported,unsupported
sys,default.types.isInt32Array,supported,supported,supported,supported,supported,unsupported
sys,default.types.isInt8Array,supported,supported,supported,supported,supported,unsupported
sys,default.types.isKeyObject,supported,supported,supported,supported,supported,unsupported
sys,default.types.isMap,supported,supported,supported,supported,supported,unsupported
sys,default.types.isMapIterator,supported,supported,supported,supported,supported,unsupported
sys,default.types.isModuleNamespaceObject,supported,supported,supported,supported,supported,unsupported
sys,default.types.isNativeError,supported,supported,supported,supported,supported,unsupported
sys,default.types.isNumberObject,supported,supported,supported,supported,supported,unsupported
sys,default.types.isPromise,supported,supported,supported,supported,supported,unsupported
sys,default.types.isProxy,supported,supported,supported,supported,supported,unsupported
sys,default.types.isRegExp,supported,supported,supported,supported,supported,unsupported
sys,default.types.isSet,supported,supported,supported,supported,supported,unsupported
sys,default.types.isSetIterator,supported,supported,supported,supported,supported,unsupported
sys,default.types.isSharedArrayBuffer,supported,supported,supported,supported,supported,unsupported
sys,default.types.isStringObject,supported,supported,supported,supported,supported,unsupported
sys,default.types.isSymbolObject,supported,supported,supported,supported,supported,unsupported
sys,default.types.isTypedArray,supported,supported,supported,supported,supported,unsupported
sys,default.types.isUint16Array,supported,supported,supported,supported,supported,unsupported
sys,default.types.isUint32Array,supported,supported,supported,supported,supported,unsupported
sys,default.types.isUint8Array,supported,supported,supported,supported,supported,unsupported
sys,default.types.isUint8ClampedArray,supported,supported,supported,supported,supported,unsupported
sys,default.types.isWeakMap,supported,supported,supported,supported,supported,unsupported
sys,default.types.isWeakSet,supported,supported,supported,supported,supported,unsupported
sys,MIMEParams,supported,supported,supported,unsupported,unsupported,unsupported
sys,MIMEType,supported,supported,supported,unsupported,unsupported,unsupported
sys,TextDecoder,supported,supported,supported,supported,supported,unsupported
sys,TextEncoder,supported,supported,supported,supported,supported,unsupported
sys,aborted,supported,supported,supported,supported,supported,unsupported
sys,callbackify,supported,supported,supported,supported,supported,unsupported
sys,debug,supported,supported,supported,supported,supported,unsupported
sys,debuglog,supported,supported,supported,supported,supported,unsupported
sys,deprecate,supported,supported,supported,supported,supported,unsupported
sys,format,supported,supported,supported,supported,supported,unsupported
sys,formatWithOptions,supported,supported,supported,supported,supported,unsupported
sys,getCallSite,supported,supported,supported,unsupported,unsupported,unsupported
sys,getCallSites,supported,supported,unsupported,unsupported,supported,unsupported
sys,getSystemErrorMap,supported,supported,stub,unsupported,unsupported,unsupported
sys,getSystemErrorMessage,supported,supported,unsupported,unsupported,unsupported,unsupported
sys,getSystemErrorName,supported,supported,stub,supported,supported,unsupported
sys,inherits,supported,supported,supported,supported,supported,unsupported
sys,inspect,supported,supported,supported,supported,supported,unsupported
sys,isArray,supported,supported,supported,supported,supported,unsupported
sys,isBoolean,supported,supported,supported,supported,supported,unsupported
sys,isBuffer,supported,supported,supported,supported,supported,unsupported
sys,isDate,supported,supported,supported,supported,supported,unsupported
sys,isDeepStrictEqual,supported,supported,supported,supported,supported,unsupported
sys,isError,supported,supported,supported,supported,supported,unsupported
sys,isFunction,supported,supported,supported,supported,supported,unsupported
sys,isNull,supported,supported,supported,supported,supported,unsupported
sys,isNullOrUndefined,supported,supported,supported,supported,supported,unsupported
sys,isNumber,supported,supported,supported,supported,supported,unsupported
sys,isObject,supported,supported,supported,supported,supported,unsupported
sys,isPrimitive,supported,supported,supported,supported,supported,unsupported
sys,isRegExp,supported,supported,supported,supported,supported,unsupported
sys,isString,supported,supported,supported,supported,supported,unsupported
sys,isSymbol,supported,supported,supported,supported,supported,unsupported
sys,isUndefined,supported,supported,supported,supported,supported,unsupported
sys,log,supported,supported,supported,supported,supported,unsupported
sys,parseArgs,supported,supported,supported,supported,supported,unsupported
sys,parseEnv,supported,supported,stub,unsupported,unsupported,unsupported
sys,promisify,supported,supported,supported,supported,supported,unsupported
sys,stripVTControlCharacters,supported,supported,supported,supported,supported,unsupported
sys,styleText,supported,supported,stub,supported,supported,unsupported
sys,toUSVString,supported,supported,supported,supported,supported,unsupported
sys,transferableAbortController,supported,supported,supported,unsupported,unsupported,unsupported
sys,transferableAbortSignal,supported,supported,supported,unsupported,unsupported,unsupported
sys,types.*self*,supported,supported,supported,supported,supported,unsupported
sys,types.isAnyArrayBuffer,supported,supported,supported,supported,supported,unsupported
sys,types.isArgumentsObject,supported,supported,supported,supported,supported,unsupported
sys,types.isArrayBuffer,supported,supported,supported,supported,supported,unsupported
sys,types.isArrayBufferView,supported,supported,supported,supported,supported,unsupported
sys,types.isAsyncFunction,supported,supported,supported,supported,supported,unsupported
sys,types.isBigInt64Array,supported,supported,supported,supported,supported,unsupported
sys,types.isBigIntObject,supported,supported,supported,supported,supported,unsupported
sys,types.isBigUint64Array,supported,supported,supported,supported,supported,unsupported
sys,types.isBooleanObject,supported,supported,supported,supported,supported,unsupported
sys,types.isBoxedPrimitive,supported,supported,supported,supported,supported,unsupported
sys,types.isCryptoKey,supported,supported,supported,supported,supported,unsupported
sys,types.isDataView,supported,supported,supported,supported,supported,unsupported
sys,types.isDate,supported,supported,supported,supported,supported,unsupported
sys,types.isExternal,supported,supported,supported,supported,unsupported,unsupported
sys,types.isFloat32Array,supported,supported,supported,supported,supported,unsupported
sys,types.isFloat64Array,supported,supported,supported,supported,supported,unsupported
sys,types.isGeneratorFunction,supported,supported,supported,supported,supported,unsupported
sys,types.isGeneratorObject,supported,supported,supported,supported,supported,unsupported
sys,types.isInt16Array,supported,supported,supported,supported,supported,unsupported
sys,types.isInt32Array,supported,supported,supported,supported,supported,unsupported
sys,types.isInt8Array,supported,supported,supported,supported,supported,unsupported
sys,types.isKeyObject,supported,supported,supported,supported,supported,unsupported
sys,types.isMap,supported,supported,supported,supported,supported,unsupported
sys,types.isMapIterator,supported,supported,supported,supported,supported,unsupported
sys,types.isModuleNamespaceObject,supported,supported,supported,supported,supported,unsupported
sys,types.isNativeError,supported,supported,supported,supported,supported,unsupported
sys,types.isNumberObject,supported,supported,supported,supported,supported,unsupported
sys,types.isPromise,supported,supported,supported,supported,supported,unsupported
sys,types.isProxy,supported,supported,supported,supported,supported,unsupported
sys,types.isRegExp,supported,supported,supported,supported,supported,unsupported
sys,types.isSet,supported,supported,supported,supported,supported,unsupported
sys,types.isSetIterator,supported,supported,supported,supported,supported,unsupported
sys,types.isSharedArrayBuffer,supported,supported,supported,supported,supported,unsupported
sys,types.isStringObject,supported,supported,supported,supported,supported,unsupported
sys,types.isSymbolObject,supported,supported,supported,supported,supported,unsupported
sys,types.isTypedArray,supported,supported,supported,supported,supported,unsupported
sys,types.isUint16Array,supported,supported,supported,supported,supported,unsupported
sys,types.isUint32Array,supported,supported,supported,supported,supported,unsupported
sys,types.isUint8Array,supported,supported,supported,supported,supported,unsupported
sys,types.isUint8ClampedArray,supported,supported,supported,supported,supported,unsupported
sys,types.isWeakMap,supported,supported,supported,supported,supported,unsupported
sys,types.isWeakSet,supported,supported,supported,supported,supported,unsupported
timers,*self*,supported,supported,supported,supported,supported,unsupported
timers,default.*self*,supported,supported,supported,supported,supported,unsupported
timers,default.active,supported,supported,supported,supported,unsupported,unsupported
timers,default.clearImmediate,supported,supported,supported,supported,supported,unsupported
timers,default.clearInterval,supported,supported,supported,supported,supported,unsupported
timers,default.clearTimeout,supported,supported,supported,supported,supported,unsupported
timers,default.enroll,supported,supported,supported,supported,unsupported,unsupported
timers,default.promises.*self*,supported,supported,supported,supported,supported,unsupported
timers,default.promises.scheduler,supported,supported,supported,supported,supported,unsupported
timers,default.promises.setImmediate,supported,supported,supported,supported,supported,unsupported
timers,default.promises.setInterval,supported,supported,supported,supported,supported,unsupported
timers,default.promises.setTimeout,supported,supported,supported,supported,supported,unsupported
timers,default.setImmediate,supported,supported,supported,supported,supported,unsupported
timers,default.setInterval,supported,supported,supported,supported,supported,unsupported
timers,default.setTimeout,supported,supported,supported,supported,supported,unsupported
timers,default.unenroll,supported,supported,supported,supported,unsupported,unsupported
timers,active,supported,supported,supported,supported,unsupported,unsupported
timers,clearImmediate,supported,supported,supported,supported,supported,unsupported
timers,clearInterval,supported,supported,supported,supported,supported,unsupported
timers,clearTimeout,supported,supported,supported,supported,supported,unsupported
timers,enroll,supported,supported,supported,supported,unsupported,unsupported
timers,promises.*self*,supported,supported,supported,supported,supported,unsupported
timers,promises.scheduler.*self*,supported,supported,supported,supported,supported,unsupported
timers,promises.scheduler.wait,supported,supported,supported,supported,supported,unsupported
timers,promises.scheduler.yield,supported,supported,supported,supported,supported,unsupported
timers,promises.setImmediate,supported,supported,supported,supported,supported,unsupported
timers,promises.setInterval,supported,supported,supported,supported,supported,unsupported
timers,promises.setTimeout,supported,supported,supported,supported,supported,unsupported
timers,setImmediate,supported,supported,supported,supported,supported,unsupported
timers,setInterval,supported,supported,supported,supported,supported,unsupported
timers,setTimeout,supported,supported,supported,supported,supported,unsupported
timers,unenroll,supported,supported,supported,supported,unsupported,unsupported
timers/promises,*self*,supported,supported,supported,supported,supported,unsupported
timers/promises,default.*self*,supported,supported,supported,supported,supported,unsupported
timers/promises,default.scheduler.*self*,supported,supported,supported,supported,supported,unsupported
timers/promises,default.scheduler.wait,supported,supported,supported,supported,supported,unsupported
timers/promises,default.scheduler.yield,supported,supported,supported,supported,supported,unsupported
timers/promises,default.setImmediate,supported,supported,supported,supported,supported,unsupported
timers/promises,default.setInterval,supported,supported,supported,supported,supported,unsupported
timers/promises,default.setTimeout,supported,supported,supported,supported,supported,unsupported
timers/promises,scheduler.*self*,supported,supported,supported,supported,supported,unsupported
timers/promises,scheduler.wait,supported,supported,supported,supported,supported,unsupported
timers/promises,scheduler.yield,supported,supported,supported,supported,supported,unsupported
timers/promises,setImmediate,supported,supported,supported,supported,supported,unsupported
timers/promises,setInterval,supported,supported,supported,supported,supported,unsupported
timers/promises,setTimeout,supported,supported,supported,supported,supported,unsupported
tls,*self*,supported,supported,supported,supported,supported,unsupported
tls,default.*self*,supported,supported,supported,supported,supported,unsupported
tls,default.CLIENT_RENEG_LIMIT,supported,supported,supported,supported,supported,unsupported
tls,default.CLIENT_RENEG_WINDOW,supported,supported,supported,supported,supported,unsupported
tls,default.DEFAULT_CIPHERS,supported,supported,supported,supported,supported,unsupported
tls,default.DEFAULT_ECDH_CURVE,supported,supported,supported,supported,supported,unsupported
tls,default.DEFAULT_MAX_VERSION,supported,supported,supported,supported,supported,unsupported
tls,default.DEFAULT_MIN_VERSION,supported,supported,supported,supported,supported,unsupported
tls,default.SecureContext,supported,supported,supported,supported,unsupported,unsupported
tls,default.Server,supported,supported,supported,supported,supported,unsupported
tls,default.TLSSocket,supported,supported,supported,supported,supported,unsupported
tls,default.checkServerIdentity,supported,supported,supported,supported,supported,unsupported
tls,default.connect,supported,supported,supported,supported,supported,unsupported
tls,default.convertALPNProtocols,supported,supported,stub,supported,unsupported,unsupported
tls,default.createSecureContext,supported,supported,supported,supported,supported,unsupported
tls,default.createSecurePair,supported,supported,stub,unsupported,stub,unsupported
tls,default.createServer,supported,supported,supported,supported,supported,unsupported
tls,default.getCiphers,supported,supported,stub,supported,supported,unsupported
tls,default.rootCertificates,supported,supported,supported,supported,supported,unsupported
tls,CLIENT_RENEG_LIMIT,supported,supported,supported,supported,supported,unsupported
tls,CLIENT_RENEG_WINDOW,supported,supported,supported,supported,supported,unsupported
tls,DEFAULT_CIPHERS,supported,supported,supported,supported,supported,unsupported
tls,DEFAULT_ECDH_CURVE,supported,supported,supported,supported,supported,unsupported
tls,DEFAULT_MAX_VERSION,supported,supported,supported,supported,supported,unsupported
tls,DEFAULT_MIN_VERSION,supported,supported,supported,supported,supported,unsupported
tls,SecureContext,supported,supported,supported,supported,unsupported,unsupported
tls,Server,supported,supported,supported,supported,supported,unsupported
tls,TLSSocket,supported,supported,supported,supported,supported,unsupported
tls,checkServerIdentity,supported,supported,supported,supported,supported,unsupported
tls,connect,supported,supported,supported,supported,supported,unsupported
tls,convertALPNProtocols,supported,supported,stub,supported,unsupported,unsupported
tls,createSecureContext,supported,supported,supported,supported,supported,unsupported
tls,createSecurePair,supported,supported,stub,unsupported,stub,unsupported
tls,createServer,supported,supported,supported,supported,supported,unsupported
tls,getCiphers,supported,supported,stub,supported,supported,unsupported
tls,rootCertificates,supported,supported,supported,supported,supported,unsupported
trace_events,*self*,supported,supported,supported,supported,supported,unsupported
trace_events,default.*self*,supported,supported,supported,supported,supported,unsupported
trace_events,default.createTracing,supported,supported,supported,supported,supported,unsupported
trace_events,default.getEnabledCategories,supported,supported,supported,supported,supported,unsupported
trace_events,createTracing,supported,supported,supported,supported,supported,unsupported
trace_events,getEnabledCategories,supported,supported,supported,supported,supported,unsupported
url,*self*,supported,supported,supported,supported,supported,unsupported
url,default.*self*,supported,supported,supported,supported,supported,unsupported
url,default.URL,supported,supported,supported,supported,supported,unsupported
url,default.URLSearchParams,supported,supported,supported,supported,supported,unsupported
url,default.Url,supported,supported,supported,supported,supported,unsupported
url,default.domainToASCII,supported,supported,supported,supported,supported,unsupported
url,default.domainToUnicode,supported,supported,supported,supported,supported,unsupported
url,default.fileURLToPath,supported,supported,supported,supported,supported,unsupported
url,default.format,supported,supported,supported,supported,supported,unsupported
url,default.parse,supported,supported,supported,supported,supported,unsupported
url,default.pathToFileURL,supported,supported,supported,supported,supported,unsupported
url,default.resolve,supported,supported,supported,supported,supported,unsupported
url,default.resolveObject,supported,supported,supported,supported,supported,unsupported
url,default.urlToHttpOptions,supported,supported,supported,supported,supported,unsupported
url,URL,supported,supported,supported,supported,supported,unsupported
url,URLSearchParams,supported,supported,supported,supported,supported,unsupported
url,Url,supported,supported,supported,supported,supported,unsupported
url,domainToASCII,supported,supported,supported,supported,supported,unsupported
url,domainToUnicode,supported,supported,supported,supported,supported,unsupported
url,fileURLToPath,supported,supported,supported,supported,supported,unsupported
url,format,supported,supported,supported,supported,supported,unsupported
url,parse,supported,supported,supported,supported,supported,unsupported
url,pathToFileURL,supported,supported,supported,supported,supported,unsupported
url,resolve,supported,supported,supported,supported,supported,unsupported
url,resolveObject,supported,supported,supported,supported,supported,unsupported
url,urlToHttpOptions,supported,supported,supported,supported,supported,unsupported
util,*self*,supported,supported,supported,supported,supported,unsupported
util,default.*self*,supported,supported,supported,supported,supported,unsupported
util,default.MIMEParams,supported,supported,supported,unsupported,unsupported,unsupported
util,default.MIMEType,supported,supported,supported,unsupported,unsupported,unsupported
util,default.TextDecoder,supported,supported,supported,supported,supported,unsupported
util,default.TextEncoder,supported,supported,supported,supported,supported,unsupported
util,default.aborted,supported,supported,supported,supported,supported,unsupported
util,default.callbackify,supported,supported,supported,supported,supported,unsupported
util,default.debug,supported,supported,supported,supported,supported,unsupported
util,default.debuglog,supported,supported,supported,supported,supported,unsupported
util,default.deprecate,supported,supported,supported,supported,supported,unsupported
util,default.format,supported,supported,supported,supported,supported,unsupported
util,default.formatWithOptions,supported,supported,supported,supported,supported,unsupported
util,default.getCallSite,supported,supported,supported,unsupported,unsupported,unsupported
util,default.getCallSites,supported,supported,unsupported,unsupported,supported,unsupported
util,default.getSystemErrorMap,supported,supported,stub,unsupported,unsupported,unsupported
util,default.getSystemErrorMessage,supported,supported,unsupported,unsupported,unsupported,unsupported
util,default.getSystemErrorName,supported,supported,stub,supported,supported,unsupported
util,default.inherits,supported,supported,supported,supported,supported,unsupported
util,default.inspect,supported,supported,supported,supported,supported,unsupported
util,default.isArray,supported,supported,supported,supported,supported,unsupported
util,default.isBoolean,supported,supported,supported,supported,supported,unsupported
util,default.isBuffer,supported,supported,supported,supported,supported,unsupported
util,default.isDate,supported,supported,supported,supported,supported,unsupported
util,default.isDeepStrictEqual,supported,supported,supported,supported,supported,unsupported
util,default.isError,supported,supported,supported,supported,supported,unsupported
util,default.isFunction,supported,supported,supported,supported,supported,unsupported
util,default.isNull,supported,supported,supported,supported,supported,unsupported
util,default.isNullOrUndefined,supported,supported,supported,supported,supported,unsupported
util,default.isNumber,supported,supported,supported,supported,supported,unsupported
util,default.isObject,supported,supported,supported,supported,supported,unsupported
util,default.isPrimitive,supported,supported,supported,supported,supported,unsupported
util,default.isRegExp,supported,supported,supported,supported,supported,unsupported
util,default.isString,supported,supported,supported,supported,supported,unsupported
util,default.isSymbol,supported,supported,supported,supported,supported,unsupported
util,default.isUndefined,supported,supported,supported,supported,supported,unsupported
util,default.log,supported,supported,supported,supported,supported,unsupported
util,default.parseArgs,supported,supported,supported,supported,supported,unsupported
util,default.parseEnv,supported,supported,stub,unsupported,unsupported,unsupported
util,default.promisify,supported,supported,supported,supported,supported,unsupported
util,default.stripVTControlCharacters,supported,supported,supported,supported,supported,unsupported
util,default.styleText,supported,supported,stub,supported,supported,unsupported
util,default.toUSVString,supported,supported,supported,supported,supported,unsupported
util,default.transferableAbortController,supported,supported,supported,unsupported,unsupported,unsupported
util,default.transferableAbortSignal,supported,supported,supported,unsupported,unsupported,unsupported
util,default.types.*self*,supported,supported,supported,supported,supported,unsupported
util,default.types.isAnyArrayBuffer,supported,supported,supported,supported,supported,unsupported
util,default.types.isArgumentsObject,supported,supported,supported,supported,supported,unsupported
util,default.types.isArrayBuffer,supported,supported,supported,supported,supported,unsupported
util,default.types.isArrayBufferView,supported,supported,supported,supported,supported,unsupported
util,default.types.isAsyncFunction,supported,supported,supported,supported,supported,unsupported
util,default.types.isBigInt64Array,supported,supported,supported,supported,supported,unsupported
util,default.types.isBigIntObject,supported,supported,supported,supported,supported,unsupported
util,default.types.isBigUint64Array,supported,supported,supported,supported,supported,unsupported
util,default.types.isBooleanObject,supported,supported,supported,supported,supported,unsupported
util,default.types.isBoxedPrimitive,supported,supported,supported,supported,supported,unsupported
util,default.types.isCryptoKey,supported,supported,supported,supported,supported,unsupported
util,default.types.isDataView,supported,supported,supported,supported,supported,unsupported
util,default.types.isDate,supported,supported,supported,supported,supported,unsupported
util,default.types.isExternal,supported,supported,supported,supported,unsupported,unsupported
util,default.types.isFloat32Array,supported,supported,supported,supported,supported,unsupported
util,default.types.isFloat64Array,supported,supported,supported,supported,supported,unsupported
util,default.types.isGeneratorFunction,supported,supported,supported,supported,supported,unsupported
util,default.types.isGeneratorObject,supported,supported,supported,supported,supported,unsupported
util,default.types.isInt16Array,supported,supported,supported,supported,supported,unsupported
util,default.types.isInt32Array,supported,supported,supported,supported,supported,unsupported
util,default.types.isInt8Array,supported,supported,supported,supported,supported,unsupported
util,default.types.isKeyObject,supported,supported,supported,supported,supported,unsupported
util,default.types.isMap,supported,supported,supported,supported,supported,unsupported
util,default.types.isMapIterator,supported,supported,supported,supported,supported,unsupported
util,default.types.isModuleNamespaceObject,supported,supported,supported,supported,supported,unsupported
util,default.types.isNativeError,supported,supported,supported,supported,supported,unsupported
util,default.types.isNumberObject,supported,supported,supported,supported,supported,unsupported
util,default.types.isPromise,supported,supported,supported,supported,supported,unsupported
util,default.types.isProxy,supported,supported,supported,supported,supported,unsupported
util,default.types.isRegExp,supported,supported,supported,supported,supported,unsupported
util,default.types.isSet,supported,supported,supported,supported,supported,unsupported
util,default.types.isSetIterator,supported,supported,supported,supported,supported,unsupported
util,default.types.isSharedArrayBuffer,supported,supported,supported,supported,supported,unsupported
util,default.types.isStringObject,supported,supported,supported,supported,supported,unsupported
util,default.types.isSymbolObject,supported,supported,supported,supported,supported,unsupported
util,default.types.isTypedArray,supported,supported,supported,supported,supported,unsupported
util,default.types.isUint16Array,supported,supported,supported,supported,supported,unsupported
util,default.types.isUint32Array,supported,supported,supported,supported,supported,unsupported
util,default.types.isUint8Array,supported,supported,supported,supported,supported,unsupported
util,default.types.isUint8ClampedArray,supported,supported,supported,supported,supported,unsupported
util,default.types.isWeakMap,supported,supported,supported,supported,supported,unsupported
util,default.types.isWeakSet,supported,supported,supported,supported,supported,unsupported
util,MIMEParams,supported,supported,supported,unsupported,unsupported,unsupported
util,MIMEType,supported,supported,supported,unsupported,unsupported,unsupported
util,TextDecoder,supported,supported,supported,supported,supported,unsupported
util,TextEncoder,supported,supported,supported,supported,supported,unsupported
util,aborted,supported,supported,supported,supported,supported,unsupported
util,callbackify,supported,supported,supported,supported,supported,unsupported
util,debug,supported,supported,supported,supported,supported,unsupported
util,debuglog,supported,supported,supported,supported,supported,unsupported
util,deprecate,supported,supported,supported,supported,supported,unsupported
util,format,supported,supported,supported,supported,supported,unsupported
util,formatWithOptions,supported,supported,supported,supported,supported,unsupported
util,getCallSite,supported,supported,supported,unsupported,unsupported,unsupported
util,getCallSites,supported,supported,unsupported,unsupported,supported,unsupported
util,getSystemErrorMap,supported,supported,stub,unsupported,unsupported,unsupported
util,getSystemErrorMessage,supported,supported,unsupported,unsupported,unsupported,unsupported
util,getSystemErrorName,supported,supported,stub,supported,supported,unsupported
util,inherits,supported,supported,supported,supported,supported,unsupported
util,inspect,supported,supported,supported,supported,supported,unsupported
util,isArray,supported,supported,supported,supported,supported,unsupported
util,isBoolean,supported,supported,supported,supported,supported,unsupported
util,isBuffer,supported,supported,supported,supported,supported,unsupported
util,isDate,supported,supported,supported,supported,supported,unsupported
util,isDeepStrictEqual,supported,supported,supported,supported,supported,unsupported
util,isError,supported,supported,supported,supported,supported,unsupported
util,isFunction,supported,supported,supported,supported,supported,unsupported
util,isNull,supported,supported,supported,supported,supported,unsupported
util,isNullOrUndefined,supported,supported,supported,supported,supported,unsupported
util,isNumber,supported,supported,supported,supported,supported,unsupported
util,isObject,supported,supported,supported,supported,supported,unsupported
util,isPrimitive,supported,supported,supported,supported,supported,unsupported
util,isRegExp,supported,supported,supported,supported,supported,unsupported
util,isString,supported,supported,supported,supported,supported,unsupported
util,isSymbol,supported,supported,supported,supported,supported,unsupported
util,isUndefined,supported,supported,supported,supported,supported,unsupported
util,log,supported,supported,supported,supported,supported,unsupported
util,parseArgs,supported,supported,supported,supported,supported,unsupported
util,parseEnv,supported,supported,stub,unsupported,unsupported,unsupported
util,promisify,supported,supported,supported,supported,supported,unsupported
util,stripVTControlCharacters,supported,supported,supported,supported,supported,unsupported
util,styleText,supported,supported,stub,supported,supported,unsupported
util,toUSVString,supported,supported,supported,supported,supported,unsupported
util,transferableAbortController,supported,supported,supported,unsupported,unsupported,unsupported
util,transferableAbortSignal,supported,supported,supported,unsupported,unsupported,unsupported
util,types.*self*,supported,supported,supported,supported,supported,unsupported
util,types.isAnyArrayBuffer,supported,supported,supported,supported,supported,unsupported
util,types.isArgumentsObject,supported,supported,supported,supported,supported,unsupported
util,types.isArrayBuffer,supported,supported,supported,supported,supported,unsupported
util,types.isArrayBufferView,supported,supported,supported,supported,supported,unsupported
util,types.isAsyncFunction,supported,supported,supported,supported,supported,unsupported
util,types.isBigInt64Array,supported,supported,supported,supported,supported,unsupported
util,types.isBigIntObject,supported,supported,supported,supported,supported,unsupported
util,types.isBigUint64Array,supported,supported,supported,supported,supported,unsupported
util,types.isBooleanObject,supported,supported,supported,supported,supported,unsupported
util,types.isBoxedPrimitive,supported,supported,supported,supported,supported,unsupported
util,types.isCryptoKey,supported,supported,supported,supported,supported,unsupported
util,types.isDataView,supported,supported,supported,supported,supported,unsupported
util,types.isDate,supported,supported,supported,supported,supported,unsupported
util,types.isExternal,supported,supported,supported,supported,unsupported,unsupported
util,types.isFloat32Array,supported,supported,supported,supported,supported,unsupported
util,types.isFloat64Array,supported,supported,supported,supported,supported,unsupported
util,types.isGeneratorFunction,supported,supported,supported,supported,supported,unsupported
util,types.isGeneratorObject,supported,supported,supported,supported,supported,unsupported
util,types.isInt16Array,supported,supported,supported,supported,supported,unsupported
util,types.isInt32Array,supported,supported,supported,supported,supported,unsupported
util,types.isInt8Array,supported,supported,supported,supported,supported,unsupported
util,types.isKeyObject,supported,supported,supported,supported,supported,unsupported
util,types.isMap,supported,supported,supported,supported,supported,unsupported
util,types.isMapIterator,supported,supported,supported,supported,supported,unsupported
util,types.isModuleNamespaceObject,supported,supported,supported,supported,supported,unsupported
util,types.isNativeError,supported,supported,supported,supported,supported,unsupported
util,types.isNumberObject,supported,supported,supported,supported,supported,unsupported
util,types.isPromise,supported,supported,supported,supported,supported,unsupported
util,types.isProxy,supported,supported,supported,supported,supported,unsupported
util,types.isRegExp,supported,supported,supported,supported,supported,unsupported
util,types.isSet,supported,supported,supported,supported,supported,unsupported
util,types.isSetIterator,supported,supported,supported,supported,supported,unsupported
util,types.isSharedArrayBuffer,supported,supported,supported,supported,supported,unsupported
util,types.isStringObject,supported,supported,supported,supported,supported,unsupported
util,types.isSymbolObject,supported,supported,supported,supported,supported,unsupported
util,types.isTypedArray,supported,supported,supported,supported,supported,unsupported
util,types.isUint16Array,supported,supported,supported,supported,supported,unsupported
util,types.isUint32Array,supported,supported,supported,supported,supported,unsupported
util,types.isUint8Array,supported,supported,supported,supported,supported,unsupported
util,types.isUint8ClampedArray,supported,supported,supported,supported,supported,unsupported
util,types.isWeakMap,supported,supported,supported,supported,supported,unsupported
util,types.isWeakSet,supported,supported,supported,supported,supported,unsupported
util/types,*self*,supported,supported,supported,supported,supported,unsupported
util/types,default.*self*,supported,supported,supported,supported,supported,unsupported
util/types,default.isAnyArrayBuffer,supported,supported,supported,supported,supported,unsupported
util/types,default.isArgumentsObject,supported,supported,supported,supported,supported,unsupported
util/types,default.isArrayBuffer,supported,supported,supported,supported,supported,unsupported
util/types,default.isArrayBufferView,supported,supported,supported,supported,supported,unsupported
util/types,default.isAsyncFunction,supported,supported,supported,supported,supported,unsupported
util/types,default.isBigInt64Array,supported,supported,supported,supported,supported,unsupported
util/types,default.isBigIntObject,supported,supported,supported,supported,supported,unsupported
util/types,default.isBigUint64Array,supported,supported,supported,supported,supported,unsupported
util/types,default.isBooleanObject,supported,supported,supported,supported,supported,unsupported
util/types,default.isBoxedPrimitive,supported,supported,supported,supported,supported,unsupported
util/types,default.isCryptoKey,supported,supported,supported,supported,supported,unsupported
util/types,default.isDataView,supported,supported,supported,supported,supported,unsupported
util/types,default.isDate,supported,supported,supported,supported,supported,unsupported
util/types,default.isExternal,supported,supported,supported,supported,unsupported,unsupported
util/types,default.isFloat32Array,supported,supported,supported,supported,supported,unsupported
util/types,default.isFloat64Array,supported,supported,supported,supported,supported,unsupported
util/types,default.isGeneratorFunction,supported,supported,supported,supported,supported,unsupported
util/types,default.isGeneratorObject,supported,supported,supported,supported,supported,unsupported
util/types,default.isInt16Array,supported,supported,supported,supported,supported,unsupported
util/types,default.isInt32Array,supported,supported,supported,supported,supported,unsupported
util/types,default.isInt8Array,supported,supported,supported,supported,supported,unsupported
util/types,default.isKeyObject,supported,supported,supported,supported,supported,unsupported
util/types,default.isMap,supported,supported,supported,supported,supported,unsupported
util/types,default.isMapIterator,supported,supported,supported,supported,supported,unsupported
util/types,default.isModuleNamespaceObject,supported,supported,supported,supported,supported,unsupported
util/types,default.isNativeError,supported,supported,supported,supported,supported,unsupported
util/types,default.isNumberObject,supported,supported,supported,supported,supported,unsupported
util/types,default.isPromise,supported,supported,supported,supported,supported,unsupported
util/types,default.isProxy,supported,supported,supported,supported,supported,unsupported
util/types,default.isRegExp,supported,supported,supported,supported,supported,unsupported
util/types,default.isSet,supported,supported,supported,supported,supported,unsupported
util/types,default.isSetIterator,supported,supported,supported,supported,supported,unsupported
util/types,default.isSharedArrayBuffer,supported,supported,supported,supported,supported,unsupported
util/types,default.isStringObject,supported,supported,supported,supported,supported,unsupported
util/types,default.isSymbolObject,supported,supported,supported,supported,supported,unsupported
util/types,default.isTypedArray,supported,supported,supported,supported,supported,unsupported
util/types,default.isUint16Array,supported,supported,supported,supported,supported,unsupported
util/types,default.isUint32Array,supported,supported,supported,supported,supported,unsupported
util/types,default.isUint8Array,supported,supported,supported,supported,supported,unsupported
util/types,default.isUint8ClampedArray,supported,supported,supported,supported,supported,unsupported
util/types,default.isWeakMap,supported,supported,supported,supported,supported,unsupported
util/types,default.isWeakSet,supported,supported,supported,supported,supported,unsupported
util/types,isAnyArrayBuffer,supported,supported,supported,supported,supported,unsupported
util/types,isArgumentsObject,supported,supported,supported,supported,supported,unsupported
util/types,isArrayBuffer,supported,supported,supported,supported,supported,unsupported
util/types,isArrayBufferView,supported,supported,supported,supported,supported,unsupported
util/types,isAsyncFunction,supported,supported,supported,supported,supported,unsupported
util/types,isBigInt64Array,supported,supported,supported,supported,supported,unsupported
util/types,isBigIntObject,supported,supported,supported,supported,supported,unsupported
util/types,isBigUint64Array,supported,supported,supported,supported,supported,unsupported
util/types,isBooleanObject,supported,supported,supported,supported,supported,unsupported
util/types,isBoxedPrimitive,supported,supported,supported,supported,supported,unsupported
util/types,isCryptoKey,supported,supported,supported,supported,supported,unsupported
util/types,isDataView,supported,supported,supported,supported,supported,unsupported
util/types,isDate,supported,supported,supported,supported,supported,unsupported
util/types,isExternal,supported,supported,supported,supported,unsupported,unsupported
util/types,isFloat32Array,supported,supported,supported,supported,supported,unsupported
util/types,isFloat64Array,supported,supported,supported,supported,supported,unsupported
util/types,isGeneratorFunction,supported,supported,supported,supported,supported,unsupported
util/types,isGeneratorObject,supported,supported,supported,supported,supported,unsupported
util/types,isInt16Array,supported,supported,supported,supported,supported,unsupported
util/types,isInt32Array,supported,supported,supported,supported,supported,unsupported
util/types,isInt8Array,supported,supported,supported,supported,supported,unsupported
util/types,isKeyObject,supported,supported,supported,supported,supported,unsupported
util/types,isMap,supported,supported,supported,supported,supported,unsupported
util/types,isMapIterator,supported,supported,supported,supported,supported,unsupported
util/types,isModuleNamespaceObject,supported,supported,supported,supported,supported,unsupported
util/types,isNativeError,supported,supported,supported,supported,supported,unsupported
util/types,isNumberObject,supported,supported,supported,supported,supported,unsupported
util/types,isPromise,supported,supported,supported,supported,supported,unsupported
util/types,isProxy,supported,supported,supported,supported,supported,unsupported
util/types,isRegExp,supported,supported,supported,supported,supported,unsupported
util/types,isSet,supported,supported,supported,supported,supported,unsupported
util/types,isSetIterator,supported,supported,supported,supported,supported,unsupported
util/types,isSharedArrayBuffer,supported,supported,supported,supported,supported,unsupported
util/types,isStringObject,supported,supported,supported,supported,supported,unsupported
util/types,isSymbolObject,supported,supported,supported,supported,supported,unsupported
util/types,isTypedArray,supported,supported,supported,supported,supported,unsupported
util/types,isUint16Array,supported,supported,supported,supported,supported,unsupported
util/types,isUint32Array,supported,supported,supported,supported,supported,unsupported
util/types,isUint8Array,supported,supported,supported,supported,supported,unsupported
util/types,isUint8ClampedArray,supported,supported,supported,supported,supported,unsupported
util/types,isWeakMap,supported,supported,supported,supported,supported,unsupported
util/types,isWeakSet,supported,supported,supported,supported,supported,unsupported
zlib,*self*,supported,supported,supported,supported,supported,unsupported
zlib,default.*self*,supported,supported,supported,supported,supported,unsupported
zlib,default.BrotliCompress,supported,supported,supported,supported,supported,unsupported
zlib,default.BrotliDecompress,supported,supported,supported,supported,supported,unsupported
zlib,default.DEFLATE,supported,supported,supported,supported,supported,unsupported
zlib,default.DEFLATERAW,supported,supported,supported,supported,supported,unsupported
zlib,default.Deflate,supported,supported,supported,supported,supported,unsupported
zlib,default.DeflateRaw,supported,supported,supported,supported,supported,unsupported
zlib,default.GUNZIP,supported,supported,supported,supported,supported,unsupported
zlib,default.GZIP,supported,supported,supported,supported,supported,unsupported
zlib,default.Gunzip,supported,supported,supported,supported,supported,unsupported
zlib,default.Gzip,supported,supported,supported,supported,supported,unsupported
zlib,default.INFLATE,supported,supported,supported,supported,supported,unsupported
zlib,default.INFLATERAW,supported,supported,supported,supported,supported,unsupported
zlib,default.Inflate,supported,supported,supported,supported,supported,unsupported
zlib,default.InflateRaw,supported,supported,supported,supported,supported,unsupported
zlib,default.UNZIP,supported,supported,supported,supported,supported,unsupported
zlib,default.Unzip,supported,supported,supported,supported,supported,unsupported
zlib,default.ZLIB_VERNUM,supported,supported,supported,supported,supported,unsupported
zlib,default.Z_BEST_COMPRESSION,supported,supported,supported,supported,supported,unsupported
zlib,default.Z_BEST_SPEED,supported,supported,supported,supported,supported,unsupported
zlib,default.Z_BLOCK,supported,supported,supported,supported,supported,unsupported
zlib,default.Z_BUF_ERROR,supported,supported,supported,supported,supported,unsupported
zlib,default.Z_DATA_ERROR,supported,supported,supported,supported,supported,unsupported
zlib,default.Z_DEFAULT_CHUNK,supported,supported,supported,supported,supported,unsupported
zlib,default.Z_DEFAULT_COMPRESSION,supported,supported,supported,supported,supported,unsupported
zlib,default.Z_DEFAULT_LEVEL,supported,supported,supported,supported,supported,unsupported
zlib,default.Z_DEFAULT_MEMLEVEL,supported,supported,supported,supported,supported,unsupported
zlib,default.Z_DEFAULT_STRATEGY,supported,supported,supported,supported,supported,unsupported
zlib,default.Z_DEFAULT_WINDOWBITS,supported,supported,supported,supported,supported,unsupported
zlib,default.Z_ERRNO,supported,supported,supported,supported,supported,unsupported
zlib,default.Z_FILTERED,supported,supported,supported,supported,supported,unsupported
zlib,default.Z_FINISH,supported,supported,supported,supported,supported,unsupported
zlib,default.Z_FIXED,supported,supported,supported,supported,supported,unsupported
zlib,default.Z_FULL_FLUSH,supported,supported,supported,supported,supported,unsupported
zlib,default.Z_HUFFMAN_ONLY,supported,supported,supported,supported,supported,unsupported
zlib,default.Z_MAX_CHUNK,supported,supported,supported,supported,supported,unsupported
zlib,default.Z_MAX_LEVEL,supported,supported,supported,supported,supported,unsupported
zlib,default.Z_MAX_MEMLEVEL,supported,supported,supported,supported,supported,unsupported
zlib,default.Z_MAX_WINDOWBITS,supported,supported,supported,supported,supported,unsupported
zlib,default.Z_MEM_ERROR,supported,supported,supported,supported,supported,unsupported
zlib,default.Z_MIN_CHUNK,supported,supported,supported,supported,supported,unsupported
zlib,default.Z_MIN_LEVEL,supported,supported,supported,supported,supported,unsupported
zlib,default.Z_MIN_MEMLEVEL,supported,supported,supported,supported,supported,unsupported
zlib,default.Z_MIN_WINDOWBITS,supported,supported,supported,supported,supported,unsupported
zlib,default.Z_NEED_DICT,supported,supported,supported,supported,supported,unsupported
zlib,default.Z_NO_COMPRESSION,supported,supported,supported,supported,supported,unsupported
zlib,default.Z_NO_FLUSH,supported,supported,supported,supported,supported,unsupported
zlib,default.Z_OK,supported,supported,supported,supported,supported,unsupported
zlib,default.Z_PARTIAL_FLUSH,supported,supported,supported,supported,supported,unsupported
zlib,default.Z_RLE,supported,supported,supported,supported,supported,unsupported
zlib,default.Z_STREAM_END,supported,supported,supported,supported,supported,unsupported
zlib,default.Z_STREAM_ERROR,supported,supported,supported,supported,supported,unsupported
zlib,default.Z_SYNC_FLUSH,supported,supported,supported,supported,supported,unsupported
zlib,default.Z_VERSION_ERROR,supported,supported,supported,supported,supported,unsupported
zlib,default.brotliCompress,supported,supported,supported,supported,supported,unsupported
zlib,default.brotliCompressSync,supported,supported,supported,supported,supported,unsupported
zlib,default.brotliDecompress,supported,supported,supported,supported,supported,unsupported
zlib,default.brotliDecompressSync,supported,supported,supported,supported,supported,unsupported
zlib,default.codes.0,supported,supported,supported,supported,supported,unsupported
zlib,default.codes.1,supported,supported,supported,supported,supported,unsupported
zlib,default.codes.2,supported,supported,supported,supported,supported,unsupported
zlib,default.codes.*self*,supported,supported,supported,supported,supported,unsupported
zlib,default.codes.-1,supported,supported,supported,supported,supported,unsupported
zlib,default.codes.-2,supported,supported,supported,supported,supported,unsupported
zlib,default.codes.-3,supported,supported,supported,supported,supported,unsupported
zlib,default.codes.-4,supported,supported,supported,supported,supported,unsupported
zlib,default.codes.-5,supported,supported,supported,supported,supported,unsupported
zlib,default.codes.-6,supported,supported,supported,supported,supported,unsupported
zlib,default.codes.Z_BUF_ERROR,supported,supported,supported,supported,supported,unsupported
zlib,default.codes.Z_DATA_ERROR,supported,supported,supported,supported,supported,unsupported
zlib,default.codes.Z_ERRNO,supported,supported,supported,supported,supported,unsupported
zlib,default.codes.Z_MEM_ERROR,supported,supported,supported,supported,supported,unsupported
zlib,default.codes.Z_NEED_DICT,supported,supported,supported,supported,supported,unsupported
zlib,default.codes.Z_OK,supported,supported,supported,supported,supported,unsupported
zlib,default.codes.Z_STREAM_END,supported,supported,supported,supported,supported,unsupported
zlib,default.codes.Z_STREAM_ERROR,supported,supported,supported,supported,supported,unsupported
zlib,default.codes.Z_VERSION_ERROR,supported,supported,supported,supported,supported,unsupported
zlib,default.constants.*self*,supported,supported,supported,supported,supported,unsupported
zlib,default.constants.BROTLI_DECODE,supported,supported,supported,supported,supported,unsupported
zlib,default.constants.BROTLI_DECODER_ERROR_ALLOC_BLOCK_TYPE_TREES,supported,supported,supported,supported,supported,unsupported
zlib,default.constants.BROTLI_DECODER_ERROR_ALLOC_CONTEXT_MAP,supported,supported,supported,supported,supported,unsupported
zlib,default.constants.BROTLI_DECODER_ERROR_ALLOC_CONTEXT_MODES,supported,supported,supported,supported,supported,unsupported
zlib,default.constants.BROTLI_DECODER_ERROR_ALLOC_RING_BUFFER_1,supported,supported,supported,supported,supported,unsupported
zlib,default.constants.BROTLI_DECODER_ERROR_ALLOC_RING_BUFFER_2,supported,supported,supported,supported,supported,unsupported
zlib,default.constants.BROTLI_DECODER_ERROR_ALLOC_TREE_GROUPS,supported,supported,supported,supported,supported,unsupported
zlib,default.constants.BROTLI_DECODER_ERROR_DICTIONARY_NOT_SET,supported,supported,supported,supported,supported,unsupported
zlib,default.constants.BROTLI_DECODER_ERROR_FORMAT_BLOCK_LENGTH_1,supported,supported,supported,supported,supported,unsupported
zlib,default.constants.BROTLI_DECODER_ERROR_FORMAT_BLOCK_LENGTH_2,supported,supported,supported,supported,supported,unsupported
zlib,default.constants.BROTLI_DECODER_ERROR_FORMAT_CL_SPACE,supported,supported,supported,supported,supported,unsupported
zlib,default.constants.BROTLI_DECODER_ERROR_FORMAT_CONTEXT_MAP_REPEAT,supported,supported,supported,supported,supported,unsupported
zlib,default.constants.BROTLI_DECODER_ERROR_FORMAT_DICTIONARY,supported,supported,supported,supported,supported,unsupported
zlib,default.constants.BROTLI_DECODER_ERROR_FORMAT_DISTANCE,supported,supported,supported,supported,supported,unsupported
zlib,default.constants.BROTLI_DECODER_ERROR_FORMAT_EXUBERANT_META_NIBBLE,supported,supported,supported,supported,supported,unsupported
zlib,default.constants.BROTLI_DECODER_ERROR_FORMAT_EXUBERANT_NIBBLE,supported,supported,supported,supported,supported,unsupported
zlib,default.constants.BROTLI_DECODER_ERROR_FORMAT_HUFFMAN_SPACE,supported,supported,supported,supported,supported,unsupported
zlib,default.constants.BROTLI_DECODER_ERROR_FORMAT_PADDING_1,supported,supported,supported,supported,supported,unsupported
zlib,default.constants.BROTLI_DECODER_ERROR_FORMAT_PADDING_2,supported,supported,supported,supported,supported,unsupported
zlib,default.constants.BROTLI_DECODER_ERROR_FORMAT_RESERVED,supported,supported,supported,supported,supported,unsupported
zlib,default.constants.BROTLI_DECODER_ERROR_FORMAT_SIMPLE_HUFFMAN_ALPHABET,supported,supported,supported,supported,supported,unsupported
zlib,default.constants.BROTLI_DECODER_ERROR_FORMAT_SIMPLE_HUFFMAN_SAME,supported,supported,supported,supported,supported,unsupported
zlib,default.constants.BROTLI_DECODER_ERROR_FORMAT_TRANSFORM,supported,supported,supported,supported,supported,unsupported
zlib,default.constants.BROTLI_DECODER_ERROR_FORMAT_WINDOW_BITS,supported,supported,supported,supported,supported,unsupported
zlib,default.constants.BROTLI_DECODER_ERROR_INVALID_ARGUMENTS,supported,supported,supported,supported,supported,unsupported
zlib,default.constants.BROTLI_DECODER_ERROR_UNREACHABLE,supported,supported,supported,supported,supported,unsupported
zlib,default.constants.BROTLI_DECODER_NEEDS_MORE_INPUT,supported,supported,supported,supported,supported,unsupported
zlib,default.constants.BROTLI_DECODER_NEEDS_MORE_OUTPUT,supported,supported,supported,supported,supported,unsupported
zlib,default.constants.BROTLI_DECODER_NO_ERROR,supported,supported,supported,supported,supported,unsupported
zlib,default.constants.BROTLI_DECODER_PARAM_DISABLE_RING_BUFFER_REALLOCATION,supported,supported,supported,supported,supported,unsupported
zlib,default.constants.BROTLI_DECODER_PARAM_LARGE_WINDOW,supported,supported,supported,supported,supported,unsupported
zlib,default.constants.BROTLI_DECODER_RESULT_ERROR,supported,supported,supported,supported,supported,unsupported
zlib,default.constants.BROTLI_DECODER_RESULT_NEEDS_MORE_INPUT,supported,supported,supported,supported,supported,unsupported
zlib,default.constants.BROTLI_DECODER_RESULT_NEEDS_MORE_OUTPUT,supported,supported,supported,supported,supported,unsupported
zlib,default.constants.BROTLI_DECODER_RESULT_SUCCESS,supported,supported,supported,supported,supported,unsupported
zlib,default.constants.BROTLI_DECODER_SUCCESS,supported,supported,supported,supported,supported,unsupported
zlib,default.constants.BROTLI_DEFAULT_MODE,supported,supported,supported,supported,supported,unsupported
zlib,default.constants.BROTLI_DEFAULT_QUALITY,supported,supported,supported,supported,supported,unsupported
zlib,default.constants.BROTLI_DEFAULT_WINDOW,supported,supported,supported,supported,supported,unsupported
zlib,default.constants.BROTLI_ENCODE,supported,supported,supported,supported,supported,unsupported
zlib,default.constants.BROTLI_LARGE_MAX_WINDOW_BITS,supported,supported,supported,supported,supported,unsupported
zlib,default.constants.BROTLI_MAX_INPUT_BLOCK_BITS,supported,supported,supported,supported,supported,unsupported
zlib,default.constants.BROTLI_MAX_QUALITY,supported,supported,supported,supported,supported,unsupported
zlib,default.constants.BROTLI_MAX_WINDOW_BITS,supported,supported,supported,supported,supported,unsupported
zlib,default.constants.BROTLI_MIN_INPUT_BLOCK_BITS,supported,supported,supported,supported,supported,unsupported
zlib,default.constants.BROTLI_MIN_QUALITY,supported,supported,supported,supported,supported,unsupported
zlib,default.constants.BROTLI_MIN_WINDOW_BITS,supported,supported,supported,supported,supported,unsupported
zlib,default.constants.BROTLI_MODE_FONT,supported,supported,supported,supported,supported,unsupported
zlib,default.constants.BROTLI_MODE_GENERIC,supported,supported,supported,supported,supported,unsupported
zlib,default.constants.BROTLI_MODE_TEXT,supported,supported,supported,supported,supported,unsupported
zlib,default.constants.BROTLI_OPERATION_EMIT_METADATA,supported,supported,supported,supported,supported,unsupported
zlib,default.constants.BROTLI_OPERATION_FINISH,supported,supported,supported,supported,supported,unsupported
zlib,default.constants.BROTLI_OPERATION_FLUSH,supported,supported,supported,supported,supported,unsupported
zlib,default.constants.BROTLI_OPERATION_PROCESS,supported,supported,supported,supported,supported,unsupported
zlib,default.constants.BROTLI_PARAM_DISABLE_LITERAL_CONTEXT_MODELING,supported,supported,supported,supported,supported,unsupported
zlib,default.constants.BROTLI_PARAM_LARGE_WINDOW,supported,supported,supported,supported,supported,unsupported
zlib,default.constants.BROTLI_PARAM_LGBLOCK,supported,supported,supported,supported,supported,unsupported
zlib,default.constants.BROTLI_PARAM_LGWIN,supported,supported,supported,supported,supported,unsupported
zlib,default.constants.BROTLI_PARAM_MODE,supported,supported,supported,supported,supported,unsupported
zlib,default.constants.BROTLI_PARAM_NDIRECT,supported,supported,supported,supported,supported,unsupported
zlib,default.constants.BROTLI_PARAM_NPOSTFIX,supported,supported,supported,supported,supported,unsupported
zlib,default.constants.BROTLI_PARAM_QUALITY,supported,supported,supported,supported,supported,unsupported
zlib,default.constants.BROTLI_PARAM_SIZE_HINT,supported,supported,supported,supported,supported,unsupported
zlib,default.constants.DEFLATE,supported,supported,supported,supported,supported,unsupported
zlib,default.constants.DEFLATERAW,supported,supported,supported,supported,supported,unsupported
zlib,default.constants.GUNZIP,supported,supported,supported,supported,supported,unsupported
zlib,default.constants.GZIP,supported,supported,supported,supported,supported,unsupported
zlib,default.constants.INFLATE,supported,supported,supported,supported,supported,unsupported
zlib,default.constants.INFLATERAW,supported,supported,supported,supported,supported,unsupported
zlib,default.constants.UNZIP,supported,supported,supported,supported,supported,unsupported
zlib,default.constants.ZLIB_VERNUM,supported,supported,supported,supported,supported,unsupported
zlib,default.constants.Z_BEST_COMPRESSION,supported,supported,supported,supported,supported,unsupported
zlib,default.constants.Z_BEST_SPEED,supported,supported,supported,supported,supported,unsupported
zlib,default.constants.Z_BLOCK,supported,supported,supported,supported,supported,unsupported
zlib,default.constants.Z_BUF_ERROR,supported,supported,supported,supported,supported,unsupported
zlib,default.constants.Z_DATA_ERROR,supported,supported,supported,supported,supported,unsupported
zlib,default.constants.Z_DEFAULT_CHUNK,supported,supported,supported,supported,supported,unsupported
zlib,default.constants.Z_DEFAULT_COMPRESSION,supported,supported,supported,supported,supported,unsupported
zlib,default.constants.Z_DEFAULT_LEVEL,supported,supported,supported,supported,supported,unsupported
zlib,default.constants.Z_DEFAULT_MEMLEVEL,supported,supported,supported,supported,supported,unsupported
zlib,default.constants.Z_DEFAULT_STRATEGY,supported,supported,supported,supported,supported,unsupported
zlib,default.constants.Z_DEFAULT_WINDOWBITS,supported,supported,supported,supported,supported,unsupported
zlib,default.constants.Z_ERRNO,supported,supported,supported,supported,supported,unsupported
zlib,default.constants.Z_FILTERED,supported,supported,supported,supported,supported,unsupported
zlib,default.constants.Z_FINISH,supported,supported,supported,supported,supported,unsupported
zlib,default.constants.Z_FIXED,supported,supported,supported,supported,supported,unsupported
zlib,default.constants.Z_FULL_FLUSH,supported,supported,supported,supported,supported,unsupported
zlib,default.constants.Z_HUFFMAN_ONLY,supported,supported,supported,supported,supported,unsupported
zlib,default.constants.Z_MAX_CHUNK,supported,supported,supported,supported,supported,unsupported
zlib,default.constants.Z_MAX_LEVEL,supported,supported,supported,supported,supported,unsupported
zlib,default.constants.Z_MAX_MEMLEVEL,supported,supported,supported,supported,supported,unsupported
zlib,default.constants.Z_MAX_WINDOWBITS,supported,supported,supported,supported,supported,unsupported
zlib,default.constants.Z_MEM_ERROR,supported,supported,supported,supported,supported,unsupported
zlib,default.constants.Z_MIN_CHUNK,supported,supported,supported,supported,supported,unsupported
zlib,default.constants.Z_MIN_LEVEL,supported,supported,supported,supported,supported,unsupported
zlib,default.constants.Z_MIN_MEMLEVEL,supported,supported,supported,supported,supported,unsupported
zlib,default.constants.Z_MIN_WINDOWBITS,supported,supported,supported,supported,supported,unsupported
zlib,default.constants.Z_NEED_DICT,supported,supported,supported,supported,supported,unsupported
zlib,default.constants.Z_NO_COMPRESSION,supported,supported,supported,supported,supported,unsupported
zlib,default.constants.Z_NO_FLUSH,supported,supported,supported,supported,supported,unsupported
zlib,default.constants.Z_OK,supported,supported,supported,supported,supported,unsupported
zlib,default.constants.Z_PARTIAL_FLUSH,supported,supported,supported,supported,supported,unsupported
zlib,default.constants.Z_RLE,supported,supported,supported,supported,supported,unsupported
zlib,default.constants.Z_STREAM_END,supported,supported,supported,supported,supported,unsupported
zlib,default.constants.Z_STREAM_ERROR,supported,supported,supported,supported,supported,unsupported
zlib,default.constants.Z_SYNC_FLUSH,supported,supported,supported,supported,supported,unsupported
zlib,default.constants.Z_VERSION_ERROR,supported,supported,supported,supported,supported,unsupported
zlib,default.crc32,supported,supported,supported,supported,supported,unsupported
zlib,default.createBrotliCompress,supported,supported,supported,supported,supported,unsupported
zlib,default.createBrotliDecompress,supported,supported,supported,supported,supported,unsupported
zlib,default.createDeflate,supported,supported,supported,supported,supported,unsupported
zlib,default.createDeflateRaw,supported,supported,supported,supported,supported,unsupported
zlib,default.createGunzip,supported,supported,supported,supported,supported,unsupported
zlib,default.createGzip,supported,supported,supported,supported,supported,unsupported
zlib,default.createInflate,supported,supported,supported,supported,supported,unsupported
zlib,default.createInflateRaw,supported,supported,supported,supported,supported,unsupported
zlib,default.createUnzip,supported,supported,supported,supported,supported,unsupported
zlib,default.deflate,supported,supported,supported,supported,supported,unsupported
zlib,default.deflateRaw,supported,supported,supported,supported,supported,unsupported
zlib,default.deflateRawSync,supported,supported,supported,supported,supported,unsupported
zlib,default.deflateSync,supported,supported,supported,supported,supported,unsupported
zlib,default.gunzip,supported,supported,supported,supported,supported,unsupported
zlib,default.gunzipSync,supported,supported,supported,supported,supported,unsupported
zlib,default.gzip,supported,supported,supported,supported,supported,unsupported
zlib,default.gzipSync,supported,supported,supported,supported,supported,unsupported
zlib,default.inflate,supported,supported,supported,supported,supported,unsupported
zlib,default.inflateRaw,supported,supported,supported,supported,supported,unsupported
zlib,default.inflateRawSync,supported,supported,supported,supported,supported,unsupported
zlib,default.inflateSync,supported,supported,supported,supported,supported,unsupported
zlib,default.unzip,supported,supported,supported,supported,supported,unsupported
zlib,default.unzipSync,supported,supported,supported,supported,supported,unsupported
zlib,BrotliCompress,supported,supported,supported,supported,supported,unsupported
zlib,BrotliDecompress,supported,supported,supported,supported,supported,unsupported
zlib,Deflate,supported,supported,supported,supported,supported,unsupported
zlib,DeflateRaw,supported,supported,supported,supported,supported,unsupported
zlib,Gunzip,supported,supported,supported,supported,supported,unsupported
zlib,Gzip,supported,supported,supported,supported,supported,unsupported
zlib,Inflate,supported,supported,supported,supported,supported,unsupported
zlib,InflateRaw,supported,supported,supported,supported,supported,unsupported
zlib,Unzip,supported,supported,supported,supported,supported,unsupported
zlib,brotliCompress,supported,supported,supported,supported,supported,unsupported
zlib,brotliCompressSync,supported,supported,supported,supported,supported,unsupported
zlib,brotliDecompress,supported,supported,supported,supported,supported,unsupported
zlib,brotliDecompressSync,supported,supported,supported,supported,supported,unsupported
zlib,codes.0,supported,supported,supported,supported,supported,unsupported
zlib,codes.1,supported,supported,supported,supported,supported,unsupported
zlib,codes.2,supported,supported,supported,supported,supported,unsupported
zlib,codes.*self*,supported,supported,supported,supported,supported,unsupported
zlib,codes.-1,supported,supported,supported,supported,supported,unsupported
zlib,codes.-2,supported,supported,supported,supported,supported,unsupported
zlib,codes.-3,supported,supported,supported,supported,supported,unsupported
zlib,codes.-4,supported,supported,supported,supported,supported,unsupported
zlib,codes.-5,supported,supported,supported,supported,supported,unsupported
zlib,codes.-6,supported,supported,supported,supported,supported,unsupported
zlib,codes.Z_BUF_ERROR,supported,supported,supported,supported,supported,unsupported
zlib,codes.Z_DATA_ERROR,supported,supported,supported,supported,supported,unsupported
zlib,codes.Z_ERRNO,supported,supported,supported,supported,supported,unsupported
zlib,codes.Z_MEM_ERROR,supported,supported,supported,supported,supported,unsupported
zlib,codes.Z_NEED_DICT,supported,supported,supported,supported,supported,unsupported
zlib,codes.Z_OK,supported,supported,supported,supported,supported,unsupported
zlib,codes.Z_STREAM_END,supported,supported,supported,supported,supported,unsupported
zlib,codes.Z_STREAM_ERROR,supported,supported,supported,supported,supported,unsupported
zlib,codes.Z_VERSION_ERROR,supported,supported,supported,supported,supported,unsupported
zlib,constants.*self*,supported,supported,supported,supported,supported,unsupported
zlib,constants.BROTLI_DECODE,supported,supported,supported,supported,supported,unsupported
zlib,constants.BROTLI_DECODER_ERROR_ALLOC_BLOCK_TYPE_TREES,supported,supported,supported,supported,supported,unsupported
zlib,constants.BROTLI_DECODER_ERROR_ALLOC_CONTEXT_MAP,supported,supported,supported,supported,supported,unsupported
zlib,constants.BROTLI_DECODER_ERROR_ALLOC_CONTEXT_MODES,supported,supported,supported,supported,supported,unsupported
zlib,constants.BROTLI_DECODER_ERROR_ALLOC_RING_BUFFER_1,supported,supported,supported,supported,supported,unsupported
zlib,constants.BROTLI_DECODER_ERROR_ALLOC_RING_BUFFER_2,supported,supported,supported,supported,supported,unsupported
zlib,constants.BROTLI_DECODER_ERROR_ALLOC_TREE_GROUPS,supported,supported,supported,supported,supported,unsupported
zlib,constants.BROTLI_DECODER_ERROR_DICTIONARY_NOT_SET,supported,supported,supported,supported,supported,unsupported
zlib,constants.BROTLI_DECODER_ERROR_FORMAT_BLOCK_LENGTH_1,supported,supported,supported,supported,supported,unsupported
zlib,constants.BROTLI_DECODER_ERROR_FORMAT_BLOCK_LENGTH_2,supported,supported,supported,supported,supported,unsupported
zlib,constants.BROTLI_DECODER_ERROR_FORMAT_CL_SPACE,supported,supported,supported,supported,supported,unsupported
zlib,constants.BROTLI_DECODER_ERROR_FORMAT_CONTEXT_MAP_REPEAT,supported,supported,supported,supported,supported,unsupported
zlib,constants.BROTLI_DECODER_ERROR_FORMAT_DICTIONARY,supported,supported,supported,supported,supported,unsupported
zlib,constants.BROTLI_DECODER_ERROR_FORMAT_DISTANCE,supported,supported,supported,supported,supported,unsupported
zlib,constants.BROTLI_DECODER_ERROR_FORMAT_EXUBERANT_META_NIBBLE,supported,supported,supported,supported,supported,unsupported
zlib,constants.BROTLI_DECODER_ERROR_FORMAT_EXUBERANT_NIBBLE,supported,supported,supported,supported,supported,unsupported
zlib,constants.BROTLI_DECODER_ERROR_FORMAT_HUFFMAN_SPACE,supported,supported,supported,supported,supported,unsupported
zlib,constants.BROTLI_DECODER_ERROR_FORMAT_PADDING_1,supported,supported,supported,supported,supported,unsupported
zlib,constants.BROTLI_DECODER_ERROR_FORMAT_PADDING_2,supported,supported,supported,supported,supported,unsupported
zlib,constants.BROTLI_DECODER_ERROR_FORMAT_RESERVED,supported,supported,supported,supported,supported,unsupported
zlib,constants.BROTLI_DECODER_ERROR_FORMAT_SIMPLE_HUFFMAN_ALPHABET,supported,supported,supported,supported,supported,unsupported
zlib,constants.BROTLI_DECODER_ERROR_FORMAT_SIMPLE_HUFFMAN_SAME,supported,supported,supported,supported,supported,unsupported
zlib,constants.BROTLI_DECODER_ERROR_FORMAT_TRANSFORM,supported,supported,supported,supported,supported,unsupported
zlib,constants.BROTLI_DECODER_ERROR_FORMAT_WINDOW_BITS,supported,supported,supported,supported,supported,unsupported
zlib,constants.BROTLI_DECODER_ERROR_INVALID_ARGUMENTS,supported,supported,supported,supported,supported,unsupported
zlib,constants.BROTLI_DECODER_ERROR_UNREACHABLE,supported,supported,supported,supported,supported,unsupported
zlib,constants.BROTLI_DECODER_NEEDS_MORE_INPUT,supported,supported,supported,supported,supported,unsupported
zlib,constants.BROTLI_DECODER_NEEDS_MORE_OUTPUT,supported,supported,supported,supported,supported,unsupported
zlib,constants.BROTLI_DECODER_NO_ERROR,supported,supported,supported,supported,supported,unsupported
zlib,constants.BROTLI_DECODER_PARAM_DISABLE_RING_BUFFER_REALLOCATION,supported,supported,supported,supported,supported,unsupported
zlib,constants.BROTLI_DECODER_PARAM_LARGE_WINDOW,supported,supported,supported,supported,supported,unsupported
zlib,constants.BROTLI_DECODER_RESULT_ERROR,supported,supported,supported,supported,supported,unsupported
zlib,constants.BROTLI_DECODER_RESULT_NEEDS_MORE_INPUT,supported,supported,supported,supported,supported,unsupported
zlib,constants.BROTLI_DECODER_RESULT_NEEDS_MORE_OUTPUT,supported,supported,supported,supported,supported,unsupported
zlib,constants.BROTLI_DECODER_RESULT_SUCCESS,supported,supported,supported,supported,supported,unsupported
zlib,constants.BROTLI_DECODER_SUCCESS,supported,supported,supported,supported,supported,unsupported
zlib,constants.BROTLI_DEFAULT_MODE,supported,supported,supported,supported,supported,unsupported
zlib,constants.BROTLI_DEFAULT_QUALITY,supported,supported,supported,supported,supported,unsupported
zlib,constants.BROTLI_DEFAULT_WINDOW,supported,supported,supported,supported,supported,unsupported
zlib,constants.BROTLI_ENCODE,supported,supported,supported,supported,supported,unsupported
zlib,constants.BROTLI_LARGE_MAX_WINDOW_BITS,supported,supported,supported,supported,supported,unsupported
zlib,constants.BROTLI_MAX_INPUT_BLOCK_BITS,supported,supported,supported,supported,supported,unsupported
zlib,constants.BROTLI_MAX_QUALITY,supported,supported,supported,supported,supported,unsupported
zlib,constants.BROTLI_MAX_WINDOW_BITS,supported,supported,supported,supported,supported,unsupported
zlib,constants.BROTLI_MIN_INPUT_BLOCK_BITS,supported,supported,supported,supported,supported,unsupported
zlib,constants.BROTLI_MIN_QUALITY,supported,supported,supported,supported,supported,unsupported
zlib,constants.BROTLI_MIN_WINDOW_BITS,supported,supported,supported,supported,supported,unsupported
zlib,constants.BROTLI_MODE_FONT,supported,supported,supported,supported,supported,unsupported
zlib,constants.BROTLI_MODE_GENERIC,supported,supported,supported,supported,supported,unsupported
zlib,constants.BROTLI_MODE_TEXT,supported,supported,supported,supported,supported,unsupported
zlib,constants.BROTLI_OPERATION_EMIT_METADATA,supported,supported,supported,supported,supported,unsupported
zlib,constants.BROTLI_OPERATION_FINISH,supported,supported,supported,supported,supported,unsupported
zlib,constants.BROTLI_OPERATION_FLUSH,supported,supported,supported,supported,supported,unsupported
zlib,constants.BROTLI_OPERATION_PROCESS,supported,supported,supported,supported,supported,unsupported
zlib,constants.BROTLI_PARAM_DISABLE_LITERAL_CONTEXT_MODELING,supported,supported,supported,supported,supported,unsupported
zlib,constants.BROTLI_PARAM_LARGE_WINDOW,supported,supported,supported,supported,supported,unsupported
zlib,constants.BROTLI_PARAM_LGBLOCK,supported,supported,supported,supported,supported,unsupported
zlib,constants.BROTLI_PARAM_LGWIN,supported,supported,supported,supported,supported,unsupported
zlib,constants.BROTLI_PARAM_MODE,supported,supported,supported,supported,supported,unsupported
zlib,constants.BROTLI_PARAM_NDIRECT,supported,supported,supported,supported,supported,unsupported
zlib,constants.BROTLI_PARAM_NPOSTFIX,supported,supported,supported,supported,supported,unsupported
zlib,constants.BROTLI_PARAM_QUALITY,supported,supported,supported,supported,supported,unsupported
zlib,constants.BROTLI_PARAM_SIZE_HINT,supported,supported,supported,supported,supported,unsupported
zlib,constants.DEFLATE,supported,supported,supported,supported,supported,unsupported
zlib,constants.DEFLATERAW,supported,supported,supported,supported,supported,unsupported
zlib,constants.GUNZIP,supported,supported,supported,supported,supported,unsupported
zlib,constants.GZIP,supported,supported,supported,supported,supported,unsupported
zlib,constants.INFLATE,supported,supported,supported,supported,supported,unsupported
zlib,constants.INFLATERAW,supported,supported,supported,supported,supported,unsupported
zlib,constants.UNZIP,supported,supported,supported,supported,supported,unsupported
zlib,constants.ZLIB_VERNUM,supported,supported,supported,supported,supported,unsupported
zlib,constants.Z_BEST_COMPRESSION,supported,supported,supported,supported,supported,unsupported
zlib,constants.Z_BEST_SPEED,supported,supported,supported,supported,supported,unsupported
zlib,constants.Z_BLOCK,supported,supported,supported,supported,supported,unsupported
zlib,constants.Z_BUF_ERROR,supported,supported,supported,supported,supported,unsupported
zlib,constants.Z_DATA_ERROR,supported,supported,supported,supported,supported,unsupported
zlib,constants.Z_DEFAULT_CHUNK,supported,supported,supported,supported,supported,unsupported
zlib,constants.Z_DEFAULT_COMPRESSION,supported,supported,supported,supported,supported,unsupported
zlib,constants.Z_DEFAULT_LEVEL,supported,supported,supported,supported,supported,unsupported
zlib,constants.Z_DEFAULT_MEMLEVEL,supported,supported,supported,supported,supported,unsupported
zlib,constants.Z_DEFAULT_STRATEGY,supported,supported,supported,supported,supported,unsupported
zlib,constants.Z_DEFAULT_WINDOWBITS,supported,supported,supported,supported,supported,unsupported
zlib,constants.Z_ERRNO,supported,supported,supported,supported,supported,unsupported
zlib,constants.Z_FILTERED,supported,supported,supported,supported,supported,unsupported
zlib,constants.Z_FINISH,supported,supported,supported,supported,supported,unsupported
zlib,constants.Z_FIXED,supported,supported,supported,supported,supported,unsupported
zlib,constants.Z_FULL_FLUSH,supported,supported,supported,supported,supported,unsupported
zlib,constants.Z_HUFFMAN_ONLY,supported,supported,supported,supported,supported,unsupported
zlib,constants.Z_MAX_CHUNK,supported,supported,supported,supported,supported,unsupported
zlib,constants.Z_MAX_LEVEL,supported,supported,supported,supported,supported,unsupported
zlib,constants.Z_MAX_MEMLEVEL,supported,supported,supported,supported,supported,unsupported
zlib,constants.Z_MAX_WINDOWBITS,supported,supported,supported,supported,supported,unsupported
zlib,constants.Z_MEM_ERROR,supported,supported,supported,supported,supported,unsupported
zlib,constants.Z_MIN_CHUNK,supported,supported,supported,supported,supported,unsupported
zlib,constants.Z_MIN_LEVEL,supported,supported,supported,supported,supported,unsupported
zlib,constants.Z_MIN_MEMLEVEL,supported,supported,supported,supported,supported,unsupported
zlib,constants.Z_MIN_WINDOWBITS,supported,supported,supported,supported,supported,unsupported
zlib,constants.Z_NEED_DICT,supported,supported,supported,supported,supported,unsupported
zlib,constants.Z_NO_COMPRESSION,supported,supported,supported,supported,supported,unsupported
zlib,constants.Z_NO_FLUSH,supported,supported,supported,supported,supported,unsupported
zlib,constants.Z_OK,supported,supported,supported,supported,supported,unsupported
zlib,constants.Z_PARTIAL_FLUSH,supported,supported,supported,supported,supported,unsupported
zlib,constants.Z_RLE,supported,supported,supported,supported,supported,unsupported
zlib,constants.Z_STREAM_END,supported,supported,supported,supported,supported,unsupported
zlib,constants.Z_STREAM_ERROR,supported,supported,supported,supported,supported,unsupported
zlib,constants.Z_SYNC_FLUSH,supported,supported,supported,supported,supported,unsupported
zlib,constants.Z_VERSION_ERROR,supported,supported,supported,supported,supported,unsupported
zlib,crc32,supported,supported,supported,supported,supported,unsupported
zlib,createBrotliCompress,supported,supported,supported,supported,supported,unsupported
zlib,createBrotliDecompress,supported,supported,supported,supported,supported,unsupported
zlib,createDeflate,supported,supported,supported,supported,supported,unsupported
zlib,createDeflateRaw,supported,supported,supported,supported,supported,unsupported
zlib,createGunzip,supported,supported,supported,supported,supported,unsupported
zlib,createGzip,supported,supported,supported,supported,supported,unsupported
zlib,createInflate,supported,supported,supported,supported,supported,unsupported
zlib,createInflateRaw,supported,supported,supported,supported,supported,unsupported
zlib,createUnzip,supported,supported,supported,supported,supported,unsupported
zlib,deflate,supported,supported,supported,supported,supported,unsupported
zlib,deflateRaw,supported,supported,supported,supported,supported,unsupported
zlib,deflateRawSync,supported,supported,supported,supported,supported,unsupported
zlib,deflateSync,supported,supported,supported,supported,supported,unsupported
zlib,gunzip,supported,supported,supported,supported,supported,unsupported
zlib,gunzipSync,supported,supported,supported,supported,supported,unsupported
zlib,gzip,supported,supported,supported,supported,supported,unsupported
zlib,gzipSync,supported,supported,supported,supported,supported,unsupported
zlib,inflate,supported,supported,supported,supported,supported,unsupported
zlib,inflateRaw,supported,supported,supported,supported,supported,unsupported
zlib,inflateRawSync,supported,supported,supported,supported,supported,unsupported
zlib,inflateSync,supported,supported,supported,supported,supported,unsupported
zlib,unzip,supported,supported,supported,supported,supported,unsupported
zlib,unzipSync,supported,supported,supported,supported,supported,unsupported